#-----------------------------------------------------------
# Vivado v2019.1 (64-bit)
# SW Build 2552052 on Fri May 24 14:49:42 MDT 2019
# IP Build 2548770 on Fri May 24 18:01:18 MDT 2019
# Start of session at: Thu Apr 10 15:22:39 2025
# Process ID: 26960
# Current directory: F:/AD/experiment/ad9280_ethernet
# Command line: vivado.exe -gui_launcher_event rodinguilauncherevent26232 F:\AD\experiment\ad9280_ethernet\adc_ethernet.xpr
# Log file: F:/AD/experiment/ad9280_ethernet/vivado.log
# Journal file: F:/AD/experiment/ad9280_ethernet\vivado.jou
#-----------------------------------------------------------
start_gui
open_project F:/AD/experiment/ad9280_ethernet/adc_ethernet.xpr
Scanning sources...
Finished scanning sources
INFO: [IP_Flow 19-234] Refreshing IP repositories
INFO: [IP_Flow 19-1704] No user IP repositories specified
INFO: [IP_Flow 19-2313] Loaded Vivado IP repository 'E:/xilinx_SDK/Vivado/2019.1/data/ip'.
open_project: Time (s): cpu = 00:00:03 ; elapsed = 00:00:08 . Memory (MB): peak = 811.273 ; gain = 143.723
update_compile_order -fileset sources_1
create_ip -name cordic -vendor xilinx.com -library ip -version 6.0 -module_name cordic_0 -dir f:/AD/experiment/ad9280_ethernet/adc_ethernet.srcs/sources_1/ip
set_property -dict [list CONFIG.Pipelining_Mode {Optimal} CONFIG.Compensation_Scaling {LUT_based}] [get_ips cordic_0]
generate_target {instantiation_template} [get_files f:/AD/experiment/ad9280_ethernet/adc_ethernet.srcs/sources_1/ip/cordic_0/cordic_0.xci]
INFO: [IP_Flow 19-1686] Generating 'Instantiation Template' target for IP 'cordic_0'...
generate_target all [get_files  f:/AD/experiment/ad9280_ethernet/adc_ethernet.srcs/sources_1/ip/cordic_0/cordic_0.xci]
INFO: [IP_Flow 19-1686] Generating 'Synthesis' target for IP 'cordic_0'...
INFO: [IP_Flow 19-1686] Generating 'Simulation' target for IP 'cordic_0'...
INFO: [IP_Flow 19-1686] Generating 'C Simulation' target for IP 'cordic_0'...
INFO: [IP_Flow 19-1686] Generating 'Test Bench' target for IP 'cordic_0'...
INFO: [IP_Flow 19-1686] Generating 'Change Log' target for IP 'cordic_0'...
export_ip_user_files -of_objects [get_files f:/AD/experiment/ad9280_ethernet/adc_ethernet.srcs/sources_1/ip/cordic_0/cordic_0.xci] -no_script -sync -force -quiet
create_ip_run [get_files -of_objects [get_fileset sources_1] f:/AD/experiment/ad9280_ethernet/adc_ethernet.srcs/sources_1/ip/cordic_0/cordic_0.xci]
launch_runs -jobs 10 cordic_0_synth_1
[Thu Apr 10 15:52:47 2025] Launched cordic_0_synth_1...
Run output will be captured here: F:/AD/experiment/ad9280_ethernet/adc_ethernet.runs/cordic_0_synth_1/runme.log
export_simulation -of_objects [get_files f:/AD/experiment/ad9280_ethernet/adc_ethernet.srcs/sources_1/ip/cordic_0/cordic_0.xci] -directory F:/AD/experiment/ad9280_ethernet/ddr3_ov5640_an430_lcd.ip_user_files/sim_scripts -ip_user_files_dir F:/AD/experiment/ad9280_ethernet/ddr3_ov5640_an430_lcd.ip_user_files -ipstatic_source_dir F:/AD/experiment/ad9280_ethernet/ddr3_ov5640_an430_lcd.ip_user_files/ipstatic -lib_map_path [list {modelsim=F:/AD/experiment/ad9280_ethernet/adc_ethernet.cache/compile_simlib/modelsim} {questa=F:/AD/experiment/ad9280_ethernet/adc_ethernet.cache/compile_simlib/questa} {riviera=F:/AD/experiment/ad9280_ethernet/adc_ethernet.cache/compile_simlib/riviera} {activehdl=F:/AD/experiment/ad9280_ethernet/adc_ethernet.cache/compile_simlib/activehdl}] -use_ip_compiled_libs -force -quiet
set_property -dict [list CONFIG.Functional_Selection {Translate} CONFIG.Data_Format {SignedFraction} CONFIG.Compensation_Scaling {LUT_based}] [get_ips cordic_0]
generate_target all [get_files  f:/AD/experiment/ad9280_ethernet/adc_ethernet.srcs/sources_1/ip/cordic_0/cordic_0.xci]
INFO: [IP_Flow 19-1686] Generating 'Instantiation Template' target for IP 'cordic_0'...
INFO: [IP_Flow 19-1686] Generating 'Synthesis' target for IP 'cordic_0'...
INFO: [IP_Flow 19-1686] Generating 'Simulation' target for IP 'cordic_0'...
INFO: [IP_Flow 19-1686] Generating 'C Simulation' target for IP 'cordic_0'...
INFO: [IP_Flow 19-1686] Generating 'Test Bench' target for IP 'cordic_0'...
INFO: [IP_Flow 19-1686] Generating 'Change Log' target for IP 'cordic_0'...
export_ip_user_files -of_objects [get_files f:/AD/experiment/ad9280_ethernet/adc_ethernet.srcs/sources_1/ip/cordic_0/cordic_0.xci] -no_script -sync -force -quiet
reset_run cordic_0_synth_1
launch_runs -jobs 10 cordic_0_synth_1
[Thu Apr 10 16:44:42 2025] Launched cordic_0_synth_1...
Run output will be captured here: F:/AD/experiment/ad9280_ethernet/adc_ethernet.runs/cordic_0_synth_1/runme.log
export_simulation -of_objects [get_files f:/AD/experiment/ad9280_ethernet/adc_ethernet.srcs/sources_1/ip/cordic_0/cordic_0.xci] -directory F:/AD/experiment/ad9280_ethernet/ddr3_ov5640_an430_lcd.ip_user_files/sim_scripts -ip_user_files_dir F:/AD/experiment/ad9280_ethernet/ddr3_ov5640_an430_lcd.ip_user_files -ipstatic_source_dir F:/AD/experiment/ad9280_ethernet/ddr3_ov5640_an430_lcd.ip_user_files/ipstatic -lib_map_path [list {modelsim=F:/AD/experiment/ad9280_ethernet/adc_ethernet.cache/compile_simlib/modelsim} {questa=F:/AD/experiment/ad9280_ethernet/adc_ethernet.cache/compile_simlib/questa} {riviera=F:/AD/experiment/ad9280_ethernet/adc_ethernet.cache/compile_simlib/riviera} {activehdl=F:/AD/experiment/ad9280_ethernet/adc_ethernet.cache/compile_simlib/activehdl}] -use_ip_compiled_libs -force -quiet
reset_property  ALL_PROPS  [get_ips cordic_0]
set_property -dict [list CONFIG.Functional_Selection {Square_Root} CONFIG.Pipelining_Mode {Optimal} CONFIG.Data_Format {UnsignedInteger} CONFIG.Round_Mode {Nearest_Even} CONFIG.Output_Width {9} CONFIG.Coarse_Rotation {false} CONFIG.Compensation_Scaling {No_Scale_Compensation}] [get_ips cordic_0]
generate_target all [get_files  f:/AD/experiment/ad9280_ethernet/adc_ethernet.srcs/sources_1/ip/cordic_0/cordic_0.xci]
INFO: [IP_Flow 19-1686] Generating 'Instantiation Template' target for IP 'cordic_0'...
INFO: [IP_Flow 19-1686] Generating 'Synthesis' target for IP 'cordic_0'...
INFO: [IP_Flow 19-1686] Generating 'Simulation' target for IP 'cordic_0'...
INFO: [IP_Flow 19-1686] Generating 'C Simulation' target for IP 'cordic_0'...
INFO: [IP_Flow 19-1686] Generating 'Test Bench' target for IP 'cordic_0'...
INFO: [IP_Flow 19-1686] Generating 'Change Log' target for IP 'cordic_0'...
export_ip_user_files -of_objects [get_files f:/AD/experiment/ad9280_ethernet/adc_ethernet.srcs/sources_1/ip/cordic_0/cordic_0.xci] -no_script -sync -force -quiet
reset_run cordic_0_synth_1
launch_runs -jobs 10 cordic_0_synth_1
[Fri Apr 11 10:45:55 2025] Launched cordic_0_synth_1...
Run output will be captured here: F:/AD/experiment/ad9280_ethernet/adc_ethernet.runs/cordic_0_synth_1/runme.log
export_simulation -of_objects [get_files f:/AD/experiment/ad9280_ethernet/adc_ethernet.srcs/sources_1/ip/cordic_0/cordic_0.xci] -directory F:/AD/experiment/ad9280_ethernet/ddr3_ov5640_an430_lcd.ip_user_files/sim_scripts -ip_user_files_dir F:/AD/experiment/ad9280_ethernet/ddr3_ov5640_an430_lcd.ip_user_files -ipstatic_source_dir F:/AD/experiment/ad9280_ethernet/ddr3_ov5640_an430_lcd.ip_user_files/ipstatic -lib_map_path [list {modelsim=F:/AD/experiment/ad9280_ethernet/adc_ethernet.cache/compile_simlib/modelsim} {questa=F:/AD/experiment/ad9280_ethernet/adc_ethernet.cache/compile_simlib/questa} {riviera=F:/AD/experiment/ad9280_ethernet/adc_ethernet.cache/compile_simlib/riviera} {activehdl=F:/AD/experiment/ad9280_ethernet/adc_ethernet.cache/compile_simlib/activehdl}] -use_ip_compiled_libs -force -quiet
create_ip -name cordic -vendor xilinx.com -library ip -version 6.0 -module_name my_cordic_1 -dir f:/AD/experiment/ad9280_ethernet/adc_ethernet.srcs/sources_1/ip
set_property -dict [list CONFIG.Component_Name {my_cordic_1} CONFIG.Functional_Selection {Square_Root} CONFIG.Pipelining_Mode {Optimal} CONFIG.Data_Format {UnsignedInteger} CONFIG.Output_Width {9} CONFIG.Coarse_Rotation {false}] [get_ips my_cordic_1]
WARNING: [Vivado 12-3523] Attempt to change 'Component_Name' from 'my_cordic_1' to 'my_cordic_1' is not allowed and is ignored.
generate_target {instantiation_template} [get_files f:/AD/experiment/ad9280_ethernet/adc_ethernet.srcs/sources_1/ip/my_cordic_1/my_cordic_1.xci]
INFO: [IP_Flow 19-1686] Generating 'Instantiation Template' target for IP 'my_cordic_1'...
generate_target all [get_files  f:/AD/experiment/ad9280_ethernet/adc_ethernet.srcs/sources_1/ip/my_cordic_1/my_cordic_1.xci]
INFO: [IP_Flow 19-1686] Generating 'Synthesis' target for IP 'my_cordic_1'...
INFO: [IP_Flow 19-1686] Generating 'Simulation' target for IP 'my_cordic_1'...
INFO: [IP_Flow 19-1686] Generating 'C Simulation' target for IP 'my_cordic_1'...
INFO: [IP_Flow 19-1686] Generating 'Test Bench' target for IP 'my_cordic_1'...
INFO: [IP_Flow 19-1686] Generating 'Change Log' target for IP 'my_cordic_1'...
export_ip_user_files -of_objects [get_files f:/AD/experiment/ad9280_ethernet/adc_ethernet.srcs/sources_1/ip/my_cordic_1/my_cordic_1.xci] -no_script -sync -force -quiet
create_ip_run [get_files -of_objects [get_fileset sources_1] f:/AD/experiment/ad9280_ethernet/adc_ethernet.srcs/sources_1/ip/my_cordic_1/my_cordic_1.xci]
launch_runs -jobs 10 my_cordic_1_synth_1
[Sat Apr 12 18:24:59 2025] Launched my_cordic_1_synth_1...
Run output will be captured here: F:/AD/experiment/ad9280_ethernet/adc_ethernet.runs/my_cordic_1_synth_1/runme.log
export_simulation -of_objects [get_files f:/AD/experiment/ad9280_ethernet/adc_ethernet.srcs/sources_1/ip/my_cordic_1/my_cordic_1.xci] -directory F:/AD/experiment/ad9280_ethernet/ddr3_ov5640_an430_lcd.ip_user_files/sim_scripts -ip_user_files_dir F:/AD/experiment/ad9280_ethernet/ddr3_ov5640_an430_lcd.ip_user_files -ipstatic_source_dir F:/AD/experiment/ad9280_ethernet/ddr3_ov5640_an430_lcd.ip_user_files/ipstatic -lib_map_path [list {modelsim=F:/AD/experiment/ad9280_ethernet/adc_ethernet.cache/compile_simlib/modelsim} {questa=F:/AD/experiment/ad9280_ethernet/adc_ethernet.cache/compile_simlib/questa} {riviera=F:/AD/experiment/ad9280_ethernet/adc_ethernet.cache/compile_simlib/riviera} {activehdl=F:/AD/experiment/ad9280_ethernet/adc_ethernet.cache/compile_simlib/activehdl}] -use_ip_compiled_libs -force -quiet
synth_design -rtl -name rtl_1
Command: synth_design -rtl -name rtl_1
Starting synth_design
Using part: xc7a100tfgg484-2
Top: top
INFO: [Device 21-403] Loading part xc7a100tfgg484-2
WARNING: [Synth 8-6901] identifier 'fifo_rdusedw' is used before its declaration [F:/AD/experiment/ad9280_ethernet/adc_ethernet.srcs/sources_1/mac/mac_ctrl.v:143]
WARNING: [Synth 8-976] rgmii_rx_ctl_delay has already been declared [F:/AD/experiment/ad9280_ethernet/adc_ethernet.srcs/sources_1/util_gmii_to_rgmii.v:74]
WARNING: [Synth 8-2654] second declaration of rgmii_rx_ctl_delay ignored [F:/AD/experiment/ad9280_ethernet/adc_ethernet.srcs/sources_1/util_gmii_to_rgmii.v:74]
INFO: [Synth 8-994] rgmii_rx_ctl_delay is declared here [F:/AD/experiment/ad9280_ethernet/adc_ethernet.srcs/sources_1/util_gmii_to_rgmii.v:50]
---------------------------------------------------------------------------------
Starting RTL Elaboration : Time (s): cpu = 00:00:01 ; elapsed = 00:00:02 . Memory (MB): peak = 1456.789 ; gain = 173.746
---------------------------------------------------------------------------------
INFO: [Synth 8-6157] synthesizing module 'top' [F:/AD/experiment/ad9280_ethernet/adc_ethernet.srcs/sources_1/top.v:30]
	Parameter MEM_DATA_BITS bound to: 64 - type: integer 
	Parameter ADDR_BITS bound to: 25 - type: integer 
	Parameter BUSRT_BITS bound to: 10 - type: integer 
INFO: [Synth 8-6157] synthesizing module 'IBUFGDS' [E:/xilinx_SDK/Vivado/2019.1/scripts/rt/data/unisim_comp.v:33335]
	Parameter CAPACITANCE bound to: DONT_CARE - type: string 
	Parameter DIFF_TERM bound to: FALSE - type: string 
	Parameter IBUF_DELAY_VALUE bound to: 0 - type: string 
	Parameter IBUF_LOW_PWR bound to: TRUE - type: string 
	Parameter IOSTANDARD bound to: DEFAULT - type: string 
INFO: [Synth 8-6155] done synthesizing module 'IBUFGDS' (1#1) [E:/xilinx_SDK/Vivado/2019.1/scripts/rt/data/unisim_comp.v:33335]
INFO: [Synth 8-6157] synthesizing module 'adc_pll' [F:/AD/experiment/ad9280_ethernet/.Xil/Vivado-26960-FranklinY9000P/realtime/adc_pll_stub.v:5]
INFO: [Synth 8-6155] done synthesizing module 'adc_pll' (2#1) [F:/AD/experiment/ad9280_ethernet/.Xil/Vivado-26960-FranklinY9000P/realtime/adc_pll_stub.v:5]
INFO: [Synth 8-6157] synthesizing module 'smi_config' [F:/AD/experiment/ad9280_ethernet/adc_ethernet.srcs/sources_1/mdio/smi_config.v:2]
	Parameter REF_CLK bound to: 50000 - type: integer 
	Parameter MDC_CLK bound to: 500 - type: integer 
	Parameter IDLE bound to: 17'b00000000000000001 
	Parameter W_PAGE_0A43 bound to: 17'b00000000000000010 
	Parameter R_CHECK bound to: 17'b00000000000000100 
	Parameter ETH_UNLINK bound to: 17'b00000000000001000 
	Parameter ETH_1000M bound to: 17'b00000000000010000 
	Parameter ETH_100M bound to: 17'b00000000000100000 
	Parameter ETH_10M bound to: 17'b00000000001000000 
	Parameter R_WAIT bound to: 17'b00000000010000000 
	Parameter W_PAGE_171 bound to: 17'b00000000100000000 
	Parameter R_REG_16 bound to: 17'b00000001000000000 
	Parameter W_REG_16 bound to: 17'b00000010000000000 
	Parameter R_REG_17 bound to: 17'b00000100000000000 
	Parameter W_REG_17 bound to: 17'b00001000000000000 
	Parameter RW_END bound to: 17'b00010000000000000 
	Parameter R_REG_1A bound to: 17'b00100000000000000 
	Parameter READ_ID bound to: 17'b01000000000000000 
	Parameter CHECK_ID bound to: 17'b10000000000000000 
INFO: [Synth 8-5534] Detected attribute (* MARK_DEBUG = "true" *) [F:/AD/experiment/ad9280_ethernet/adc_ethernet.srcs/sources_1/mdio/smi_config.v:14]
INFO: [Synth 8-5534] Detected attribute (* MARK_DEBUG = "true" *) [F:/AD/experiment/ad9280_ethernet/adc_ethernet.srcs/sources_1/mdio/smi_config.v:15]
INFO: [Synth 8-5534] Detected attribute (* MARK_DEBUG = "true" *) [F:/AD/experiment/ad9280_ethernet/adc_ethernet.srcs/sources_1/mdio/smi_config.v:20]
INFO: [Synth 8-5534] Detected attribute (* MARK_DEBUG = "true" *) [F:/AD/experiment/ad9280_ethernet/adc_ethernet.srcs/sources_1/mdio/smi_config.v:21]
INFO: [Synth 8-5534] Detected attribute (* MARK_DEBUG = "true" *) [F:/AD/experiment/ad9280_ethernet/adc_ethernet.srcs/sources_1/mdio/smi_config.v:22]
INFO: [Synth 8-5534] Detected attribute (* MARK_DEBUG = "true" *) [F:/AD/experiment/ad9280_ethernet/adc_ethernet.srcs/sources_1/mdio/smi_config.v:23]
INFO: [Synth 8-5534] Detected attribute (* MARK_DEBUG = "true" *) [F:/AD/experiment/ad9280_ethernet/adc_ethernet.srcs/sources_1/mdio/smi_config.v:26]
INFO: [Synth 8-5534] Detected attribute (* MARK_DEBUG = "true" *) [F:/AD/experiment/ad9280_ethernet/adc_ethernet.srcs/sources_1/mdio/smi_config.v:27]
INFO: [Synth 8-5534] Detected attribute (* MARK_DEBUG = "true" *) [F:/AD/experiment/ad9280_ethernet/adc_ethernet.srcs/sources_1/mdio/smi_config.v:28]
INFO: [Synth 8-5534] Detected attribute (* MARK_DEBUG = "true" *) [F:/AD/experiment/ad9280_ethernet/adc_ethernet.srcs/sources_1/mdio/smi_config.v:29]
INFO: [Synth 8-5534] Detected attribute (* MARK_DEBUG = "true" *) [F:/AD/experiment/ad9280_ethernet/adc_ethernet.srcs/sources_1/mdio/smi_config.v:66]
INFO: [Synth 8-6157] synthesizing module 'smi_read_write' [F:/AD/experiment/ad9280_ethernet/adc_ethernet.srcs/sources_1/mdio/smi_read_write.v:2]
	Parameter REF_CLK bound to: 50000 - type: integer 
	Parameter MDC_CLK bound to: 500 - type: integer 
	Parameter HALF_CYCLE bound to: 50 - type: integer 
	Parameter CYCLE bound to: 100 - type: integer 
	Parameter ST bound to: 2'b01 
	Parameter W_OP bound to: 2'b01 
	Parameter R_OP bound to: 2'b10 
	Parameter W_TA bound to: 2'b10 
	Parameter IDLE bound to: 10'b0000000001 
	Parameter WAIT_REQ bound to: 10'b0000000010 
	Parameter W_MDIO bound to: 10'b0000000100 
	Parameter R_MDIO bound to: 10'b0000001000 
	Parameter R_TA_Z bound to: 10'b0000010000 
	Parameter R_DATA bound to: 10'b0000100000 
	Parameter W_END bound to: 10'b0001000000 
	Parameter R_END bound to: 10'b0010000000 
	Parameter R_TA_0 bound to: 10'b0100000000 
	Parameter END_WAIT bound to: 10'b1000000000 
INFO: [Synth 8-5534] Detected attribute (* MARK_DEBUG = "true" *) [F:/AD/experiment/ad9280_ethernet/adc_ethernet.srcs/sources_1/mdio/smi_read_write.v:34]
INFO: [Synth 8-5534] Detected attribute (* MARK_DEBUG = "true" *) [F:/AD/experiment/ad9280_ethernet/adc_ethernet.srcs/sources_1/mdio/smi_read_write.v:35]
INFO: [Synth 8-5534] Detected attribute (* MARK_DEBUG = "true" *) [F:/AD/experiment/ad9280_ethernet/adc_ethernet.srcs/sources_1/mdio/smi_read_write.v:39]
INFO: [Synth 8-5534] Detected attribute (* MARK_DEBUG = "true" *) [F:/AD/experiment/ad9280_ethernet/adc_ethernet.srcs/sources_1/mdio/smi_read_write.v:40]
INFO: [Synth 8-5534] Detected attribute (* MARK_DEBUG = "true" *) [F:/AD/experiment/ad9280_ethernet/adc_ethernet.srcs/sources_1/mdio/smi_read_write.v:41]
INFO: [Synth 8-5534] Detected attribute (* MARK_DEBUG = "true" *) [F:/AD/experiment/ad9280_ethernet/adc_ethernet.srcs/sources_1/mdio/smi_read_write.v:42]
INFO: [Synth 8-5534] Detected attribute (* MARK_DEBUG = "true" *) [F:/AD/experiment/ad9280_ethernet/adc_ethernet.srcs/sources_1/mdio/smi_read_write.v:43]
INFO: [Synth 8-5534] Detected attribute (* MARK_DEBUG = "true" *) [F:/AD/experiment/ad9280_ethernet/adc_ethernet.srcs/sources_1/mdio/smi_read_write.v:94]
INFO: [Synth 8-6157] synthesizing module 'IOBUF' [E:/xilinx_SDK/Vivado/2019.1/scripts/rt/data/unisim_comp.v:36115]
	Parameter DRIVE bound to: 12 - type: integer 
	Parameter IBUF_LOW_PWR bound to: TRUE - type: string 
	Parameter IOSTANDARD bound to: DEFAULT - type: string 
	Parameter SLEW bound to: SLOW - type: string 
INFO: [Synth 8-6155] done synthesizing module 'IOBUF' (3#1) [E:/xilinx_SDK/Vivado/2019.1/scripts/rt/data/unisim_comp.v:36115]
INFO: [Synth 8-6157] synthesizing module 'ODDR' [E:/xilinx_SDK/Vivado/2019.1/scripts/rt/data/unisim_comp.v:49468]
	Parameter DDR_CLK_EDGE bound to: OPPOSITE_EDGE - type: string 
	Parameter INIT bound to: 1'b0 
	Parameter IS_C_INVERTED bound to: 1'b0 
	Parameter IS_D1_INVERTED bound to: 1'b0 
	Parameter IS_D2_INVERTED bound to: 1'b0 
	Parameter SRTYPE bound to: SYNC - type: string 
INFO: [Synth 8-6155] done synthesizing module 'ODDR' (4#1) [E:/xilinx_SDK/Vivado/2019.1/scripts/rt/data/unisim_comp.v:49468]
INFO: [Synth 8-6071] Mark debug on the nets applies keep_hierarchy on instance 'ODDR_inst'. This will prevent further optimization [F:/AD/experiment/ad9280_ethernet/adc_ethernet.srcs/sources_1/mdio/smi_read_write.v:71]
INFO: [Synth 8-6071] Mark debug on the nets applies keep_hierarchy on instance 'IOBUF_inst'. This will prevent further optimization [F:/AD/experiment/ad9280_ethernet/adc_ethernet.srcs/sources_1/mdio/smi_read_write.v:58]
INFO: [Synth 8-6155] done synthesizing module 'smi_read_write' (5#1) [F:/AD/experiment/ad9280_ethernet/adc_ethernet.srcs/sources_1/mdio/smi_read_write.v:2]
WARNING: [Synth 8-7023] instance 'smi_inst' of module 'smi_read_write' has 14 connections declared, but only 12 given [F:/AD/experiment/ad9280_ethernet/adc_ethernet.srcs/sources_1/mdio/smi_config.v:321]
INFO: [Synth 8-6071] Mark debug on the nets applies keep_hierarchy on instance 'smi_inst'. This will prevent further optimization [F:/AD/experiment/ad9280_ethernet/adc_ethernet.srcs/sources_1/mdio/smi_config.v:321]
INFO: [Synth 8-6155] done synthesizing module 'smi_config' (6#1) [F:/AD/experiment/ad9280_ethernet/adc_ethernet.srcs/sources_1/mdio/smi_config.v:2]
WARNING: [Synth 8-7023] instance 'smi_config_inst0' of module 'smi_config' has 6 connections declared, but only 4 given [F:/AD/experiment/ad9280_ethernet/adc_ethernet.srcs/sources_1/top.v:249]
WARNING: [Synth 8-7023] instance 'smi_config_inst1' of module 'smi_config' has 6 connections declared, but only 4 given [F:/AD/experiment/ad9280_ethernet/adc_ethernet.srcs/sources_1/top.v:257]
INFO: [Synth 8-6157] synthesizing module 'reset' [F:/AD/experiment/ad9280_ethernet/adc_ethernet.srcs/sources_1/new/reset.v:2]
INFO: [Synth 8-6155] done synthesizing module 'reset' (7#1) [F:/AD/experiment/ad9280_ethernet/adc_ethernet.srcs/sources_1/new/reset.v:2]
WARNING: [Synth 8-4446] all outputs are unconnected for this instance and logic may be removed [F:/AD/experiment/ad9280_ethernet/adc_ethernet.srcs/sources_1/top.v:297]
INFO: [Synth 8-6157] synthesizing module 'IDELAYCTRL' [E:/xilinx_SDK/Vivado/2019.1/scripts/rt/data/unisim_comp.v:34933]
	Parameter SIM_DEVICE bound to: 7SERIES - type: string 
INFO: [Synth 8-6155] done synthesizing module 'IDELAYCTRL' (8#1) [E:/xilinx_SDK/Vivado/2019.1/scripts/rt/data/unisim_comp.v:34933]
INFO: [Synth 8-6157] synthesizing module 'util_gmii_to_rgmii' [F:/AD/experiment/ad9280_ethernet/adc_ethernet.srcs/sources_1/util_gmii_to_rgmii.v:2]
	Parameter IDELAY_VALUE bound to: 0 - type: integer 
INFO: [Synth 8-6157] synthesizing module 'ODDR__parameterized0' [E:/xilinx_SDK/Vivado/2019.1/scripts/rt/data/unisim_comp.v:49468]
	Parameter DDR_CLK_EDGE bound to: SAME_EDGE - type: string 
	Parameter INIT bound to: 1'b0 
	Parameter IS_C_INVERTED bound to: 1'b0 
	Parameter IS_D1_INVERTED bound to: 1'b0 
	Parameter IS_D2_INVERTED bound to: 1'b0 
	Parameter SRTYPE bound to: SYNC - type: string 
INFO: [Synth 8-6155] done synthesizing module 'ODDR__parameterized0' (8#1) [E:/xilinx_SDK/Vivado/2019.1/scripts/rt/data/unisim_comp.v:49468]
INFO: [Synth 8-6157] synthesizing module 'IDELAYE2' [E:/xilinx_SDK/Vivado/2019.1/scripts/rt/data/unisim_comp.v:34946]
	Parameter CINVCTRL_SEL bound to: FALSE - type: string 
	Parameter DELAY_SRC bound to: IDATAIN - type: string 
	Parameter HIGH_PERFORMANCE_MODE bound to: FALSE - type: string 
	Parameter IDELAY_TYPE bound to: FIXED - type: string 
	Parameter IDELAY_VALUE bound to: 0 - type: integer 
	Parameter IS_C_INVERTED bound to: 1'b0 
	Parameter IS_DATAIN_INVERTED bound to: 1'b0 
	Parameter IS_IDATAIN_INVERTED bound to: 1'b0 
	Parameter PIPE_SEL bound to: FALSE - type: string 
	Parameter REFCLK_FREQUENCY bound to: 200.000000 - type: float 
	Parameter SIGNAL_PATTERN bound to: DATA - type: string 
	Parameter SIM_DELAY_D bound to: 0 - type: integer 
INFO: [Synth 8-6155] done synthesizing module 'IDELAYE2' (9#1) [E:/xilinx_SDK/Vivado/2019.1/scripts/rt/data/unisim_comp.v:34946]
INFO: [Synth 8-6157] synthesizing module 'IDDR' [E:/xilinx_SDK/Vivado/2019.1/scripts/rt/data/unisim_comp.v:34811]
	Parameter DDR_CLK_EDGE bound to: SAME_EDGE_PIPELINED - type: string 
	Parameter INIT_Q1 bound to: 1'b0 
	Parameter INIT_Q2 bound to: 1'b0 
	Parameter IS_C_INVERTED bound to: 1'b0 
	Parameter IS_D_INVERTED bound to: 1'b0 
	Parameter SRTYPE bound to: SYNC - type: string 
INFO: [Synth 8-6155] done synthesizing module 'IDDR' (10#1) [E:/xilinx_SDK/Vivado/2019.1/scripts/rt/data/unisim_comp.v:34811]
INFO: [Synth 8-6157] synthesizing module 'BUFG' [E:/xilinx_SDK/Vivado/2019.1/scripts/rt/data/unisim_comp.v:1075]
INFO: [Synth 8-6155] done synthesizing module 'BUFG' (11#1) [E:/xilinx_SDK/Vivado/2019.1/scripts/rt/data/unisim_comp.v:1075]
INFO: [Synth 8-6157] synthesizing module 'BUFIO' [E:/xilinx_SDK/Vivado/2019.1/scripts/rt/data/unisim_comp.v:1336]
INFO: [Synth 8-6155] done synthesizing module 'BUFIO' (12#1) [E:/xilinx_SDK/Vivado/2019.1/scripts/rt/data/unisim_comp.v:1336]
WARNING: [Synth 8-6014] Unused sequential element speed_selection_d0_reg was removed.  [F:/AD/experiment/ad9280_ethernet/adc_ethernet.srcs/sources_1/util_gmii_to_rgmii.v:80]
WARNING: [Synth 8-6014] Unused sequential element speed_selection_d1_reg was removed.  [F:/AD/experiment/ad9280_ethernet/adc_ethernet.srcs/sources_1/util_gmii_to_rgmii.v:81]
WARNING: [Synth 8-6014] Unused sequential element gmii_tx_er_r_d1_reg was removed.  [F:/AD/experiment/ad9280_ethernet/adc_ethernet.srcs/sources_1/util_gmii_to_rgmii.v:139]
INFO: [Synth 8-6155] done synthesizing module 'util_gmii_to_rgmii' (13#1) [F:/AD/experiment/ad9280_ethernet/adc_ethernet.srcs/sources_1/util_gmii_to_rgmii.v:2]
INFO: [Synth 8-6157] synthesizing module 'eth_top' [F:/AD/experiment/ad9280_ethernet/adc_ethernet.srcs/sources_1/mac/eth_top.v:1]
	Parameter LOCAL_IP_ADDR bound to: -1062731774 - type: integer 
	Parameter LOCAL_MAC_ADDR bound to: 48'b000000000000101000110101000000011111111011000000 
	Parameter UDP_SRC_PORT bound to: 16'b0001111110010000 
	Parameter UDP_DST_PORT bound to: 16'b0001111110010000 
	Parameter TTL bound to: 8'b10000000 
INFO: [Synth 8-6157] synthesizing module 'mac_top' [F:/AD/experiment/ad9280_ethernet/adc_ethernet.srcs/sources_1/mac/mac_top.v:7]
INFO: [Synth 8-6157] synthesizing module 'mac_tx_top' [F:/AD/experiment/ad9280_ethernet/adc_ethernet.srcs/sources_1/mac/tx/mac_tx_top.v:7]
INFO: [Synth 8-6157] synthesizing module 'mac_tx' [F:/AD/experiment/ad9280_ethernet/adc_ethernet.srcs/sources_1/mac/tx/mac_tx.v:8]
	Parameter SEND_IDLE bound to: 6'b000001 
	Parameter SEND_START bound to: 6'b000010 
	Parameter SEND_PREAMBLE bound to: 6'b000100 
	Parameter SEND_DATA bound to: 6'b001000 
	Parameter SEND_CRC bound to: 6'b010000 
	Parameter SEND_END bound to: 6'b100000 
INFO: [Synth 8-6155] done synthesizing module 'mac_tx' (14#1) [F:/AD/experiment/ad9280_ethernet/adc_ethernet.srcs/sources_1/mac/tx/mac_tx.v:8]
INFO: [Synth 8-6157] synthesizing module 'mac_tx_mode' [F:/AD/experiment/ad9280_ethernet/adc_ethernet.srcs/sources_1/mac/tx/mac_tx_mode.v:7]
	Parameter IDLE bound to: 3'b001 
	Parameter ARP bound to: 3'b010 
	Parameter IP bound to: 3'b100 
INFO: [Synth 8-6155] done synthesizing module 'mac_tx_mode' (15#1) [F:/AD/experiment/ad9280_ethernet/adc_ethernet.srcs/sources_1/mac/tx/mac_tx_mode.v:7]
INFO: [Synth 8-6157] synthesizing module 'crc' [F:/AD/experiment/ad9280_ethernet/adc_ethernet.srcs/sources_1/mac/crc.v:5]
	Parameter Tp bound to: 1 - type: integer 
INFO: [Synth 8-6155] done synthesizing module 'crc' (16#1) [F:/AD/experiment/ad9280_ethernet/adc_ethernet.srcs/sources_1/mac/crc.v:5]
INFO: [Synth 8-6157] synthesizing module 'arp_tx' [F:/AD/experiment/ad9280_ethernet/adc_ethernet.srcs/sources_1/mac/tx/arp_tx.v:7]
	Parameter mac_type bound to: 16'b0000100000000110 
	Parameter hardware_type bound to: 16'b0000000000000001 
	Parameter protocol_type bound to: 16'b0000100000000000 
	Parameter mac_length bound to: 8'b00000110 
	Parameter ip_length bound to: 8'b00000100 
	Parameter ARP_REQUEST_CODE bound to: 16'b0000000000000001 
	Parameter ARP_REPLY_CODE bound to: 16'b0000000000000010 
	Parameter IDLE bound to: 5'b00001 
	Parameter ARP_REQUEST_WAIT bound to: 5'b00010 
	Parameter ARP_REQUEST bound to: 5'b00100 
	Parameter ARP_REPLY_WAIT bound to: 5'b01000 
	Parameter ARP_REPLY bound to: 5'b10000 
INFO: [Synth 8-6155] done synthesizing module 'arp_tx' (17#1) [F:/AD/experiment/ad9280_ethernet/adc_ethernet.srcs/sources_1/mac/tx/arp_tx.v:7]
INFO: [Synth 8-6157] synthesizing module 'ip_tx' [F:/AD/experiment/ad9280_ethernet/adc_ethernet.srcs/sources_1/mac/tx/ip_tx.v:9]
	Parameter mac_type bound to: 16'b0000100000000000 
	Parameter ip_version bound to: 4'b0100 
	Parameter header_len bound to: 4'b0101 
	Parameter IDLE bound to: 6'b000001 
	Parameter WAIT_DATA_LENGTH bound to: 6'b000010 
	Parameter GEN_CHECKSUM bound to: 6'b000100 
	Parameter SEND_WAIT bound to: 6'b001000 
	Parameter WAIT_MAC bound to: 6'b010000 
	Parameter IP_SEND bound to: 6'b100000 
WARNING: [Synth 8-3848] Net ip_tx_busy in module/entity ip_tx does not have driver. [F:/AD/experiment/ad9280_ethernet/adc_ethernet.srcs/sources_1/mac/tx/ip_tx.v:28]
INFO: [Synth 8-6155] done synthesizing module 'ip_tx' (18#1) [F:/AD/experiment/ad9280_ethernet/adc_ethernet.srcs/sources_1/mac/tx/ip_tx.v:9]
WARNING: [Synth 8-7023] instance 'ip0' of module 'ip_tx' has 19 connections declared, but only 18 given [F:/AD/experiment/ad9280_ethernet/adc_ethernet.srcs/sources_1/mac/tx/mac_tx_top.v:158]
INFO: [Synth 8-6157] synthesizing module 'ip_tx_mode' [F:/AD/experiment/ad9280_ethernet/adc_ethernet.srcs/sources_1/mac/tx/ip_tx_mode.v:7]
	Parameter ip_udp_type bound to: 8'b00010001 
	Parameter ip_icmp_type bound to: 8'b00000001 
	Parameter IDLE bound to: 3'b001 
	Parameter UDP bound to: 3'b010 
	Parameter ICMP bound to: 3'b100 
INFO: [Synth 8-6155] done synthesizing module 'ip_tx_mode' (19#1) [F:/AD/experiment/ad9280_ethernet/adc_ethernet.srcs/sources_1/mac/tx/ip_tx_mode.v:7]
INFO: [Synth 8-6157] synthesizing module 'udp_tx' [F:/AD/experiment/ad9280_ethernet/adc_ethernet.srcs/sources_1/mac/tx/udp_tx.v:7]
	Parameter IDLE bound to: 7'b0000001 
	Parameter HEADER_CHECKSUM bound to: 7'b0000010 
	Parameter GEN_CHECKSUM bound to: 7'b0000100 
	Parameter GEN_ODD_CHECKSUM bound to: 7'b0001000 
	Parameter GEN_CHECKSUM_END bound to: 7'b0010000 
	Parameter SEND_WAIT bound to: 7'b0100000 
	Parameter UDP_SEND bound to: 7'b1000000 
WARNING: [Synth 8-6014] Unused sequential element ram_write_addr_reg was removed.  [F:/AD/experiment/ad9280_ethernet/adc_ethernet.srcs/sources_1/mac/tx/udp_tx.v:125]
WARNING: [Synth 8-6014] Unused sequential element ram_wr_data_d0_reg was removed.  [F:/AD/experiment/ad9280_ethernet/adc_ethernet.srcs/sources_1/mac/tx/udp_tx.v:150]
WARNING: [Synth 8-6014] Unused sequential element ram_wr_data_d1_reg was removed.  [F:/AD/experiment/ad9280_ethernet/adc_ethernet.srcs/sources_1/mac/tx/udp_tx.v:151]
WARNING: [Synth 8-6014] Unused sequential element ram_rdata_d1_reg was removed.  [F:/AD/experiment/ad9280_ethernet/adc_ethernet.srcs/sources_1/mac/tx/udp_tx.v:166]
WARNING: [Synth 8-3848] Net udp_ram_data_req in module/entity udp_tx does not have driver. [F:/AD/experiment/ad9280_ethernet/adc_ethernet.srcs/sources_1/mac/tx/udp_tx.v:24]
WARNING: [Synth 8-3848] Net udp_tx_end in module/entity udp_tx does not have driver. [F:/AD/experiment/ad9280_ethernet/adc_ethernet.srcs/sources_1/mac/tx/udp_tx.v:30]
INFO: [Synth 8-6155] done synthesizing module 'udp_tx' (20#1) [F:/AD/experiment/ad9280_ethernet/adc_ethernet.srcs/sources_1/mac/tx/udp_tx.v:7]
INFO: [Synth 8-6155] done synthesizing module 'mac_tx_top' (21#1) [F:/AD/experiment/ad9280_ethernet/adc_ethernet.srcs/sources_1/mac/tx/mac_tx_top.v:7]
INFO: [Synth 8-6157] synthesizing module 'mac_rx_top' [F:/AD/experiment/ad9280_ethernet/adc_ethernet.srcs/sources_1/mac/rx/mac_rx_top.v:7]
INFO: [Synth 8-6157] synthesizing module 'mac_rx' [F:/AD/experiment/ad9280_ethernet/adc_ethernet.srcs/sources_1/mac/rx/mac_rx.v:7]
	Parameter IDLE bound to: 8'b00000001 
	Parameter REC_PREAMBLE bound to: 8'b00000010 
	Parameter REC_MAC_HEAD bound to: 8'b00000100 
	Parameter REC_IDENTIFY bound to: 8'b00001000 
	Parameter REC_DATA bound to: 8'b00010000 
	Parameter REC_CRC bound to: 8'b00100000 
	Parameter REC_ERROR bound to: 8'b01000000 
	Parameter REC_END bound to: 8'b10000000 
WARNING: [Synth 8-6014] Unused sequential element rx_dv_d1_reg was removed.  [F:/AD/experiment/ad9280_ethernet/adc_ethernet.srcs/sources_1/mac/rx/mac_rx.v:200]
WARNING: [Synth 8-6014] Unused sequential element mac_crc_cnt_reg was removed.  [F:/AD/experiment/ad9280_ethernet/adc_ethernet.srcs/sources_1/mac/rx/mac_rx.v:238]
INFO: [Synth 8-6155] done synthesizing module 'mac_rx' (22#1) [F:/AD/experiment/ad9280_ethernet/adc_ethernet.srcs/sources_1/mac/rx/mac_rx.v:7]
INFO: [Synth 8-6157] synthesizing module 'ip_rx' [F:/AD/experiment/ad9280_ethernet/adc_ethernet.srcs/sources_1/mac/rx/ip_rx.v:7]
	Parameter IDLE bound to: 5'b00001 
	Parameter REC_HEADER0 bound to: 5'b00010 
	Parameter REC_HEADER1 bound to: 5'b00100 
	Parameter REC_DATA bound to: 5'b01000 
	Parameter REC_END bound to: 5'b10000 
WARNING: [Synth 8-6014] Unused sequential element ip_rx_data_d1_reg was removed.  [F:/AD/experiment/ad9280_ethernet/adc_ethernet.srcs/sources_1/mac/rx/ip_rx.v:170]
INFO: [Synth 8-6155] done synthesizing module 'ip_rx' (23#1) [F:/AD/experiment/ad9280_ethernet/adc_ethernet.srcs/sources_1/mac/rx/ip_rx.v:7]
INFO: [Synth 8-6157] synthesizing module 'udp_rx' [F:/AD/experiment/ad9280_ethernet/adc_ethernet.srcs/sources_1/mac/rx/udp_rx.v:7]
	Parameter IDLE bound to: 8'b00000001 
	Parameter REC_HEAD bound to: 8'b00000010 
	Parameter REC_DATA bound to: 8'b00000100 
	Parameter REC_ODD_DATA bound to: 8'b00001000 
	Parameter VERIFY_CHECKSUM bound to: 8'b00010000 
	Parameter REC_ERROR bound to: 8'b00100000 
	Parameter REC_END_WAIT bound to: 8'b01000000 
	Parameter REC_END bound to: 8'b10000000 
INFO: [Synth 8-6157] synthesizing module 'dpram' [F:/AD/experiment/ad9280_ethernet/adc_ethernet.srcs/sources_1/mac/dpram.v:1]
	Parameter WIDTH bound to: 8 - type: integer 
	Parameter DEPTH bound to: 11 - type: integer 
INFO: [Synth 8-6155] done synthesizing module 'dpram' (24#1) [F:/AD/experiment/ad9280_ethernet/adc_ethernet.srcs/sources_1/mac/dpram.v:1]
INFO: [Synth 8-6155] done synthesizing module 'udp_rx' (25#1) [F:/AD/experiment/ad9280_ethernet/adc_ethernet.srcs/sources_1/mac/rx/udp_rx.v:7]
INFO: [Synth 8-6157] synthesizing module 'arp_rx' [F:/AD/experiment/ad9280_ethernet/adc_ethernet.srcs/sources_1/mac/rx/arp_rx.v:7]
	Parameter ARP_REQUEST_CODE bound to: 16'b0000000000000001 
	Parameter ARP_REPLY_CODE bound to: 16'b0000000000000010 
	Parameter IDLE bound to: 4'b0001 
	Parameter ARP_REC_DATA bound to: 4'b0010 
	Parameter ARP_WAIT bound to: 4'b0100 
	Parameter ARP_END bound to: 4'b1000 
INFO: [Synth 8-6155] done synthesizing module 'arp_rx' (26#1) [F:/AD/experiment/ad9280_ethernet/adc_ethernet.srcs/sources_1/mac/rx/arp_rx.v:7]
WARNING: [Synth 8-7023] instance 'arp0' of module 'arp_rx' has 13 connections declared, but only 12 given [F:/AD/experiment/ad9280_ethernet/adc_ethernet.srcs/sources_1/mac/rx/mac_rx_top.v:161]
INFO: [Synth 8-6155] done synthesizing module 'mac_rx_top' (27#1) [F:/AD/experiment/ad9280_ethernet/adc_ethernet.srcs/sources_1/mac/rx/mac_rx_top.v:7]
INFO: [Synth 8-6157] synthesizing module 'icmp_reply' [F:/AD/experiment/ad9280_ethernet/adc_ethernet.srcs/sources_1/mac/icmp_reply.v:7]
	Parameter ECHO_REQUEST bound to: 8'b00001000 
	Parameter ECHO_REPLY bound to: 8'b00000000 
	Parameter IDLE bound to: 11'b00000000001 
	Parameter REC_DATA bound to: 11'b00000000010 
	Parameter REC_ODD_DATA bound to: 11'b00000000100 
	Parameter VERIFY_CHECKSUM bound to: 11'b00000001000 
	Parameter REC_ERROR bound to: 11'b00000010000 
	Parameter REC_END_WAIT bound to: 11'b00000100000 
	Parameter GEN_CHECKSUM bound to: 11'b00001000000 
	Parameter SEND_WAIT bound to: 11'b00010000000 
	Parameter SEND bound to: 11'b00100000000 
	Parameter REC_END bound to: 11'b01000000000 
	Parameter SEND_END bound to: 11'b10000000000 
INFO: [Synth 8-6157] synthesizing module 'dpram__parameterized0' [F:/AD/experiment/ad9280_ethernet/adc_ethernet.srcs/sources_1/mac/dpram.v:1]
	Parameter WIDTH bound to: 8 - type: integer 
	Parameter DEPTH bound to: 8 - type: integer 
INFO: [Synth 8-6155] done synthesizing module 'dpram__parameterized0' (27#1) [F:/AD/experiment/ad9280_ethernet/adc_ethernet.srcs/sources_1/mac/dpram.v:1]
WARNING: [Synth 8-689] width (11) of port connection 'rdaddress' does not match port width (8) of module 'dpram__parameterized0' [F:/AD/experiment/ad9280_ethernet/adc_ethernet.srcs/sources_1/mac/icmp_reply.v:313]
WARNING: [Synth 8-689] width (11) of port connection 'wraddress' does not match port width (8) of module 'dpram__parameterized0' [F:/AD/experiment/ad9280_ethernet/adc_ethernet.srcs/sources_1/mac/icmp_reply.v:314]
WARNING: [Synth 8-3848] Net icmp_tx_end in module/entity icmp_reply does not have driver. [F:/AD/experiment/ad9280_ethernet/adc_ethernet.srcs/sources_1/mac/icmp_reply.v:20]
INFO: [Synth 8-6155] done synthesizing module 'icmp_reply' (28#1) [F:/AD/experiment/ad9280_ethernet/adc_ethernet.srcs/sources_1/mac/icmp_reply.v:7]
INFO: [Synth 8-6157] synthesizing module 'arp_cache' [F:/AD/experiment/ad9280_ethernet/adc_ethernet.srcs/sources_1/mac/arp_cache.v:1]
INFO: [Synth 8-6155] done synthesizing module 'arp_cache' (29#1) [F:/AD/experiment/ad9280_ethernet/adc_ethernet.srcs/sources_1/mac/arp_cache.v:1]
INFO: [Synth 8-6155] done synthesizing module 'mac_top' (30#1) [F:/AD/experiment/ad9280_ethernet/adc_ethernet.srcs/sources_1/mac/mac_top.v:7]
INFO: [Synth 8-6157] synthesizing module 'eth_cmd' [F:/AD/experiment/ad9280_ethernet/adc_ethernet.srcs/sources_1/mac/eth_cmd.v:2]
	Parameter SAMPLE_RATE bound to: 32000000 - type: integer 
	Parameter SAMPLE_DEPTH bound to: 262144 - type: integer 
	Parameter DATA_SIGN bound to: 8'b00000001 
	Parameter DATA_LEN bound to: 8'b00001000 
	Parameter DATA_BYTE bound to: 8'b00000010 
	Parameter CMD_INQUIRY bound to: 65537 - type: integer 
	Parameter AD_DATA_REQ bound to: 65538 - type: integer 
	Parameter CMD_SEND_LEN bound to: 16'b0000000000011011 
	Parameter IDLE bound to: 7'b0000001 
	Parameter CMD_READ bound to: 7'b0000010 
	Parameter CMD_WAIT bound to: 7'b0000100 
	Parameter CMD_CHECK bound to: 7'b0001000 
	Parameter CMD_REPLY_WAIT bound to: 7'b0010000 
	Parameter CMD_REPLY bound to: 7'b0100000 
	Parameter CMD_END bound to: 7'b1000000 
WARNING: [Synth 8-6014] Unused sequential element ad_data_ack_d0_reg was removed.  [F:/AD/experiment/ad9280_ethernet/adc_ethernet.srcs/sources_1/mac/eth_cmd.v:140]
WARNING: [Synth 8-6014] Unused sequential element ad_data_ack_d1_reg was removed.  [F:/AD/experiment/ad9280_ethernet/adc_ethernet.srcs/sources_1/mac/eth_cmd.v:141]
WARNING: [Synth 8-6014] Unused sequential element ad_data_ack_d2_reg was removed.  [F:/AD/experiment/ad9280_ethernet/adc_ethernet.srcs/sources_1/mac/eth_cmd.v:142]
INFO: [Synth 8-6155] done synthesizing module 'eth_cmd' (31#1) [F:/AD/experiment/ad9280_ethernet/adc_ethernet.srcs/sources_1/mac/eth_cmd.v:2]
INFO: [Synth 8-6157] synthesizing module 'mac_ctrl' [F:/AD/experiment/ad9280_ethernet/adc_ethernet.srcs/sources_1/mac/mac_ctrl.v:7]
	Parameter AD_DATA_REQ bound to: 65538 - type: integer 
	Parameter IDLE bound to: 13'b0000000000001 
	Parameter CMD_WAIT bound to: 13'b0000000000010 
	Parameter CHECK_ARP bound to: 13'b0000000000100 
	Parameter ARP_REQ bound to: 13'b0000000001000 
	Parameter ARP_SEND bound to: 13'b0000000010000 
	Parameter ARP_WAIT bound to: 13'b0000000100000 
	Parameter WAIT bound to: 13'b0000001000000 
	Parameter CHECK_FIFO bound to: 13'b0000010000000 
	Parameter GEN_CMD_REQ bound to: 13'b0000100000000 
	Parameter GEN_AD_REQ bound to: 13'b0001000000000 
	Parameter CMD_SEND bound to: 13'b0010000000000 
	Parameter AD_SEND bound to: 13'b0100000000000 
	Parameter AD_SEND_WAIT bound to: 13'b1000000000000 
INFO: [Synth 8-6155] done synthesizing module 'mac_ctrl' (32#1) [F:/AD/experiment/ad9280_ethernet/adc_ethernet.srcs/sources_1/mac/mac_ctrl.v:7]
WARNING: [Synth 8-689] width (12) of port connection 'fifo_data_count' does not match port width (11) of module 'mac_ctrl' [F:/AD/experiment/ad9280_ethernet/adc_ethernet.srcs/sources_1/mac/eth_top.v:178]
INFO: [Synth 8-6155] done synthesizing module 'eth_top' (33#1) [F:/AD/experiment/ad9280_ethernet/adc_ethernet.srcs/sources_1/mac/eth_top.v:1]
WARNING: [Synth 8-689] width (16) of port connection 'fifo_data_count' does not match port width (12) of module 'eth_top' [F:/AD/experiment/ad9280_ethernet/adc_ethernet.srcs/sources_1/top.v:340]
INFO: [Synth 8-6157] synthesizing module 'ad9280_sample' [F:/AD/experiment/ad9280_ethernet/adc_ethernet.srcs/sources_1/ad/ad9280_sample.v:29]
	Parameter S_IDLE bound to: 0 - type: integer 
	Parameter S_REQ bound to: 1 - type: integer 
	Parameter S_ACK_WAIT bound to: 2 - type: integer 
	Parameter S_SAMPLE bound to: 3 - type: integer 
	Parameter S_WAIT bound to: 4 - type: integer 
WARNING: [Synth 8-5788] Register write_req_reg in module ad9280_sample is has both Set and reset with same priority. This may cause simulation mismatches. Consider rewriting code  [F:/AD/experiment/ad9280_ethernet/adc_ethernet.srcs/sources_1/ad/ad9280_sample.v:126]
INFO: [Synth 8-6155] done synthesizing module 'ad9280_sample' (34#1) [F:/AD/experiment/ad9280_ethernet/adc_ethernet.srcs/sources_1/ad/ad9280_sample.v:29]
INFO: [Synth 8-6157] synthesizing module 'frame_read_write' [F:/AD/experiment/ad9280_ethernet/adc_ethernet.srcs/sources_1/frame_read_write.v:31]
	Parameter MEM_DATA_BITS bound to: 64 - type: integer 
	Parameter READ_DATA_BITS bound to: 16 - type: integer 
	Parameter WRITE_DATA_BITS bound to: 16 - type: integer 
	Parameter ADDR_BITS bound to: 25 - type: integer 
	Parameter BUSRT_BITS bound to: 10 - type: integer 
	Parameter BURST_SIZE bound to: 64 - type: integer 
INFO: [Synth 8-6157] synthesizing module 'afifo_16i_64o_512' [F:/AD/experiment/ad9280_ethernet/.Xil/Vivado-26960-FranklinY9000P/realtime/afifo_16i_64o_512_stub.v:6]
INFO: [Synth 8-6155] done synthesizing module 'afifo_16i_64o_512' (35#1) [F:/AD/experiment/ad9280_ethernet/.Xil/Vivado-26960-FranklinY9000P/realtime/afifo_16i_64o_512_stub.v:6]
WARNING: [Synth 8-689] width (16) of port connection 'rd_data_count' does not match port width (7) of module 'afifo_16i_64o_512' [F:/AD/experiment/ad9280_ethernet/adc_ethernet.srcs/sources_1/frame_read_write.v:97]
INFO: [Synth 8-6157] synthesizing module 'frame_fifo_write' [F:/AD/experiment/ad9280_ethernet/adc_ethernet.srcs/sources_1/frame_fifo_write.v:31]
	Parameter MEM_DATA_BITS bound to: 64 - type: integer 
	Parameter ADDR_BITS bound to: 25 - type: integer 
	Parameter BUSRT_BITS bound to: 10 - type: integer 
	Parameter BURST_SIZE bound to: 64 - type: integer 
	Parameter ONE bound to: 256'b0000000000000000000000000000000000000000000000000000000000000000000000000000000000000000000000000000000000000000000000000000000000000000000000000000000000000000000000000000000000000000000000000000000000000000000000000000000000000000000000000000000000000001 
	Parameter ZERO bound to: 256'b0000000000000000000000000000000000000000000000000000000000000000000000000000000000000000000000000000000000000000000000000000000000000000000000000000000000000000000000000000000000000000000000000000000000000000000000000000000000000000000000000000000000000000 
	Parameter S_IDLE bound to: 0 - type: integer 
	Parameter S_ACK bound to: 1 - type: integer 
	Parameter S_CHECK_FIFO bound to: 2 - type: integer 
	Parameter S_WRITE_BURST bound to: 3 - type: integer 
	Parameter S_WRITE_BURST_END bound to: 4 - type: integer 
	Parameter S_END bound to: 5 - type: integer 
INFO: [Synth 8-6155] done synthesizing module 'frame_fifo_write' (36#1) [F:/AD/experiment/ad9280_ethernet/adc_ethernet.srcs/sources_1/frame_fifo_write.v:31]
INFO: [Synth 8-6157] synthesizing module 'afifo_64i_16o_128' [F:/AD/experiment/ad9280_ethernet/.Xil/Vivado-26960-FranklinY9000P/realtime/afifo_64i_16o_128_stub.v:6]
INFO: [Synth 8-6155] done synthesizing module 'afifo_64i_16o_128' (37#1) [F:/AD/experiment/ad9280_ethernet/.Xil/Vivado-26960-FranklinY9000P/realtime/afifo_64i_16o_128_stub.v:6]
WARNING: [Synth 8-689] width (16) of port connection 'rd_data_count' does not match port width (10) of module 'afifo_64i_16o_128' [F:/AD/experiment/ad9280_ethernet/adc_ethernet.srcs/sources_1/frame_read_write.v:143]
WARNING: [Synth 8-689] width (16) of port connection 'wr_data_count' does not match port width (8) of module 'afifo_64i_16o_128' [F:/AD/experiment/ad9280_ethernet/adc_ethernet.srcs/sources_1/frame_read_write.v:144]
WARNING: [Synth 8-7023] instance 'read_buf' of module 'afifo_64i_16o_128' has 13 connections declared, but only 11 given [F:/AD/experiment/ad9280_ethernet/adc_ethernet.srcs/sources_1/frame_read_write.v:133]
INFO: [Synth 8-6157] synthesizing module 'frame_fifo_read' [F:/AD/experiment/ad9280_ethernet/adc_ethernet.srcs/sources_1/frame_fifo_read.v:31]
	Parameter MEM_DATA_BITS bound to: 64 - type: integer 
	Parameter ADDR_BITS bound to: 25 - type: integer 
	Parameter BUSRT_BITS bound to: 10 - type: integer 
	Parameter FIFO_DEPTH bound to: 256 - type: integer 
	Parameter BURST_SIZE bound to: 64 - type: integer 
	Parameter ONE bound to: 256'b0000000000000000000000000000000000000000000000000000000000000000000000000000000000000000000000000000000000000000000000000000000000000000000000000000000000000000000000000000000000000000000000000000000000000000000000000000000000000000000000000000000000000001 
	Parameter ZERO bound to: 256'b0000000000000000000000000000000000000000000000000000000000000000000000000000000000000000000000000000000000000000000000000000000000000000000000000000000000000000000000000000000000000000000000000000000000000000000000000000000000000000000000000000000000000000 
	Parameter S_IDLE bound to: 0 - type: integer 
	Parameter S_ACK bound to: 1 - type: integer 
	Parameter S_WAIT bound to: 2 - type: integer 
	Parameter S_CHECK_FIFO bound to: 3 - type: integer 
	Parameter S_READ_BURST bound to: 4 - type: integer 
	Parameter S_READ_BURST_END bound to: 5 - type: integer 
	Parameter S_END bound to: 6 - type: integer 
INFO: [Synth 8-6155] done synthesizing module 'frame_fifo_read' (38#1) [F:/AD/experiment/ad9280_ethernet/adc_ethernet.srcs/sources_1/frame_fifo_read.v:31]
INFO: [Synth 8-6155] done synthesizing module 'frame_read_write' (39#1) [F:/AD/experiment/ad9280_ethernet/adc_ethernet.srcs/sources_1/frame_read_write.v:31]
WARNING: [Synth 8-689] width (32) of port connection 'read_len' does not match port width (25) of module 'frame_read_write' [F:/AD/experiment/ad9280_ethernet/adc_ethernet.srcs/sources_1/top.v:393]
WARNING: [Synth 8-689] width (32) of port connection 'write_len' does not match port width (25) of module 'frame_read_write' [F:/AD/experiment/ad9280_ethernet/adc_ethernet.srcs/sources_1/top.v:413]
INFO: [Synth 8-6157] synthesizing module 'ddr3' [F:/AD/experiment/ad9280_ethernet/.Xil/Vivado-26960-FranklinY9000P/realtime/ddr3_stub.v:5]
INFO: [Synth 8-6155] done synthesizing module 'ddr3' (40#1) [F:/AD/experiment/ad9280_ethernet/.Xil/Vivado-26960-FranklinY9000P/realtime/ddr3_stub.v:5]
WARNING: [Synth 8-689] width (64) of port connection 's_axi_awaddr' does not match port width (32) of module 'ddr3' [F:/AD/experiment/ad9280_ethernet/adc_ethernet.srcs/sources_1/top.v:453]
WARNING: [Synth 8-689] width (64) of port connection 's_axi_araddr' does not match port width (32) of module 'ddr3' [F:/AD/experiment/ad9280_ethernet/adc_ethernet.srcs/sources_1/top.v:476]
WARNING: [Synth 8-689] width (2) of port connection 's_axi_arlock' does not match port width (1) of module 'ddr3' [F:/AD/experiment/ad9280_ethernet/adc_ethernet.srcs/sources_1/top.v:480]
WARNING: [Synth 8-7023] instance 'u_ddr3' of module 'ddr3' has 66 connections declared, but only 65 given [F:/AD/experiment/ad9280_ethernet/adc_ethernet.srcs/sources_1/top.v:420]
INFO: [Synth 8-6157] synthesizing module 'fft_ls' [F:/AD/experiment/ad9280_ethernet/.Xil/Vivado-26960-FranklinY9000P/realtime/fft_ls_stub.v:6]
INFO: [Synth 8-6155] done synthesizing module 'fft_ls' (41#1) [F:/AD/experiment/ad9280_ethernet/.Xil/Vivado-26960-FranklinY9000P/realtime/fft_ls_stub.v:6]
WARNING: [Synth 8-689] width (32) of port connection 'm_axis_data_tdata' does not match port width (128) of module 'fft_ls' [F:/AD/experiment/ad9280_ethernet/adc_ethernet.srcs/sources_1/top.v:512]
WARNING: [Synth 8-7023] instance 'fft_ls' of module 'fft_ls' has 23 connections declared, but only 22 given [F:/AD/experiment/ad9280_ethernet/adc_ethernet.srcs/sources_1/top.v:500]
ERROR: [Synth 8-439] module 'data_modulus' not found [F:/AD/experiment/ad9280_ethernet/adc_ethernet.srcs/sources_1/top.v:529]
ERROR: [Synth 8-6156] failed synthesizing module 'top' [F:/AD/experiment/ad9280_ethernet/adc_ethernet.srcs/sources_1/top.v:30]
---------------------------------------------------------------------------------
Finished RTL Elaboration : Time (s): cpu = 00:00:02 ; elapsed = 00:00:03 . Memory (MB): peak = 1535.043 ; gain = 252.000
---------------------------------------------------------------------------------
RTL Elaboration failed
111 Infos, 43 Warnings, 0 Critical Warnings and 3 Errors encountered.
synth_design failed
ERROR: [Vivado_Tcl 4-5] Elaboration failed - please see the console for details
update_compile_order -fileset sources_1
synth_design -rtl -name rtl_1
Command: synth_design -rtl -name rtl_1
Starting synth_design
Using part: xc7a100tfgg484-2
Top: top
WARNING: [Synth 8-6901] identifier 'fifo_rdusedw' is used before its declaration [F:/AD/experiment/ad9280_ethernet/adc_ethernet.srcs/sources_1/mac/mac_ctrl.v:143]
WARNING: [Synth 8-976] rgmii_rx_ctl_delay has already been declared [F:/AD/experiment/ad9280_ethernet/adc_ethernet.srcs/sources_1/util_gmii_to_rgmii.v:74]
WARNING: [Synth 8-2654] second declaration of rgmii_rx_ctl_delay ignored [F:/AD/experiment/ad9280_ethernet/adc_ethernet.srcs/sources_1/util_gmii_to_rgmii.v:74]
INFO: [Synth 8-994] rgmii_rx_ctl_delay is declared here [F:/AD/experiment/ad9280_ethernet/adc_ethernet.srcs/sources_1/util_gmii_to_rgmii.v:50]
---------------------------------------------------------------------------------
Starting RTL Elaboration : Time (s): cpu = 00:00:01 ; elapsed = 00:00:02 . Memory (MB): peak = 2335.113 ; gain = 0.000
---------------------------------------------------------------------------------
INFO: [Synth 8-6157] synthesizing module 'top' [F:/AD/experiment/ad9280_ethernet/adc_ethernet.srcs/sources_1/top.v:30]
	Parameter MEM_DATA_BITS bound to: 64 - type: integer 
	Parameter ADDR_BITS bound to: 25 - type: integer 
	Parameter BUSRT_BITS bound to: 10 - type: integer 
INFO: [Synth 8-6157] synthesizing module 'IBUFGDS' [E:/xilinx_SDK/Vivado/2019.1/scripts/rt/data/unisim_comp.v:33335]
	Parameter CAPACITANCE bound to: DONT_CARE - type: string 
	Parameter DIFF_TERM bound to: FALSE - type: string 
	Parameter IBUF_DELAY_VALUE bound to: 0 - type: string 
	Parameter IBUF_LOW_PWR bound to: TRUE - type: string 
	Parameter IOSTANDARD bound to: DEFAULT - type: string 
INFO: [Synth 8-6155] done synthesizing module 'IBUFGDS' (1#1) [E:/xilinx_SDK/Vivado/2019.1/scripts/rt/data/unisim_comp.v:33335]
INFO: [Synth 8-6157] synthesizing module 'adc_pll' [F:/AD/experiment/ad9280_ethernet/.Xil/Vivado-26960-FranklinY9000P/realtime/adc_pll_stub.v:5]
INFO: [Synth 8-6155] done synthesizing module 'adc_pll' (2#1) [F:/AD/experiment/ad9280_ethernet/.Xil/Vivado-26960-FranklinY9000P/realtime/adc_pll_stub.v:5]
INFO: [Synth 8-6157] synthesizing module 'smi_config' [F:/AD/experiment/ad9280_ethernet/adc_ethernet.srcs/sources_1/mdio/smi_config.v:2]
	Parameter REF_CLK bound to: 50000 - type: integer 
	Parameter MDC_CLK bound to: 500 - type: integer 
	Parameter IDLE bound to: 17'b00000000000000001 
	Parameter W_PAGE_0A43 bound to: 17'b00000000000000010 
	Parameter R_CHECK bound to: 17'b00000000000000100 
	Parameter ETH_UNLINK bound to: 17'b00000000000001000 
	Parameter ETH_1000M bound to: 17'b00000000000010000 
	Parameter ETH_100M bound to: 17'b00000000000100000 
	Parameter ETH_10M bound to: 17'b00000000001000000 
	Parameter R_WAIT bound to: 17'b00000000010000000 
	Parameter W_PAGE_171 bound to: 17'b00000000100000000 
	Parameter R_REG_16 bound to: 17'b00000001000000000 
	Parameter W_REG_16 bound to: 17'b00000010000000000 
	Parameter R_REG_17 bound to: 17'b00000100000000000 
	Parameter W_REG_17 bound to: 17'b00001000000000000 
	Parameter RW_END bound to: 17'b00010000000000000 
	Parameter R_REG_1A bound to: 17'b00100000000000000 
	Parameter READ_ID bound to: 17'b01000000000000000 
	Parameter CHECK_ID bound to: 17'b10000000000000000 
INFO: [Synth 8-5534] Detected attribute (* MARK_DEBUG = "true" *) [F:/AD/experiment/ad9280_ethernet/adc_ethernet.srcs/sources_1/mdio/smi_config.v:14]
INFO: [Synth 8-5534] Detected attribute (* MARK_DEBUG = "true" *) [F:/AD/experiment/ad9280_ethernet/adc_ethernet.srcs/sources_1/mdio/smi_config.v:15]
INFO: [Synth 8-5534] Detected attribute (* MARK_DEBUG = "true" *) [F:/AD/experiment/ad9280_ethernet/adc_ethernet.srcs/sources_1/mdio/smi_config.v:20]
INFO: [Synth 8-5534] Detected attribute (* MARK_DEBUG = "true" *) [F:/AD/experiment/ad9280_ethernet/adc_ethernet.srcs/sources_1/mdio/smi_config.v:21]
INFO: [Synth 8-5534] Detected attribute (* MARK_DEBUG = "true" *) [F:/AD/experiment/ad9280_ethernet/adc_ethernet.srcs/sources_1/mdio/smi_config.v:22]
INFO: [Synth 8-5534] Detected attribute (* MARK_DEBUG = "true" *) [F:/AD/experiment/ad9280_ethernet/adc_ethernet.srcs/sources_1/mdio/smi_config.v:23]
INFO: [Synth 8-5534] Detected attribute (* MARK_DEBUG = "true" *) [F:/AD/experiment/ad9280_ethernet/adc_ethernet.srcs/sources_1/mdio/smi_config.v:26]
INFO: [Synth 8-5534] Detected attribute (* MARK_DEBUG = "true" *) [F:/AD/experiment/ad9280_ethernet/adc_ethernet.srcs/sources_1/mdio/smi_config.v:27]
INFO: [Synth 8-5534] Detected attribute (* MARK_DEBUG = "true" *) [F:/AD/experiment/ad9280_ethernet/adc_ethernet.srcs/sources_1/mdio/smi_config.v:28]
INFO: [Synth 8-5534] Detected attribute (* MARK_DEBUG = "true" *) [F:/AD/experiment/ad9280_ethernet/adc_ethernet.srcs/sources_1/mdio/smi_config.v:29]
INFO: [Synth 8-5534] Detected attribute (* MARK_DEBUG = "true" *) [F:/AD/experiment/ad9280_ethernet/adc_ethernet.srcs/sources_1/mdio/smi_config.v:66]
INFO: [Synth 8-6157] synthesizing module 'smi_read_write' [F:/AD/experiment/ad9280_ethernet/adc_ethernet.srcs/sources_1/mdio/smi_read_write.v:2]
	Parameter REF_CLK bound to: 50000 - type: integer 
	Parameter MDC_CLK bound to: 500 - type: integer 
	Parameter HALF_CYCLE bound to: 50 - type: integer 
	Parameter CYCLE bound to: 100 - type: integer 
	Parameter ST bound to: 2'b01 
	Parameter W_OP bound to: 2'b01 
	Parameter R_OP bound to: 2'b10 
	Parameter W_TA bound to: 2'b10 
	Parameter IDLE bound to: 10'b0000000001 
	Parameter WAIT_REQ bound to: 10'b0000000010 
	Parameter W_MDIO bound to: 10'b0000000100 
	Parameter R_MDIO bound to: 10'b0000001000 
	Parameter R_TA_Z bound to: 10'b0000010000 
	Parameter R_DATA bound to: 10'b0000100000 
	Parameter W_END bound to: 10'b0001000000 
	Parameter R_END bound to: 10'b0010000000 
	Parameter R_TA_0 bound to: 10'b0100000000 
	Parameter END_WAIT bound to: 10'b1000000000 
INFO: [Synth 8-5534] Detected attribute (* MARK_DEBUG = "true" *) [F:/AD/experiment/ad9280_ethernet/adc_ethernet.srcs/sources_1/mdio/smi_read_write.v:34]
INFO: [Synth 8-5534] Detected attribute (* MARK_DEBUG = "true" *) [F:/AD/experiment/ad9280_ethernet/adc_ethernet.srcs/sources_1/mdio/smi_read_write.v:35]
INFO: [Synth 8-5534] Detected attribute (* MARK_DEBUG = "true" *) [F:/AD/experiment/ad9280_ethernet/adc_ethernet.srcs/sources_1/mdio/smi_read_write.v:39]
INFO: [Synth 8-5534] Detected attribute (* MARK_DEBUG = "true" *) [F:/AD/experiment/ad9280_ethernet/adc_ethernet.srcs/sources_1/mdio/smi_read_write.v:40]
INFO: [Synth 8-5534] Detected attribute (* MARK_DEBUG = "true" *) [F:/AD/experiment/ad9280_ethernet/adc_ethernet.srcs/sources_1/mdio/smi_read_write.v:41]
INFO: [Synth 8-5534] Detected attribute (* MARK_DEBUG = "true" *) [F:/AD/experiment/ad9280_ethernet/adc_ethernet.srcs/sources_1/mdio/smi_read_write.v:42]
INFO: [Synth 8-5534] Detected attribute (* MARK_DEBUG = "true" *) [F:/AD/experiment/ad9280_ethernet/adc_ethernet.srcs/sources_1/mdio/smi_read_write.v:43]
INFO: [Synth 8-5534] Detected attribute (* MARK_DEBUG = "true" *) [F:/AD/experiment/ad9280_ethernet/adc_ethernet.srcs/sources_1/mdio/smi_read_write.v:94]
INFO: [Synth 8-6157] synthesizing module 'IOBUF' [E:/xilinx_SDK/Vivado/2019.1/scripts/rt/data/unisim_comp.v:36115]
	Parameter DRIVE bound to: 12 - type: integer 
	Parameter IBUF_LOW_PWR bound to: TRUE - type: string 
	Parameter IOSTANDARD bound to: DEFAULT - type: string 
	Parameter SLEW bound to: SLOW - type: string 
INFO: [Synth 8-6155] done synthesizing module 'IOBUF' (3#1) [E:/xilinx_SDK/Vivado/2019.1/scripts/rt/data/unisim_comp.v:36115]
INFO: [Synth 8-6157] synthesizing module 'ODDR' [E:/xilinx_SDK/Vivado/2019.1/scripts/rt/data/unisim_comp.v:49468]
	Parameter DDR_CLK_EDGE bound to: OPPOSITE_EDGE - type: string 
	Parameter INIT bound to: 1'b0 
	Parameter IS_C_INVERTED bound to: 1'b0 
	Parameter IS_D1_INVERTED bound to: 1'b0 
	Parameter IS_D2_INVERTED bound to: 1'b0 
	Parameter SRTYPE bound to: SYNC - type: string 
INFO: [Synth 8-6155] done synthesizing module 'ODDR' (4#1) [E:/xilinx_SDK/Vivado/2019.1/scripts/rt/data/unisim_comp.v:49468]
INFO: [Synth 8-6071] Mark debug on the nets applies keep_hierarchy on instance 'ODDR_inst'. This will prevent further optimization [F:/AD/experiment/ad9280_ethernet/adc_ethernet.srcs/sources_1/mdio/smi_read_write.v:71]
INFO: [Synth 8-6071] Mark debug on the nets applies keep_hierarchy on instance 'IOBUF_inst'. This will prevent further optimization [F:/AD/experiment/ad9280_ethernet/adc_ethernet.srcs/sources_1/mdio/smi_read_write.v:58]
INFO: [Synth 8-6155] done synthesizing module 'smi_read_write' (5#1) [F:/AD/experiment/ad9280_ethernet/adc_ethernet.srcs/sources_1/mdio/smi_read_write.v:2]
WARNING: [Synth 8-7023] instance 'smi_inst' of module 'smi_read_write' has 14 connections declared, but only 12 given [F:/AD/experiment/ad9280_ethernet/adc_ethernet.srcs/sources_1/mdio/smi_config.v:321]
INFO: [Synth 8-6071] Mark debug on the nets applies keep_hierarchy on instance 'smi_inst'. This will prevent further optimization [F:/AD/experiment/ad9280_ethernet/adc_ethernet.srcs/sources_1/mdio/smi_config.v:321]
INFO: [Synth 8-6155] done synthesizing module 'smi_config' (6#1) [F:/AD/experiment/ad9280_ethernet/adc_ethernet.srcs/sources_1/mdio/smi_config.v:2]
WARNING: [Synth 8-7023] instance 'smi_config_inst0' of module 'smi_config' has 6 connections declared, but only 4 given [F:/AD/experiment/ad9280_ethernet/adc_ethernet.srcs/sources_1/top.v:249]
WARNING: [Synth 8-7023] instance 'smi_config_inst1' of module 'smi_config' has 6 connections declared, but only 4 given [F:/AD/experiment/ad9280_ethernet/adc_ethernet.srcs/sources_1/top.v:257]
INFO: [Synth 8-6157] synthesizing module 'reset' [F:/AD/experiment/ad9280_ethernet/adc_ethernet.srcs/sources_1/new/reset.v:2]
INFO: [Synth 8-6155] done synthesizing module 'reset' (7#1) [F:/AD/experiment/ad9280_ethernet/adc_ethernet.srcs/sources_1/new/reset.v:2]
WARNING: [Synth 8-4446] all outputs are unconnected for this instance and logic may be removed [F:/AD/experiment/ad9280_ethernet/adc_ethernet.srcs/sources_1/top.v:297]
INFO: [Synth 8-6157] synthesizing module 'IDELAYCTRL' [E:/xilinx_SDK/Vivado/2019.1/scripts/rt/data/unisim_comp.v:34933]
	Parameter SIM_DEVICE bound to: 7SERIES - type: string 
INFO: [Synth 8-6155] done synthesizing module 'IDELAYCTRL' (8#1) [E:/xilinx_SDK/Vivado/2019.1/scripts/rt/data/unisim_comp.v:34933]
INFO: [Synth 8-6157] synthesizing module 'util_gmii_to_rgmii' [F:/AD/experiment/ad9280_ethernet/adc_ethernet.srcs/sources_1/util_gmii_to_rgmii.v:2]
	Parameter IDELAY_VALUE bound to: 0 - type: integer 
INFO: [Synth 8-6157] synthesizing module 'ODDR__parameterized0' [E:/xilinx_SDK/Vivado/2019.1/scripts/rt/data/unisim_comp.v:49468]
	Parameter DDR_CLK_EDGE bound to: SAME_EDGE - type: string 
	Parameter INIT bound to: 1'b0 
	Parameter IS_C_INVERTED bound to: 1'b0 
	Parameter IS_D1_INVERTED bound to: 1'b0 
	Parameter IS_D2_INVERTED bound to: 1'b0 
	Parameter SRTYPE bound to: SYNC - type: string 
INFO: [Synth 8-6155] done synthesizing module 'ODDR__parameterized0' (8#1) [E:/xilinx_SDK/Vivado/2019.1/scripts/rt/data/unisim_comp.v:49468]
INFO: [Synth 8-6157] synthesizing module 'IDELAYE2' [E:/xilinx_SDK/Vivado/2019.1/scripts/rt/data/unisim_comp.v:34946]
	Parameter CINVCTRL_SEL bound to: FALSE - type: string 
	Parameter DELAY_SRC bound to: IDATAIN - type: string 
	Parameter HIGH_PERFORMANCE_MODE bound to: FALSE - type: string 
	Parameter IDELAY_TYPE bound to: FIXED - type: string 
	Parameter IDELAY_VALUE bound to: 0 - type: integer 
	Parameter IS_C_INVERTED bound to: 1'b0 
	Parameter IS_DATAIN_INVERTED bound to: 1'b0 
	Parameter IS_IDATAIN_INVERTED bound to: 1'b0 
	Parameter PIPE_SEL bound to: FALSE - type: string 
	Parameter REFCLK_FREQUENCY bound to: 200.000000 - type: float 
	Parameter SIGNAL_PATTERN bound to: DATA - type: string 
	Parameter SIM_DELAY_D bound to: 0 - type: integer 
INFO: [Synth 8-6155] done synthesizing module 'IDELAYE2' (9#1) [E:/xilinx_SDK/Vivado/2019.1/scripts/rt/data/unisim_comp.v:34946]
INFO: [Synth 8-6157] synthesizing module 'IDDR' [E:/xilinx_SDK/Vivado/2019.1/scripts/rt/data/unisim_comp.v:34811]
	Parameter DDR_CLK_EDGE bound to: SAME_EDGE_PIPELINED - type: string 
	Parameter INIT_Q1 bound to: 1'b0 
	Parameter INIT_Q2 bound to: 1'b0 
	Parameter IS_C_INVERTED bound to: 1'b0 
	Parameter IS_D_INVERTED bound to: 1'b0 
	Parameter SRTYPE bound to: SYNC - type: string 
INFO: [Synth 8-6155] done synthesizing module 'IDDR' (10#1) [E:/xilinx_SDK/Vivado/2019.1/scripts/rt/data/unisim_comp.v:34811]
INFO: [Synth 8-6157] synthesizing module 'BUFG' [E:/xilinx_SDK/Vivado/2019.1/scripts/rt/data/unisim_comp.v:1075]
INFO: [Synth 8-6155] done synthesizing module 'BUFG' (11#1) [E:/xilinx_SDK/Vivado/2019.1/scripts/rt/data/unisim_comp.v:1075]
INFO: [Synth 8-6157] synthesizing module 'BUFIO' [E:/xilinx_SDK/Vivado/2019.1/scripts/rt/data/unisim_comp.v:1336]
INFO: [Synth 8-6155] done synthesizing module 'BUFIO' (12#1) [E:/xilinx_SDK/Vivado/2019.1/scripts/rt/data/unisim_comp.v:1336]
WARNING: [Synth 8-6014] Unused sequential element speed_selection_d0_reg was removed.  [F:/AD/experiment/ad9280_ethernet/adc_ethernet.srcs/sources_1/util_gmii_to_rgmii.v:80]
WARNING: [Synth 8-6014] Unused sequential element speed_selection_d1_reg was removed.  [F:/AD/experiment/ad9280_ethernet/adc_ethernet.srcs/sources_1/util_gmii_to_rgmii.v:81]
WARNING: [Synth 8-6014] Unused sequential element gmii_tx_er_r_d1_reg was removed.  [F:/AD/experiment/ad9280_ethernet/adc_ethernet.srcs/sources_1/util_gmii_to_rgmii.v:139]
INFO: [Synth 8-6155] done synthesizing module 'util_gmii_to_rgmii' (13#1) [F:/AD/experiment/ad9280_ethernet/adc_ethernet.srcs/sources_1/util_gmii_to_rgmii.v:2]
INFO: [Synth 8-6157] synthesizing module 'eth_top' [F:/AD/experiment/ad9280_ethernet/adc_ethernet.srcs/sources_1/mac/eth_top.v:1]
	Parameter LOCAL_IP_ADDR bound to: -1062731774 - type: integer 
	Parameter LOCAL_MAC_ADDR bound to: 48'b000000000000101000110101000000011111111011000000 
	Parameter UDP_SRC_PORT bound to: 16'b0001111110010000 
	Parameter UDP_DST_PORT bound to: 16'b0001111110010000 
	Parameter TTL bound to: 8'b10000000 
INFO: [Synth 8-6157] synthesizing module 'mac_top' [F:/AD/experiment/ad9280_ethernet/adc_ethernet.srcs/sources_1/mac/mac_top.v:7]
INFO: [Synth 8-6157] synthesizing module 'mac_tx_top' [F:/AD/experiment/ad9280_ethernet/adc_ethernet.srcs/sources_1/mac/tx/mac_tx_top.v:7]
INFO: [Synth 8-6157] synthesizing module 'mac_tx' [F:/AD/experiment/ad9280_ethernet/adc_ethernet.srcs/sources_1/mac/tx/mac_tx.v:8]
	Parameter SEND_IDLE bound to: 6'b000001 
	Parameter SEND_START bound to: 6'b000010 
	Parameter SEND_PREAMBLE bound to: 6'b000100 
	Parameter SEND_DATA bound to: 6'b001000 
	Parameter SEND_CRC bound to: 6'b010000 
	Parameter SEND_END bound to: 6'b100000 
INFO: [Synth 8-6155] done synthesizing module 'mac_tx' (14#1) [F:/AD/experiment/ad9280_ethernet/adc_ethernet.srcs/sources_1/mac/tx/mac_tx.v:8]
INFO: [Synth 8-6157] synthesizing module 'mac_tx_mode' [F:/AD/experiment/ad9280_ethernet/adc_ethernet.srcs/sources_1/mac/tx/mac_tx_mode.v:7]
	Parameter IDLE bound to: 3'b001 
	Parameter ARP bound to: 3'b010 
	Parameter IP bound to: 3'b100 
INFO: [Synth 8-6155] done synthesizing module 'mac_tx_mode' (15#1) [F:/AD/experiment/ad9280_ethernet/adc_ethernet.srcs/sources_1/mac/tx/mac_tx_mode.v:7]
INFO: [Synth 8-6157] synthesizing module 'crc' [F:/AD/experiment/ad9280_ethernet/adc_ethernet.srcs/sources_1/mac/crc.v:5]
	Parameter Tp bound to: 1 - type: integer 
INFO: [Synth 8-6155] done synthesizing module 'crc' (16#1) [F:/AD/experiment/ad9280_ethernet/adc_ethernet.srcs/sources_1/mac/crc.v:5]
INFO: [Synth 8-6157] synthesizing module 'arp_tx' [F:/AD/experiment/ad9280_ethernet/adc_ethernet.srcs/sources_1/mac/tx/arp_tx.v:7]
	Parameter mac_type bound to: 16'b0000100000000110 
	Parameter hardware_type bound to: 16'b0000000000000001 
	Parameter protocol_type bound to: 16'b0000100000000000 
	Parameter mac_length bound to: 8'b00000110 
	Parameter ip_length bound to: 8'b00000100 
	Parameter ARP_REQUEST_CODE bound to: 16'b0000000000000001 
	Parameter ARP_REPLY_CODE bound to: 16'b0000000000000010 
	Parameter IDLE bound to: 5'b00001 
	Parameter ARP_REQUEST_WAIT bound to: 5'b00010 
	Parameter ARP_REQUEST bound to: 5'b00100 
	Parameter ARP_REPLY_WAIT bound to: 5'b01000 
	Parameter ARP_REPLY bound to: 5'b10000 
INFO: [Synth 8-6155] done synthesizing module 'arp_tx' (17#1) [F:/AD/experiment/ad9280_ethernet/adc_ethernet.srcs/sources_1/mac/tx/arp_tx.v:7]
INFO: [Synth 8-6157] synthesizing module 'ip_tx' [F:/AD/experiment/ad9280_ethernet/adc_ethernet.srcs/sources_1/mac/tx/ip_tx.v:9]
	Parameter mac_type bound to: 16'b0000100000000000 
	Parameter ip_version bound to: 4'b0100 
	Parameter header_len bound to: 4'b0101 
	Parameter IDLE bound to: 6'b000001 
	Parameter WAIT_DATA_LENGTH bound to: 6'b000010 
	Parameter GEN_CHECKSUM bound to: 6'b000100 
	Parameter SEND_WAIT bound to: 6'b001000 
	Parameter WAIT_MAC bound to: 6'b010000 
	Parameter IP_SEND bound to: 6'b100000 
WARNING: [Synth 8-3848] Net ip_tx_busy in module/entity ip_tx does not have driver. [F:/AD/experiment/ad9280_ethernet/adc_ethernet.srcs/sources_1/mac/tx/ip_tx.v:28]
INFO: [Synth 8-6155] done synthesizing module 'ip_tx' (18#1) [F:/AD/experiment/ad9280_ethernet/adc_ethernet.srcs/sources_1/mac/tx/ip_tx.v:9]
WARNING: [Synth 8-7023] instance 'ip0' of module 'ip_tx' has 19 connections declared, but only 18 given [F:/AD/experiment/ad9280_ethernet/adc_ethernet.srcs/sources_1/mac/tx/mac_tx_top.v:158]
INFO: [Synth 8-6157] synthesizing module 'ip_tx_mode' [F:/AD/experiment/ad9280_ethernet/adc_ethernet.srcs/sources_1/mac/tx/ip_tx_mode.v:7]
	Parameter ip_udp_type bound to: 8'b00010001 
	Parameter ip_icmp_type bound to: 8'b00000001 
	Parameter IDLE bound to: 3'b001 
	Parameter UDP bound to: 3'b010 
	Parameter ICMP bound to: 3'b100 
INFO: [Synth 8-6155] done synthesizing module 'ip_tx_mode' (19#1) [F:/AD/experiment/ad9280_ethernet/adc_ethernet.srcs/sources_1/mac/tx/ip_tx_mode.v:7]
INFO: [Synth 8-6157] synthesizing module 'udp_tx' [F:/AD/experiment/ad9280_ethernet/adc_ethernet.srcs/sources_1/mac/tx/udp_tx.v:7]
	Parameter IDLE bound to: 7'b0000001 
	Parameter HEADER_CHECKSUM bound to: 7'b0000010 
	Parameter GEN_CHECKSUM bound to: 7'b0000100 
	Parameter GEN_ODD_CHECKSUM bound to: 7'b0001000 
	Parameter GEN_CHECKSUM_END bound to: 7'b0010000 
	Parameter SEND_WAIT bound to: 7'b0100000 
	Parameter UDP_SEND bound to: 7'b1000000 
WARNING: [Synth 8-6014] Unused sequential element ram_write_addr_reg was removed.  [F:/AD/experiment/ad9280_ethernet/adc_ethernet.srcs/sources_1/mac/tx/udp_tx.v:125]
WARNING: [Synth 8-6014] Unused sequential element ram_wr_data_d0_reg was removed.  [F:/AD/experiment/ad9280_ethernet/adc_ethernet.srcs/sources_1/mac/tx/udp_tx.v:150]
WARNING: [Synth 8-6014] Unused sequential element ram_wr_data_d1_reg was removed.  [F:/AD/experiment/ad9280_ethernet/adc_ethernet.srcs/sources_1/mac/tx/udp_tx.v:151]
WARNING: [Synth 8-6014] Unused sequential element ram_rdata_d1_reg was removed.  [F:/AD/experiment/ad9280_ethernet/adc_ethernet.srcs/sources_1/mac/tx/udp_tx.v:166]
WARNING: [Synth 8-3848] Net udp_ram_data_req in module/entity udp_tx does not have driver. [F:/AD/experiment/ad9280_ethernet/adc_ethernet.srcs/sources_1/mac/tx/udp_tx.v:24]
WARNING: [Synth 8-3848] Net udp_tx_end in module/entity udp_tx does not have driver. [F:/AD/experiment/ad9280_ethernet/adc_ethernet.srcs/sources_1/mac/tx/udp_tx.v:30]
INFO: [Synth 8-6155] done synthesizing module 'udp_tx' (20#1) [F:/AD/experiment/ad9280_ethernet/adc_ethernet.srcs/sources_1/mac/tx/udp_tx.v:7]
INFO: [Synth 8-6155] done synthesizing module 'mac_tx_top' (21#1) [F:/AD/experiment/ad9280_ethernet/adc_ethernet.srcs/sources_1/mac/tx/mac_tx_top.v:7]
INFO: [Synth 8-6157] synthesizing module 'mac_rx_top' [F:/AD/experiment/ad9280_ethernet/adc_ethernet.srcs/sources_1/mac/rx/mac_rx_top.v:7]
INFO: [Synth 8-6157] synthesizing module 'mac_rx' [F:/AD/experiment/ad9280_ethernet/adc_ethernet.srcs/sources_1/mac/rx/mac_rx.v:7]
	Parameter IDLE bound to: 8'b00000001 
	Parameter REC_PREAMBLE bound to: 8'b00000010 
	Parameter REC_MAC_HEAD bound to: 8'b00000100 
	Parameter REC_IDENTIFY bound to: 8'b00001000 
	Parameter REC_DATA bound to: 8'b00010000 
	Parameter REC_CRC bound to: 8'b00100000 
	Parameter REC_ERROR bound to: 8'b01000000 
	Parameter REC_END bound to: 8'b10000000 
WARNING: [Synth 8-6014] Unused sequential element rx_dv_d1_reg was removed.  [F:/AD/experiment/ad9280_ethernet/adc_ethernet.srcs/sources_1/mac/rx/mac_rx.v:200]
WARNING: [Synth 8-6014] Unused sequential element mac_crc_cnt_reg was removed.  [F:/AD/experiment/ad9280_ethernet/adc_ethernet.srcs/sources_1/mac/rx/mac_rx.v:238]
INFO: [Synth 8-6155] done synthesizing module 'mac_rx' (22#1) [F:/AD/experiment/ad9280_ethernet/adc_ethernet.srcs/sources_1/mac/rx/mac_rx.v:7]
INFO: [Synth 8-6157] synthesizing module 'ip_rx' [F:/AD/experiment/ad9280_ethernet/adc_ethernet.srcs/sources_1/mac/rx/ip_rx.v:7]
	Parameter IDLE bound to: 5'b00001 
	Parameter REC_HEADER0 bound to: 5'b00010 
	Parameter REC_HEADER1 bound to: 5'b00100 
	Parameter REC_DATA bound to: 5'b01000 
	Parameter REC_END bound to: 5'b10000 
WARNING: [Synth 8-6014] Unused sequential element ip_rx_data_d1_reg was removed.  [F:/AD/experiment/ad9280_ethernet/adc_ethernet.srcs/sources_1/mac/rx/ip_rx.v:170]
INFO: [Synth 8-6155] done synthesizing module 'ip_rx' (23#1) [F:/AD/experiment/ad9280_ethernet/adc_ethernet.srcs/sources_1/mac/rx/ip_rx.v:7]
INFO: [Synth 8-6157] synthesizing module 'udp_rx' [F:/AD/experiment/ad9280_ethernet/adc_ethernet.srcs/sources_1/mac/rx/udp_rx.v:7]
	Parameter IDLE bound to: 8'b00000001 
	Parameter REC_HEAD bound to: 8'b00000010 
	Parameter REC_DATA bound to: 8'b00000100 
	Parameter REC_ODD_DATA bound to: 8'b00001000 
	Parameter VERIFY_CHECKSUM bound to: 8'b00010000 
	Parameter REC_ERROR bound to: 8'b00100000 
	Parameter REC_END_WAIT bound to: 8'b01000000 
	Parameter REC_END bound to: 8'b10000000 
INFO: [Synth 8-6157] synthesizing module 'dpram' [F:/AD/experiment/ad9280_ethernet/adc_ethernet.srcs/sources_1/mac/dpram.v:1]
	Parameter WIDTH bound to: 8 - type: integer 
	Parameter DEPTH bound to: 11 - type: integer 
INFO: [Synth 8-6155] done synthesizing module 'dpram' (24#1) [F:/AD/experiment/ad9280_ethernet/adc_ethernet.srcs/sources_1/mac/dpram.v:1]
INFO: [Synth 8-6155] done synthesizing module 'udp_rx' (25#1) [F:/AD/experiment/ad9280_ethernet/adc_ethernet.srcs/sources_1/mac/rx/udp_rx.v:7]
INFO: [Synth 8-6157] synthesizing module 'arp_rx' [F:/AD/experiment/ad9280_ethernet/adc_ethernet.srcs/sources_1/mac/rx/arp_rx.v:7]
	Parameter ARP_REQUEST_CODE bound to: 16'b0000000000000001 
	Parameter ARP_REPLY_CODE bound to: 16'b0000000000000010 
	Parameter IDLE bound to: 4'b0001 
	Parameter ARP_REC_DATA bound to: 4'b0010 
	Parameter ARP_WAIT bound to: 4'b0100 
	Parameter ARP_END bound to: 4'b1000 
INFO: [Synth 8-6155] done synthesizing module 'arp_rx' (26#1) [F:/AD/experiment/ad9280_ethernet/adc_ethernet.srcs/sources_1/mac/rx/arp_rx.v:7]
WARNING: [Synth 8-7023] instance 'arp0' of module 'arp_rx' has 13 connections declared, but only 12 given [F:/AD/experiment/ad9280_ethernet/adc_ethernet.srcs/sources_1/mac/rx/mac_rx_top.v:161]
INFO: [Synth 8-6155] done synthesizing module 'mac_rx_top' (27#1) [F:/AD/experiment/ad9280_ethernet/adc_ethernet.srcs/sources_1/mac/rx/mac_rx_top.v:7]
INFO: [Synth 8-6157] synthesizing module 'icmp_reply' [F:/AD/experiment/ad9280_ethernet/adc_ethernet.srcs/sources_1/mac/icmp_reply.v:7]
	Parameter ECHO_REQUEST bound to: 8'b00001000 
	Parameter ECHO_REPLY bound to: 8'b00000000 
	Parameter IDLE bound to: 11'b00000000001 
	Parameter REC_DATA bound to: 11'b00000000010 
	Parameter REC_ODD_DATA bound to: 11'b00000000100 
	Parameter VERIFY_CHECKSUM bound to: 11'b00000001000 
	Parameter REC_ERROR bound to: 11'b00000010000 
	Parameter REC_END_WAIT bound to: 11'b00000100000 
	Parameter GEN_CHECKSUM bound to: 11'b00001000000 
	Parameter SEND_WAIT bound to: 11'b00010000000 
	Parameter SEND bound to: 11'b00100000000 
	Parameter REC_END bound to: 11'b01000000000 
	Parameter SEND_END bound to: 11'b10000000000 
INFO: [Synth 8-6157] synthesizing module 'dpram__parameterized0' [F:/AD/experiment/ad9280_ethernet/adc_ethernet.srcs/sources_1/mac/dpram.v:1]
	Parameter WIDTH bound to: 8 - type: integer 
	Parameter DEPTH bound to: 8 - type: integer 
INFO: [Synth 8-6155] done synthesizing module 'dpram__parameterized0' (27#1) [F:/AD/experiment/ad9280_ethernet/adc_ethernet.srcs/sources_1/mac/dpram.v:1]
WARNING: [Synth 8-689] width (11) of port connection 'rdaddress' does not match port width (8) of module 'dpram__parameterized0' [F:/AD/experiment/ad9280_ethernet/adc_ethernet.srcs/sources_1/mac/icmp_reply.v:313]
WARNING: [Synth 8-689] width (11) of port connection 'wraddress' does not match port width (8) of module 'dpram__parameterized0' [F:/AD/experiment/ad9280_ethernet/adc_ethernet.srcs/sources_1/mac/icmp_reply.v:314]
WARNING: [Synth 8-3848] Net icmp_tx_end in module/entity icmp_reply does not have driver. [F:/AD/experiment/ad9280_ethernet/adc_ethernet.srcs/sources_1/mac/icmp_reply.v:20]
INFO: [Synth 8-6155] done synthesizing module 'icmp_reply' (28#1) [F:/AD/experiment/ad9280_ethernet/adc_ethernet.srcs/sources_1/mac/icmp_reply.v:7]
INFO: [Synth 8-6157] synthesizing module 'arp_cache' [F:/AD/experiment/ad9280_ethernet/adc_ethernet.srcs/sources_1/mac/arp_cache.v:1]
INFO: [Synth 8-6155] done synthesizing module 'arp_cache' (29#1) [F:/AD/experiment/ad9280_ethernet/adc_ethernet.srcs/sources_1/mac/arp_cache.v:1]
INFO: [Synth 8-6155] done synthesizing module 'mac_top' (30#1) [F:/AD/experiment/ad9280_ethernet/adc_ethernet.srcs/sources_1/mac/mac_top.v:7]
INFO: [Synth 8-6157] synthesizing module 'eth_cmd' [F:/AD/experiment/ad9280_ethernet/adc_ethernet.srcs/sources_1/mac/eth_cmd.v:2]
	Parameter SAMPLE_RATE bound to: 32000000 - type: integer 
	Parameter SAMPLE_DEPTH bound to: 262144 - type: integer 
	Parameter DATA_SIGN bound to: 8'b00000001 
	Parameter DATA_LEN bound to: 8'b00001000 
	Parameter DATA_BYTE bound to: 8'b00000010 
	Parameter CMD_INQUIRY bound to: 65537 - type: integer 
	Parameter AD_DATA_REQ bound to: 65538 - type: integer 
	Parameter CMD_SEND_LEN bound to: 16'b0000000000011011 
	Parameter IDLE bound to: 7'b0000001 
	Parameter CMD_READ bound to: 7'b0000010 
	Parameter CMD_WAIT bound to: 7'b0000100 
	Parameter CMD_CHECK bound to: 7'b0001000 
	Parameter CMD_REPLY_WAIT bound to: 7'b0010000 
	Parameter CMD_REPLY bound to: 7'b0100000 
	Parameter CMD_END bound to: 7'b1000000 
WARNING: [Synth 8-6014] Unused sequential element ad_data_ack_d0_reg was removed.  [F:/AD/experiment/ad9280_ethernet/adc_ethernet.srcs/sources_1/mac/eth_cmd.v:140]
WARNING: [Synth 8-6014] Unused sequential element ad_data_ack_d1_reg was removed.  [F:/AD/experiment/ad9280_ethernet/adc_ethernet.srcs/sources_1/mac/eth_cmd.v:141]
WARNING: [Synth 8-6014] Unused sequential element ad_data_ack_d2_reg was removed.  [F:/AD/experiment/ad9280_ethernet/adc_ethernet.srcs/sources_1/mac/eth_cmd.v:142]
INFO: [Synth 8-6155] done synthesizing module 'eth_cmd' (31#1) [F:/AD/experiment/ad9280_ethernet/adc_ethernet.srcs/sources_1/mac/eth_cmd.v:2]
INFO: [Synth 8-6157] synthesizing module 'mac_ctrl' [F:/AD/experiment/ad9280_ethernet/adc_ethernet.srcs/sources_1/mac/mac_ctrl.v:7]
	Parameter AD_DATA_REQ bound to: 65538 - type: integer 
	Parameter IDLE bound to: 13'b0000000000001 
	Parameter CMD_WAIT bound to: 13'b0000000000010 
	Parameter CHECK_ARP bound to: 13'b0000000000100 
	Parameter ARP_REQ bound to: 13'b0000000001000 
	Parameter ARP_SEND bound to: 13'b0000000010000 
	Parameter ARP_WAIT bound to: 13'b0000000100000 
	Parameter WAIT bound to: 13'b0000001000000 
	Parameter CHECK_FIFO bound to: 13'b0000010000000 
	Parameter GEN_CMD_REQ bound to: 13'b0000100000000 
	Parameter GEN_AD_REQ bound to: 13'b0001000000000 
	Parameter CMD_SEND bound to: 13'b0010000000000 
	Parameter AD_SEND bound to: 13'b0100000000000 
	Parameter AD_SEND_WAIT bound to: 13'b1000000000000 
INFO: [Synth 8-6155] done synthesizing module 'mac_ctrl' (32#1) [F:/AD/experiment/ad9280_ethernet/adc_ethernet.srcs/sources_1/mac/mac_ctrl.v:7]
WARNING: [Synth 8-689] width (12) of port connection 'fifo_data_count' does not match port width (11) of module 'mac_ctrl' [F:/AD/experiment/ad9280_ethernet/adc_ethernet.srcs/sources_1/mac/eth_top.v:178]
INFO: [Synth 8-6155] done synthesizing module 'eth_top' (33#1) [F:/AD/experiment/ad9280_ethernet/adc_ethernet.srcs/sources_1/mac/eth_top.v:1]
WARNING: [Synth 8-689] width (16) of port connection 'fifo_data_count' does not match port width (12) of module 'eth_top' [F:/AD/experiment/ad9280_ethernet/adc_ethernet.srcs/sources_1/top.v:340]
INFO: [Synth 8-6157] synthesizing module 'ad9280_sample' [F:/AD/experiment/ad9280_ethernet/adc_ethernet.srcs/sources_1/ad/ad9280_sample.v:29]
	Parameter S_IDLE bound to: 0 - type: integer 
	Parameter S_REQ bound to: 1 - type: integer 
	Parameter S_ACK_WAIT bound to: 2 - type: integer 
	Parameter S_SAMPLE bound to: 3 - type: integer 
	Parameter S_WAIT bound to: 4 - type: integer 
WARNING: [Synth 8-5788] Register write_req_reg in module ad9280_sample is has both Set and reset with same priority. This may cause simulation mismatches. Consider rewriting code  [F:/AD/experiment/ad9280_ethernet/adc_ethernet.srcs/sources_1/ad/ad9280_sample.v:126]
INFO: [Synth 8-6155] done synthesizing module 'ad9280_sample' (34#1) [F:/AD/experiment/ad9280_ethernet/adc_ethernet.srcs/sources_1/ad/ad9280_sample.v:29]
INFO: [Synth 8-6157] synthesizing module 'frame_read_write' [F:/AD/experiment/ad9280_ethernet/adc_ethernet.srcs/sources_1/frame_read_write.v:31]
	Parameter MEM_DATA_BITS bound to: 64 - type: integer 
	Parameter READ_DATA_BITS bound to: 16 - type: integer 
	Parameter WRITE_DATA_BITS bound to: 16 - type: integer 
	Parameter ADDR_BITS bound to: 25 - type: integer 
	Parameter BUSRT_BITS bound to: 10 - type: integer 
	Parameter BURST_SIZE bound to: 64 - type: integer 
INFO: [Synth 8-6157] synthesizing module 'afifo_16i_64o_512' [F:/AD/experiment/ad9280_ethernet/.Xil/Vivado-26960-FranklinY9000P/realtime/afifo_16i_64o_512_stub.v:6]
INFO: [Synth 8-6155] done synthesizing module 'afifo_16i_64o_512' (35#1) [F:/AD/experiment/ad9280_ethernet/.Xil/Vivado-26960-FranklinY9000P/realtime/afifo_16i_64o_512_stub.v:6]
WARNING: [Synth 8-689] width (16) of port connection 'rd_data_count' does not match port width (7) of module 'afifo_16i_64o_512' [F:/AD/experiment/ad9280_ethernet/adc_ethernet.srcs/sources_1/frame_read_write.v:97]
INFO: [Synth 8-6157] synthesizing module 'frame_fifo_write' [F:/AD/experiment/ad9280_ethernet/adc_ethernet.srcs/sources_1/frame_fifo_write.v:31]
	Parameter MEM_DATA_BITS bound to: 64 - type: integer 
	Parameter ADDR_BITS bound to: 25 - type: integer 
	Parameter BUSRT_BITS bound to: 10 - type: integer 
	Parameter BURST_SIZE bound to: 64 - type: integer 
	Parameter ONE bound to: 256'b0000000000000000000000000000000000000000000000000000000000000000000000000000000000000000000000000000000000000000000000000000000000000000000000000000000000000000000000000000000000000000000000000000000000000000000000000000000000000000000000000000000000000001 
	Parameter ZERO bound to: 256'b0000000000000000000000000000000000000000000000000000000000000000000000000000000000000000000000000000000000000000000000000000000000000000000000000000000000000000000000000000000000000000000000000000000000000000000000000000000000000000000000000000000000000000 
	Parameter S_IDLE bound to: 0 - type: integer 
	Parameter S_ACK bound to: 1 - type: integer 
	Parameter S_CHECK_FIFO bound to: 2 - type: integer 
	Parameter S_WRITE_BURST bound to: 3 - type: integer 
	Parameter S_WRITE_BURST_END bound to: 4 - type: integer 
	Parameter S_END bound to: 5 - type: integer 
INFO: [Synth 8-6155] done synthesizing module 'frame_fifo_write' (36#1) [F:/AD/experiment/ad9280_ethernet/adc_ethernet.srcs/sources_1/frame_fifo_write.v:31]
INFO: [Synth 8-6157] synthesizing module 'afifo_64i_16o_128' [F:/AD/experiment/ad9280_ethernet/.Xil/Vivado-26960-FranklinY9000P/realtime/afifo_64i_16o_128_stub.v:6]
INFO: [Synth 8-6155] done synthesizing module 'afifo_64i_16o_128' (37#1) [F:/AD/experiment/ad9280_ethernet/.Xil/Vivado-26960-FranklinY9000P/realtime/afifo_64i_16o_128_stub.v:6]
WARNING: [Synth 8-689] width (16) of port connection 'rd_data_count' does not match port width (10) of module 'afifo_64i_16o_128' [F:/AD/experiment/ad9280_ethernet/adc_ethernet.srcs/sources_1/frame_read_write.v:143]
WARNING: [Synth 8-689] width (16) of port connection 'wr_data_count' does not match port width (8) of module 'afifo_64i_16o_128' [F:/AD/experiment/ad9280_ethernet/adc_ethernet.srcs/sources_1/frame_read_write.v:144]
WARNING: [Synth 8-7023] instance 'read_buf' of module 'afifo_64i_16o_128' has 13 connections declared, but only 11 given [F:/AD/experiment/ad9280_ethernet/adc_ethernet.srcs/sources_1/frame_read_write.v:133]
INFO: [Synth 8-6157] synthesizing module 'frame_fifo_read' [F:/AD/experiment/ad9280_ethernet/adc_ethernet.srcs/sources_1/frame_fifo_read.v:31]
	Parameter MEM_DATA_BITS bound to: 64 - type: integer 
	Parameter ADDR_BITS bound to: 25 - type: integer 
	Parameter BUSRT_BITS bound to: 10 - type: integer 
	Parameter FIFO_DEPTH bound to: 256 - type: integer 
	Parameter BURST_SIZE bound to: 64 - type: integer 
	Parameter ONE bound to: 256'b0000000000000000000000000000000000000000000000000000000000000000000000000000000000000000000000000000000000000000000000000000000000000000000000000000000000000000000000000000000000000000000000000000000000000000000000000000000000000000000000000000000000000001 
	Parameter ZERO bound to: 256'b0000000000000000000000000000000000000000000000000000000000000000000000000000000000000000000000000000000000000000000000000000000000000000000000000000000000000000000000000000000000000000000000000000000000000000000000000000000000000000000000000000000000000000 
	Parameter S_IDLE bound to: 0 - type: integer 
	Parameter S_ACK bound to: 1 - type: integer 
	Parameter S_WAIT bound to: 2 - type: integer 
	Parameter S_CHECK_FIFO bound to: 3 - type: integer 
	Parameter S_READ_BURST bound to: 4 - type: integer 
	Parameter S_READ_BURST_END bound to: 5 - type: integer 
	Parameter S_END bound to: 6 - type: integer 
INFO: [Synth 8-6155] done synthesizing module 'frame_fifo_read' (38#1) [F:/AD/experiment/ad9280_ethernet/adc_ethernet.srcs/sources_1/frame_fifo_read.v:31]
INFO: [Synth 8-6155] done synthesizing module 'frame_read_write' (39#1) [F:/AD/experiment/ad9280_ethernet/adc_ethernet.srcs/sources_1/frame_read_write.v:31]
WARNING: [Synth 8-689] width (32) of port connection 'read_len' does not match port width (25) of module 'frame_read_write' [F:/AD/experiment/ad9280_ethernet/adc_ethernet.srcs/sources_1/top.v:393]
WARNING: [Synth 8-689] width (32) of port connection 'write_len' does not match port width (25) of module 'frame_read_write' [F:/AD/experiment/ad9280_ethernet/adc_ethernet.srcs/sources_1/top.v:413]
INFO: [Synth 8-6157] synthesizing module 'ddr3' [F:/AD/experiment/ad9280_ethernet/.Xil/Vivado-26960-FranklinY9000P/realtime/ddr3_stub.v:5]
INFO: [Synth 8-6155] done synthesizing module 'ddr3' (40#1) [F:/AD/experiment/ad9280_ethernet/.Xil/Vivado-26960-FranklinY9000P/realtime/ddr3_stub.v:5]
WARNING: [Synth 8-689] width (64) of port connection 's_axi_awaddr' does not match port width (32) of module 'ddr3' [F:/AD/experiment/ad9280_ethernet/adc_ethernet.srcs/sources_1/top.v:453]
WARNING: [Synth 8-689] width (64) of port connection 's_axi_araddr' does not match port width (32) of module 'ddr3' [F:/AD/experiment/ad9280_ethernet/adc_ethernet.srcs/sources_1/top.v:476]
WARNING: [Synth 8-689] width (2) of port connection 's_axi_arlock' does not match port width (1) of module 'ddr3' [F:/AD/experiment/ad9280_ethernet/adc_ethernet.srcs/sources_1/top.v:480]
WARNING: [Synth 8-7023] instance 'u_ddr3' of module 'ddr3' has 66 connections declared, but only 65 given [F:/AD/experiment/ad9280_ethernet/adc_ethernet.srcs/sources_1/top.v:420]
INFO: [Synth 8-6157] synthesizing module 'fft_ls' [F:/AD/experiment/ad9280_ethernet/.Xil/Vivado-26960-FranklinY9000P/realtime/fft_ls_stub.v:6]
INFO: [Synth 8-6155] done synthesizing module 'fft_ls' (41#1) [F:/AD/experiment/ad9280_ethernet/.Xil/Vivado-26960-FranklinY9000P/realtime/fft_ls_stub.v:6]
WARNING: [Synth 8-689] width (32) of port connection 'm_axis_data_tdata' does not match port width (128) of module 'fft_ls' [F:/AD/experiment/ad9280_ethernet/adc_ethernet.srcs/sources_1/top.v:512]
WARNING: [Synth 8-7023] instance 'fft_ls' of module 'fft_ls' has 23 connections declared, but only 22 given [F:/AD/experiment/ad9280_ethernet/adc_ethernet.srcs/sources_1/top.v:500]
INFO: [Synth 8-6157] synthesizing module 'u_data_modulus' [F:/AD/experiment/ad9280_ethernet/adc_ethernet.srcs/sources_1/new/u_data_modulus.v:23]
INFO: [Synth 8-6157] synthesizing module 'cordic_0' [F:/AD/experiment/ad9280_ethernet/.Xil/Vivado-26960-FranklinY9000P/realtime/cordic_0_stub.v:6]
INFO: [Synth 8-6155] done synthesizing module 'cordic_0' (42#1) [F:/AD/experiment/ad9280_ethernet/.Xil/Vivado-26960-FranklinY9000P/realtime/cordic_0_stub.v:6]
ERROR: [Synth 8-448] named port connection 's_axis_phase_tvalid' does not exist for instance 'u_cordic_0' of module 'cordic_0' [F:/AD/experiment/ad9280_ethernet/adc_ethernet.srcs/sources_1/new/u_data_modulus.v:79]
ERROR: [Synth 8-448] named port connection 's_axis_phase_tdata' does not exist for instance 'u_cordic_0' of module 'cordic_0' [F:/AD/experiment/ad9280_ethernet/adc_ethernet.srcs/sources_1/new/u_data_modulus.v:80]
ERROR: [Synth 8-6156] failed synthesizing module 'u_data_modulus' [F:/AD/experiment/ad9280_ethernet/adc_ethernet.srcs/sources_1/new/u_data_modulus.v:23]
ERROR: [Synth 8-6156] failed synthesizing module 'top' [F:/AD/experiment/ad9280_ethernet/adc_ethernet.srcs/sources_1/top.v:30]
---------------------------------------------------------------------------------
Finished RTL Elaboration : Time (s): cpu = 00:00:01 ; elapsed = 00:00:03 . Memory (MB): peak = 2378.531 ; gain = 43.418
---------------------------------------------------------------------------------
RTL Elaboration failed
113 Infos, 43 Warnings, 0 Critical Warnings and 5 Errors encountered.
synth_design failed
ERROR: [Vivado_Tcl 4-5] Elaboration failed - please see the console for details
update_compile_order -fileset sources_1
update_compile_order -fileset sources_1
synth_design -rtl -name rtl_1
Command: synth_design -rtl -name rtl_1
Starting synth_design
Using part: xc7a100tfgg484-2
Top: top
WARNING: [Synth 8-6901] identifier 'fifo_rdusedw' is used before its declaration [F:/AD/experiment/ad9280_ethernet/adc_ethernet.srcs/sources_1/mac/mac_ctrl.v:143]
WARNING: [Synth 8-976] rgmii_rx_ctl_delay has already been declared [F:/AD/experiment/ad9280_ethernet/adc_ethernet.srcs/sources_1/util_gmii_to_rgmii.v:74]
WARNING: [Synth 8-2654] second declaration of rgmii_rx_ctl_delay ignored [F:/AD/experiment/ad9280_ethernet/adc_ethernet.srcs/sources_1/util_gmii_to_rgmii.v:74]
INFO: [Synth 8-994] rgmii_rx_ctl_delay is declared here [F:/AD/experiment/ad9280_ethernet/adc_ethernet.srcs/sources_1/util_gmii_to_rgmii.v:50]
---------------------------------------------------------------------------------
Starting RTL Elaboration : Time (s): cpu = 00:00:01 ; elapsed = 00:00:02 . Memory (MB): peak = 2378.531 ; gain = 0.000
---------------------------------------------------------------------------------
INFO: [Synth 8-6157] synthesizing module 'top' [F:/AD/experiment/ad9280_ethernet/adc_ethernet.srcs/sources_1/top.v:30]
	Parameter MEM_DATA_BITS bound to: 64 - type: integer 
	Parameter ADDR_BITS bound to: 25 - type: integer 
	Parameter BUSRT_BITS bound to: 10 - type: integer 
INFO: [Synth 8-6157] synthesizing module 'IBUFGDS' [E:/xilinx_SDK/Vivado/2019.1/scripts/rt/data/unisim_comp.v:33335]
	Parameter CAPACITANCE bound to: DONT_CARE - type: string 
	Parameter DIFF_TERM bound to: FALSE - type: string 
	Parameter IBUF_DELAY_VALUE bound to: 0 - type: string 
	Parameter IBUF_LOW_PWR bound to: TRUE - type: string 
	Parameter IOSTANDARD bound to: DEFAULT - type: string 
INFO: [Synth 8-6155] done synthesizing module 'IBUFGDS' (1#1) [E:/xilinx_SDK/Vivado/2019.1/scripts/rt/data/unisim_comp.v:33335]
INFO: [Synth 8-6157] synthesizing module 'adc_pll' [F:/AD/experiment/ad9280_ethernet/.Xil/Vivado-26960-FranklinY9000P/realtime/adc_pll_stub.v:5]
INFO: [Synth 8-6155] done synthesizing module 'adc_pll' (2#1) [F:/AD/experiment/ad9280_ethernet/.Xil/Vivado-26960-FranklinY9000P/realtime/adc_pll_stub.v:5]
INFO: [Synth 8-6157] synthesizing module 'smi_config' [F:/AD/experiment/ad9280_ethernet/adc_ethernet.srcs/sources_1/mdio/smi_config.v:2]
	Parameter REF_CLK bound to: 50000 - type: integer 
	Parameter MDC_CLK bound to: 500 - type: integer 
	Parameter IDLE bound to: 17'b00000000000000001 
	Parameter W_PAGE_0A43 bound to: 17'b00000000000000010 
	Parameter R_CHECK bound to: 17'b00000000000000100 
	Parameter ETH_UNLINK bound to: 17'b00000000000001000 
	Parameter ETH_1000M bound to: 17'b00000000000010000 
	Parameter ETH_100M bound to: 17'b00000000000100000 
	Parameter ETH_10M bound to: 17'b00000000001000000 
	Parameter R_WAIT bound to: 17'b00000000010000000 
	Parameter W_PAGE_171 bound to: 17'b00000000100000000 
	Parameter R_REG_16 bound to: 17'b00000001000000000 
	Parameter W_REG_16 bound to: 17'b00000010000000000 
	Parameter R_REG_17 bound to: 17'b00000100000000000 
	Parameter W_REG_17 bound to: 17'b00001000000000000 
	Parameter RW_END bound to: 17'b00010000000000000 
	Parameter R_REG_1A bound to: 17'b00100000000000000 
	Parameter READ_ID bound to: 17'b01000000000000000 
	Parameter CHECK_ID bound to: 17'b10000000000000000 
INFO: [Synth 8-5534] Detected attribute (* MARK_DEBUG = "true" *) [F:/AD/experiment/ad9280_ethernet/adc_ethernet.srcs/sources_1/mdio/smi_config.v:14]
INFO: [Synth 8-5534] Detected attribute (* MARK_DEBUG = "true" *) [F:/AD/experiment/ad9280_ethernet/adc_ethernet.srcs/sources_1/mdio/smi_config.v:15]
INFO: [Synth 8-5534] Detected attribute (* MARK_DEBUG = "true" *) [F:/AD/experiment/ad9280_ethernet/adc_ethernet.srcs/sources_1/mdio/smi_config.v:20]
INFO: [Synth 8-5534] Detected attribute (* MARK_DEBUG = "true" *) [F:/AD/experiment/ad9280_ethernet/adc_ethernet.srcs/sources_1/mdio/smi_config.v:21]
INFO: [Synth 8-5534] Detected attribute (* MARK_DEBUG = "true" *) [F:/AD/experiment/ad9280_ethernet/adc_ethernet.srcs/sources_1/mdio/smi_config.v:22]
INFO: [Synth 8-5534] Detected attribute (* MARK_DEBUG = "true" *) [F:/AD/experiment/ad9280_ethernet/adc_ethernet.srcs/sources_1/mdio/smi_config.v:23]
INFO: [Synth 8-5534] Detected attribute (* MARK_DEBUG = "true" *) [F:/AD/experiment/ad9280_ethernet/adc_ethernet.srcs/sources_1/mdio/smi_config.v:26]
INFO: [Synth 8-5534] Detected attribute (* MARK_DEBUG = "true" *) [F:/AD/experiment/ad9280_ethernet/adc_ethernet.srcs/sources_1/mdio/smi_config.v:27]
INFO: [Synth 8-5534] Detected attribute (* MARK_DEBUG = "true" *) [F:/AD/experiment/ad9280_ethernet/adc_ethernet.srcs/sources_1/mdio/smi_config.v:28]
INFO: [Synth 8-5534] Detected attribute (* MARK_DEBUG = "true" *) [F:/AD/experiment/ad9280_ethernet/adc_ethernet.srcs/sources_1/mdio/smi_config.v:29]
INFO: [Synth 8-5534] Detected attribute (* MARK_DEBUG = "true" *) [F:/AD/experiment/ad9280_ethernet/adc_ethernet.srcs/sources_1/mdio/smi_config.v:66]
INFO: [Synth 8-6157] synthesizing module 'smi_read_write' [F:/AD/experiment/ad9280_ethernet/adc_ethernet.srcs/sources_1/mdio/smi_read_write.v:2]
	Parameter REF_CLK bound to: 50000 - type: integer 
	Parameter MDC_CLK bound to: 500 - type: integer 
	Parameter HALF_CYCLE bound to: 50 - type: integer 
	Parameter CYCLE bound to: 100 - type: integer 
	Parameter ST bound to: 2'b01 
	Parameter W_OP bound to: 2'b01 
	Parameter R_OP bound to: 2'b10 
	Parameter W_TA bound to: 2'b10 
	Parameter IDLE bound to: 10'b0000000001 
	Parameter WAIT_REQ bound to: 10'b0000000010 
	Parameter W_MDIO bound to: 10'b0000000100 
	Parameter R_MDIO bound to: 10'b0000001000 
	Parameter R_TA_Z bound to: 10'b0000010000 
	Parameter R_DATA bound to: 10'b0000100000 
	Parameter W_END bound to: 10'b0001000000 
	Parameter R_END bound to: 10'b0010000000 
	Parameter R_TA_0 bound to: 10'b0100000000 
	Parameter END_WAIT bound to: 10'b1000000000 
INFO: [Synth 8-5534] Detected attribute (* MARK_DEBUG = "true" *) [F:/AD/experiment/ad9280_ethernet/adc_ethernet.srcs/sources_1/mdio/smi_read_write.v:34]
INFO: [Synth 8-5534] Detected attribute (* MARK_DEBUG = "true" *) [F:/AD/experiment/ad9280_ethernet/adc_ethernet.srcs/sources_1/mdio/smi_read_write.v:35]
INFO: [Synth 8-5534] Detected attribute (* MARK_DEBUG = "true" *) [F:/AD/experiment/ad9280_ethernet/adc_ethernet.srcs/sources_1/mdio/smi_read_write.v:39]
INFO: [Synth 8-5534] Detected attribute (* MARK_DEBUG = "true" *) [F:/AD/experiment/ad9280_ethernet/adc_ethernet.srcs/sources_1/mdio/smi_read_write.v:40]
INFO: [Synth 8-5534] Detected attribute (* MARK_DEBUG = "true" *) [F:/AD/experiment/ad9280_ethernet/adc_ethernet.srcs/sources_1/mdio/smi_read_write.v:41]
INFO: [Synth 8-5534] Detected attribute (* MARK_DEBUG = "true" *) [F:/AD/experiment/ad9280_ethernet/adc_ethernet.srcs/sources_1/mdio/smi_read_write.v:42]
INFO: [Synth 8-5534] Detected attribute (* MARK_DEBUG = "true" *) [F:/AD/experiment/ad9280_ethernet/adc_ethernet.srcs/sources_1/mdio/smi_read_write.v:43]
INFO: [Synth 8-5534] Detected attribute (* MARK_DEBUG = "true" *) [F:/AD/experiment/ad9280_ethernet/adc_ethernet.srcs/sources_1/mdio/smi_read_write.v:94]
INFO: [Synth 8-6157] synthesizing module 'IOBUF' [E:/xilinx_SDK/Vivado/2019.1/scripts/rt/data/unisim_comp.v:36115]
	Parameter DRIVE bound to: 12 - type: integer 
	Parameter IBUF_LOW_PWR bound to: TRUE - type: string 
	Parameter IOSTANDARD bound to: DEFAULT - type: string 
	Parameter SLEW bound to: SLOW - type: string 
INFO: [Synth 8-6155] done synthesizing module 'IOBUF' (3#1) [E:/xilinx_SDK/Vivado/2019.1/scripts/rt/data/unisim_comp.v:36115]
INFO: [Synth 8-6157] synthesizing module 'ODDR' [E:/xilinx_SDK/Vivado/2019.1/scripts/rt/data/unisim_comp.v:49468]
	Parameter DDR_CLK_EDGE bound to: OPPOSITE_EDGE - type: string 
	Parameter INIT bound to: 1'b0 
	Parameter IS_C_INVERTED bound to: 1'b0 
	Parameter IS_D1_INVERTED bound to: 1'b0 
	Parameter IS_D2_INVERTED bound to: 1'b0 
	Parameter SRTYPE bound to: SYNC - type: string 
INFO: [Synth 8-6155] done synthesizing module 'ODDR' (4#1) [E:/xilinx_SDK/Vivado/2019.1/scripts/rt/data/unisim_comp.v:49468]
INFO: [Synth 8-6071] Mark debug on the nets applies keep_hierarchy on instance 'ODDR_inst'. This will prevent further optimization [F:/AD/experiment/ad9280_ethernet/adc_ethernet.srcs/sources_1/mdio/smi_read_write.v:71]
INFO: [Synth 8-6071] Mark debug on the nets applies keep_hierarchy on instance 'IOBUF_inst'. This will prevent further optimization [F:/AD/experiment/ad9280_ethernet/adc_ethernet.srcs/sources_1/mdio/smi_read_write.v:58]
INFO: [Synth 8-6155] done synthesizing module 'smi_read_write' (5#1) [F:/AD/experiment/ad9280_ethernet/adc_ethernet.srcs/sources_1/mdio/smi_read_write.v:2]
WARNING: [Synth 8-7023] instance 'smi_inst' of module 'smi_read_write' has 14 connections declared, but only 12 given [F:/AD/experiment/ad9280_ethernet/adc_ethernet.srcs/sources_1/mdio/smi_config.v:321]
INFO: [Synth 8-6071] Mark debug on the nets applies keep_hierarchy on instance 'smi_inst'. This will prevent further optimization [F:/AD/experiment/ad9280_ethernet/adc_ethernet.srcs/sources_1/mdio/smi_config.v:321]
INFO: [Synth 8-6155] done synthesizing module 'smi_config' (6#1) [F:/AD/experiment/ad9280_ethernet/adc_ethernet.srcs/sources_1/mdio/smi_config.v:2]
WARNING: [Synth 8-7023] instance 'smi_config_inst0' of module 'smi_config' has 6 connections declared, but only 4 given [F:/AD/experiment/ad9280_ethernet/adc_ethernet.srcs/sources_1/top.v:249]
WARNING: [Synth 8-7023] instance 'smi_config_inst1' of module 'smi_config' has 6 connections declared, but only 4 given [F:/AD/experiment/ad9280_ethernet/adc_ethernet.srcs/sources_1/top.v:257]
INFO: [Synth 8-6157] synthesizing module 'reset' [F:/AD/experiment/ad9280_ethernet/adc_ethernet.srcs/sources_1/new/reset.v:2]
INFO: [Synth 8-6155] done synthesizing module 'reset' (7#1) [F:/AD/experiment/ad9280_ethernet/adc_ethernet.srcs/sources_1/new/reset.v:2]
WARNING: [Synth 8-4446] all outputs are unconnected for this instance and logic may be removed [F:/AD/experiment/ad9280_ethernet/adc_ethernet.srcs/sources_1/top.v:297]
INFO: [Synth 8-6157] synthesizing module 'IDELAYCTRL' [E:/xilinx_SDK/Vivado/2019.1/scripts/rt/data/unisim_comp.v:34933]
	Parameter SIM_DEVICE bound to: 7SERIES - type: string 
INFO: [Synth 8-6155] done synthesizing module 'IDELAYCTRL' (8#1) [E:/xilinx_SDK/Vivado/2019.1/scripts/rt/data/unisim_comp.v:34933]
INFO: [Synth 8-6157] synthesizing module 'util_gmii_to_rgmii' [F:/AD/experiment/ad9280_ethernet/adc_ethernet.srcs/sources_1/util_gmii_to_rgmii.v:2]
	Parameter IDELAY_VALUE bound to: 0 - type: integer 
INFO: [Synth 8-6157] synthesizing module 'ODDR__parameterized0' [E:/xilinx_SDK/Vivado/2019.1/scripts/rt/data/unisim_comp.v:49468]
	Parameter DDR_CLK_EDGE bound to: SAME_EDGE - type: string 
	Parameter INIT bound to: 1'b0 
	Parameter IS_C_INVERTED bound to: 1'b0 
	Parameter IS_D1_INVERTED bound to: 1'b0 
	Parameter IS_D2_INVERTED bound to: 1'b0 
	Parameter SRTYPE bound to: SYNC - type: string 
INFO: [Synth 8-6155] done synthesizing module 'ODDR__parameterized0' (8#1) [E:/xilinx_SDK/Vivado/2019.1/scripts/rt/data/unisim_comp.v:49468]
INFO: [Synth 8-6157] synthesizing module 'IDELAYE2' [E:/xilinx_SDK/Vivado/2019.1/scripts/rt/data/unisim_comp.v:34946]
	Parameter CINVCTRL_SEL bound to: FALSE - type: string 
	Parameter DELAY_SRC bound to: IDATAIN - type: string 
	Parameter HIGH_PERFORMANCE_MODE bound to: FALSE - type: string 
	Parameter IDELAY_TYPE bound to: FIXED - type: string 
	Parameter IDELAY_VALUE bound to: 0 - type: integer 
	Parameter IS_C_INVERTED bound to: 1'b0 
	Parameter IS_DATAIN_INVERTED bound to: 1'b0 
	Parameter IS_IDATAIN_INVERTED bound to: 1'b0 
	Parameter PIPE_SEL bound to: FALSE - type: string 
	Parameter REFCLK_FREQUENCY bound to: 200.000000 - type: float 
	Parameter SIGNAL_PATTERN bound to: DATA - type: string 
	Parameter SIM_DELAY_D bound to: 0 - type: integer 
INFO: [Synth 8-6155] done synthesizing module 'IDELAYE2' (9#1) [E:/xilinx_SDK/Vivado/2019.1/scripts/rt/data/unisim_comp.v:34946]
INFO: [Synth 8-6157] synthesizing module 'IDDR' [E:/xilinx_SDK/Vivado/2019.1/scripts/rt/data/unisim_comp.v:34811]
	Parameter DDR_CLK_EDGE bound to: SAME_EDGE_PIPELINED - type: string 
	Parameter INIT_Q1 bound to: 1'b0 
	Parameter INIT_Q2 bound to: 1'b0 
	Parameter IS_C_INVERTED bound to: 1'b0 
	Parameter IS_D_INVERTED bound to: 1'b0 
	Parameter SRTYPE bound to: SYNC - type: string 
INFO: [Synth 8-6155] done synthesizing module 'IDDR' (10#1) [E:/xilinx_SDK/Vivado/2019.1/scripts/rt/data/unisim_comp.v:34811]
INFO: [Synth 8-6157] synthesizing module 'BUFG' [E:/xilinx_SDK/Vivado/2019.1/scripts/rt/data/unisim_comp.v:1075]
INFO: [Synth 8-6155] done synthesizing module 'BUFG' (11#1) [E:/xilinx_SDK/Vivado/2019.1/scripts/rt/data/unisim_comp.v:1075]
INFO: [Synth 8-6157] synthesizing module 'BUFIO' [E:/xilinx_SDK/Vivado/2019.1/scripts/rt/data/unisim_comp.v:1336]
INFO: [Synth 8-6155] done synthesizing module 'BUFIO' (12#1) [E:/xilinx_SDK/Vivado/2019.1/scripts/rt/data/unisim_comp.v:1336]
WARNING: [Synth 8-6014] Unused sequential element speed_selection_d0_reg was removed.  [F:/AD/experiment/ad9280_ethernet/adc_ethernet.srcs/sources_1/util_gmii_to_rgmii.v:80]
WARNING: [Synth 8-6014] Unused sequential element speed_selection_d1_reg was removed.  [F:/AD/experiment/ad9280_ethernet/adc_ethernet.srcs/sources_1/util_gmii_to_rgmii.v:81]
WARNING: [Synth 8-6014] Unused sequential element gmii_tx_er_r_d1_reg was removed.  [F:/AD/experiment/ad9280_ethernet/adc_ethernet.srcs/sources_1/util_gmii_to_rgmii.v:139]
INFO: [Synth 8-6155] done synthesizing module 'util_gmii_to_rgmii' (13#1) [F:/AD/experiment/ad9280_ethernet/adc_ethernet.srcs/sources_1/util_gmii_to_rgmii.v:2]
INFO: [Synth 8-6157] synthesizing module 'eth_top' [F:/AD/experiment/ad9280_ethernet/adc_ethernet.srcs/sources_1/mac/eth_top.v:1]
	Parameter LOCAL_IP_ADDR bound to: -1062731774 - type: integer 
	Parameter LOCAL_MAC_ADDR bound to: 48'b000000000000101000110101000000011111111011000000 
	Parameter UDP_SRC_PORT bound to: 16'b0001111110010000 
	Parameter UDP_DST_PORT bound to: 16'b0001111110010000 
	Parameter TTL bound to: 8'b10000000 
INFO: [Synth 8-6157] synthesizing module 'mac_top' [F:/AD/experiment/ad9280_ethernet/adc_ethernet.srcs/sources_1/mac/mac_top.v:7]
INFO: [Synth 8-6157] synthesizing module 'mac_tx_top' [F:/AD/experiment/ad9280_ethernet/adc_ethernet.srcs/sources_1/mac/tx/mac_tx_top.v:7]
INFO: [Synth 8-6157] synthesizing module 'mac_tx' [F:/AD/experiment/ad9280_ethernet/adc_ethernet.srcs/sources_1/mac/tx/mac_tx.v:8]
	Parameter SEND_IDLE bound to: 6'b000001 
	Parameter SEND_START bound to: 6'b000010 
	Parameter SEND_PREAMBLE bound to: 6'b000100 
	Parameter SEND_DATA bound to: 6'b001000 
	Parameter SEND_CRC bound to: 6'b010000 
	Parameter SEND_END bound to: 6'b100000 
INFO: [Synth 8-6155] done synthesizing module 'mac_tx' (14#1) [F:/AD/experiment/ad9280_ethernet/adc_ethernet.srcs/sources_1/mac/tx/mac_tx.v:8]
INFO: [Synth 8-6157] synthesizing module 'mac_tx_mode' [F:/AD/experiment/ad9280_ethernet/adc_ethernet.srcs/sources_1/mac/tx/mac_tx_mode.v:7]
	Parameter IDLE bound to: 3'b001 
	Parameter ARP bound to: 3'b010 
	Parameter IP bound to: 3'b100 
INFO: [Synth 8-6155] done synthesizing module 'mac_tx_mode' (15#1) [F:/AD/experiment/ad9280_ethernet/adc_ethernet.srcs/sources_1/mac/tx/mac_tx_mode.v:7]
INFO: [Synth 8-6157] synthesizing module 'crc' [F:/AD/experiment/ad9280_ethernet/adc_ethernet.srcs/sources_1/mac/crc.v:5]
	Parameter Tp bound to: 1 - type: integer 
INFO: [Synth 8-6155] done synthesizing module 'crc' (16#1) [F:/AD/experiment/ad9280_ethernet/adc_ethernet.srcs/sources_1/mac/crc.v:5]
INFO: [Synth 8-6157] synthesizing module 'arp_tx' [F:/AD/experiment/ad9280_ethernet/adc_ethernet.srcs/sources_1/mac/tx/arp_tx.v:7]
	Parameter mac_type bound to: 16'b0000100000000110 
	Parameter hardware_type bound to: 16'b0000000000000001 
	Parameter protocol_type bound to: 16'b0000100000000000 
	Parameter mac_length bound to: 8'b00000110 
	Parameter ip_length bound to: 8'b00000100 
	Parameter ARP_REQUEST_CODE bound to: 16'b0000000000000001 
	Parameter ARP_REPLY_CODE bound to: 16'b0000000000000010 
	Parameter IDLE bound to: 5'b00001 
	Parameter ARP_REQUEST_WAIT bound to: 5'b00010 
	Parameter ARP_REQUEST bound to: 5'b00100 
	Parameter ARP_REPLY_WAIT bound to: 5'b01000 
	Parameter ARP_REPLY bound to: 5'b10000 
INFO: [Synth 8-6155] done synthesizing module 'arp_tx' (17#1) [F:/AD/experiment/ad9280_ethernet/adc_ethernet.srcs/sources_1/mac/tx/arp_tx.v:7]
INFO: [Synth 8-6157] synthesizing module 'ip_tx' [F:/AD/experiment/ad9280_ethernet/adc_ethernet.srcs/sources_1/mac/tx/ip_tx.v:9]
	Parameter mac_type bound to: 16'b0000100000000000 
	Parameter ip_version bound to: 4'b0100 
	Parameter header_len bound to: 4'b0101 
	Parameter IDLE bound to: 6'b000001 
	Parameter WAIT_DATA_LENGTH bound to: 6'b000010 
	Parameter GEN_CHECKSUM bound to: 6'b000100 
	Parameter SEND_WAIT bound to: 6'b001000 
	Parameter WAIT_MAC bound to: 6'b010000 
	Parameter IP_SEND bound to: 6'b100000 
WARNING: [Synth 8-3848] Net ip_tx_busy in module/entity ip_tx does not have driver. [F:/AD/experiment/ad9280_ethernet/adc_ethernet.srcs/sources_1/mac/tx/ip_tx.v:28]
INFO: [Synth 8-6155] done synthesizing module 'ip_tx' (18#1) [F:/AD/experiment/ad9280_ethernet/adc_ethernet.srcs/sources_1/mac/tx/ip_tx.v:9]
WARNING: [Synth 8-7023] instance 'ip0' of module 'ip_tx' has 19 connections declared, but only 18 given [F:/AD/experiment/ad9280_ethernet/adc_ethernet.srcs/sources_1/mac/tx/mac_tx_top.v:158]
INFO: [Synth 8-6157] synthesizing module 'ip_tx_mode' [F:/AD/experiment/ad9280_ethernet/adc_ethernet.srcs/sources_1/mac/tx/ip_tx_mode.v:7]
	Parameter ip_udp_type bound to: 8'b00010001 
	Parameter ip_icmp_type bound to: 8'b00000001 
	Parameter IDLE bound to: 3'b001 
	Parameter UDP bound to: 3'b010 
	Parameter ICMP bound to: 3'b100 
INFO: [Synth 8-6155] done synthesizing module 'ip_tx_mode' (19#1) [F:/AD/experiment/ad9280_ethernet/adc_ethernet.srcs/sources_1/mac/tx/ip_tx_mode.v:7]
INFO: [Synth 8-6157] synthesizing module 'udp_tx' [F:/AD/experiment/ad9280_ethernet/adc_ethernet.srcs/sources_1/mac/tx/udp_tx.v:7]
	Parameter IDLE bound to: 7'b0000001 
	Parameter HEADER_CHECKSUM bound to: 7'b0000010 
	Parameter GEN_CHECKSUM bound to: 7'b0000100 
	Parameter GEN_ODD_CHECKSUM bound to: 7'b0001000 
	Parameter GEN_CHECKSUM_END bound to: 7'b0010000 
	Parameter SEND_WAIT bound to: 7'b0100000 
	Parameter UDP_SEND bound to: 7'b1000000 
WARNING: [Synth 8-6014] Unused sequential element ram_write_addr_reg was removed.  [F:/AD/experiment/ad9280_ethernet/adc_ethernet.srcs/sources_1/mac/tx/udp_tx.v:125]
WARNING: [Synth 8-6014] Unused sequential element ram_wr_data_d0_reg was removed.  [F:/AD/experiment/ad9280_ethernet/adc_ethernet.srcs/sources_1/mac/tx/udp_tx.v:150]
WARNING: [Synth 8-6014] Unused sequential element ram_wr_data_d1_reg was removed.  [F:/AD/experiment/ad9280_ethernet/adc_ethernet.srcs/sources_1/mac/tx/udp_tx.v:151]
WARNING: [Synth 8-6014] Unused sequential element ram_rdata_d1_reg was removed.  [F:/AD/experiment/ad9280_ethernet/adc_ethernet.srcs/sources_1/mac/tx/udp_tx.v:166]
WARNING: [Synth 8-3848] Net udp_ram_data_req in module/entity udp_tx does not have driver. [F:/AD/experiment/ad9280_ethernet/adc_ethernet.srcs/sources_1/mac/tx/udp_tx.v:24]
WARNING: [Synth 8-3848] Net udp_tx_end in module/entity udp_tx does not have driver. [F:/AD/experiment/ad9280_ethernet/adc_ethernet.srcs/sources_1/mac/tx/udp_tx.v:30]
INFO: [Synth 8-6155] done synthesizing module 'udp_tx' (20#1) [F:/AD/experiment/ad9280_ethernet/adc_ethernet.srcs/sources_1/mac/tx/udp_tx.v:7]
INFO: [Synth 8-6155] done synthesizing module 'mac_tx_top' (21#1) [F:/AD/experiment/ad9280_ethernet/adc_ethernet.srcs/sources_1/mac/tx/mac_tx_top.v:7]
INFO: [Synth 8-6157] synthesizing module 'mac_rx_top' [F:/AD/experiment/ad9280_ethernet/adc_ethernet.srcs/sources_1/mac/rx/mac_rx_top.v:7]
INFO: [Synth 8-6157] synthesizing module 'mac_rx' [F:/AD/experiment/ad9280_ethernet/adc_ethernet.srcs/sources_1/mac/rx/mac_rx.v:7]
	Parameter IDLE bound to: 8'b00000001 
	Parameter REC_PREAMBLE bound to: 8'b00000010 
	Parameter REC_MAC_HEAD bound to: 8'b00000100 
	Parameter REC_IDENTIFY bound to: 8'b00001000 
	Parameter REC_DATA bound to: 8'b00010000 
	Parameter REC_CRC bound to: 8'b00100000 
	Parameter REC_ERROR bound to: 8'b01000000 
	Parameter REC_END bound to: 8'b10000000 
WARNING: [Synth 8-6014] Unused sequential element rx_dv_d1_reg was removed.  [F:/AD/experiment/ad9280_ethernet/adc_ethernet.srcs/sources_1/mac/rx/mac_rx.v:200]
WARNING: [Synth 8-6014] Unused sequential element mac_crc_cnt_reg was removed.  [F:/AD/experiment/ad9280_ethernet/adc_ethernet.srcs/sources_1/mac/rx/mac_rx.v:238]
INFO: [Synth 8-6155] done synthesizing module 'mac_rx' (22#1) [F:/AD/experiment/ad9280_ethernet/adc_ethernet.srcs/sources_1/mac/rx/mac_rx.v:7]
INFO: [Synth 8-6157] synthesizing module 'ip_rx' [F:/AD/experiment/ad9280_ethernet/adc_ethernet.srcs/sources_1/mac/rx/ip_rx.v:7]
	Parameter IDLE bound to: 5'b00001 
	Parameter REC_HEADER0 bound to: 5'b00010 
	Parameter REC_HEADER1 bound to: 5'b00100 
	Parameter REC_DATA bound to: 5'b01000 
	Parameter REC_END bound to: 5'b10000 
WARNING: [Synth 8-6014] Unused sequential element ip_rx_data_d1_reg was removed.  [F:/AD/experiment/ad9280_ethernet/adc_ethernet.srcs/sources_1/mac/rx/ip_rx.v:170]
INFO: [Synth 8-6155] done synthesizing module 'ip_rx' (23#1) [F:/AD/experiment/ad9280_ethernet/adc_ethernet.srcs/sources_1/mac/rx/ip_rx.v:7]
INFO: [Synth 8-6157] synthesizing module 'udp_rx' [F:/AD/experiment/ad9280_ethernet/adc_ethernet.srcs/sources_1/mac/rx/udp_rx.v:7]
	Parameter IDLE bound to: 8'b00000001 
	Parameter REC_HEAD bound to: 8'b00000010 
	Parameter REC_DATA bound to: 8'b00000100 
	Parameter REC_ODD_DATA bound to: 8'b00001000 
	Parameter VERIFY_CHECKSUM bound to: 8'b00010000 
	Parameter REC_ERROR bound to: 8'b00100000 
	Parameter REC_END_WAIT bound to: 8'b01000000 
	Parameter REC_END bound to: 8'b10000000 
INFO: [Synth 8-6157] synthesizing module 'dpram' [F:/AD/experiment/ad9280_ethernet/adc_ethernet.srcs/sources_1/mac/dpram.v:1]
	Parameter WIDTH bound to: 8 - type: integer 
	Parameter DEPTH bound to: 11 - type: integer 
INFO: [Synth 8-6155] done synthesizing module 'dpram' (24#1) [F:/AD/experiment/ad9280_ethernet/adc_ethernet.srcs/sources_1/mac/dpram.v:1]
INFO: [Synth 8-6155] done synthesizing module 'udp_rx' (25#1) [F:/AD/experiment/ad9280_ethernet/adc_ethernet.srcs/sources_1/mac/rx/udp_rx.v:7]
INFO: [Synth 8-6157] synthesizing module 'arp_rx' [F:/AD/experiment/ad9280_ethernet/adc_ethernet.srcs/sources_1/mac/rx/arp_rx.v:7]
	Parameter ARP_REQUEST_CODE bound to: 16'b0000000000000001 
	Parameter ARP_REPLY_CODE bound to: 16'b0000000000000010 
	Parameter IDLE bound to: 4'b0001 
	Parameter ARP_REC_DATA bound to: 4'b0010 
	Parameter ARP_WAIT bound to: 4'b0100 
	Parameter ARP_END bound to: 4'b1000 
INFO: [Synth 8-6155] done synthesizing module 'arp_rx' (26#1) [F:/AD/experiment/ad9280_ethernet/adc_ethernet.srcs/sources_1/mac/rx/arp_rx.v:7]
WARNING: [Synth 8-7023] instance 'arp0' of module 'arp_rx' has 13 connections declared, but only 12 given [F:/AD/experiment/ad9280_ethernet/adc_ethernet.srcs/sources_1/mac/rx/mac_rx_top.v:161]
INFO: [Synth 8-6155] done synthesizing module 'mac_rx_top' (27#1) [F:/AD/experiment/ad9280_ethernet/adc_ethernet.srcs/sources_1/mac/rx/mac_rx_top.v:7]
INFO: [Synth 8-6157] synthesizing module 'icmp_reply' [F:/AD/experiment/ad9280_ethernet/adc_ethernet.srcs/sources_1/mac/icmp_reply.v:7]
	Parameter ECHO_REQUEST bound to: 8'b00001000 
	Parameter ECHO_REPLY bound to: 8'b00000000 
	Parameter IDLE bound to: 11'b00000000001 
	Parameter REC_DATA bound to: 11'b00000000010 
	Parameter REC_ODD_DATA bound to: 11'b00000000100 
	Parameter VERIFY_CHECKSUM bound to: 11'b00000001000 
	Parameter REC_ERROR bound to: 11'b00000010000 
	Parameter REC_END_WAIT bound to: 11'b00000100000 
	Parameter GEN_CHECKSUM bound to: 11'b00001000000 
	Parameter SEND_WAIT bound to: 11'b00010000000 
	Parameter SEND bound to: 11'b00100000000 
	Parameter REC_END bound to: 11'b01000000000 
	Parameter SEND_END bound to: 11'b10000000000 
INFO: [Synth 8-6157] synthesizing module 'dpram__parameterized0' [F:/AD/experiment/ad9280_ethernet/adc_ethernet.srcs/sources_1/mac/dpram.v:1]
	Parameter WIDTH bound to: 8 - type: integer 
	Parameter DEPTH bound to: 8 - type: integer 
INFO: [Synth 8-6155] done synthesizing module 'dpram__parameterized0' (27#1) [F:/AD/experiment/ad9280_ethernet/adc_ethernet.srcs/sources_1/mac/dpram.v:1]
WARNING: [Synth 8-689] width (11) of port connection 'rdaddress' does not match port width (8) of module 'dpram__parameterized0' [F:/AD/experiment/ad9280_ethernet/adc_ethernet.srcs/sources_1/mac/icmp_reply.v:313]
WARNING: [Synth 8-689] width (11) of port connection 'wraddress' does not match port width (8) of module 'dpram__parameterized0' [F:/AD/experiment/ad9280_ethernet/adc_ethernet.srcs/sources_1/mac/icmp_reply.v:314]
WARNING: [Synth 8-3848] Net icmp_tx_end in module/entity icmp_reply does not have driver. [F:/AD/experiment/ad9280_ethernet/adc_ethernet.srcs/sources_1/mac/icmp_reply.v:20]
INFO: [Synth 8-6155] done synthesizing module 'icmp_reply' (28#1) [F:/AD/experiment/ad9280_ethernet/adc_ethernet.srcs/sources_1/mac/icmp_reply.v:7]
INFO: [Synth 8-6157] synthesizing module 'arp_cache' [F:/AD/experiment/ad9280_ethernet/adc_ethernet.srcs/sources_1/mac/arp_cache.v:1]
INFO: [Synth 8-6155] done synthesizing module 'arp_cache' (29#1) [F:/AD/experiment/ad9280_ethernet/adc_ethernet.srcs/sources_1/mac/arp_cache.v:1]
INFO: [Synth 8-6155] done synthesizing module 'mac_top' (30#1) [F:/AD/experiment/ad9280_ethernet/adc_ethernet.srcs/sources_1/mac/mac_top.v:7]
INFO: [Synth 8-6157] synthesizing module 'eth_cmd' [F:/AD/experiment/ad9280_ethernet/adc_ethernet.srcs/sources_1/mac/eth_cmd.v:2]
	Parameter SAMPLE_RATE bound to: 32000000 - type: integer 
	Parameter SAMPLE_DEPTH bound to: 262144 - type: integer 
	Parameter DATA_SIGN bound to: 8'b00000001 
	Parameter DATA_LEN bound to: 8'b00001000 
	Parameter DATA_BYTE bound to: 8'b00000010 
	Parameter CMD_INQUIRY bound to: 65537 - type: integer 
	Parameter AD_DATA_REQ bound to: 65538 - type: integer 
	Parameter CMD_SEND_LEN bound to: 16'b0000000000011011 
	Parameter IDLE bound to: 7'b0000001 
	Parameter CMD_READ bound to: 7'b0000010 
	Parameter CMD_WAIT bound to: 7'b0000100 
	Parameter CMD_CHECK bound to: 7'b0001000 
	Parameter CMD_REPLY_WAIT bound to: 7'b0010000 
	Parameter CMD_REPLY bound to: 7'b0100000 
	Parameter CMD_END bound to: 7'b1000000 
WARNING: [Synth 8-6014] Unused sequential element ad_data_ack_d0_reg was removed.  [F:/AD/experiment/ad9280_ethernet/adc_ethernet.srcs/sources_1/mac/eth_cmd.v:140]
WARNING: [Synth 8-6014] Unused sequential element ad_data_ack_d1_reg was removed.  [F:/AD/experiment/ad9280_ethernet/adc_ethernet.srcs/sources_1/mac/eth_cmd.v:141]
WARNING: [Synth 8-6014] Unused sequential element ad_data_ack_d2_reg was removed.  [F:/AD/experiment/ad9280_ethernet/adc_ethernet.srcs/sources_1/mac/eth_cmd.v:142]
INFO: [Synth 8-6155] done synthesizing module 'eth_cmd' (31#1) [F:/AD/experiment/ad9280_ethernet/adc_ethernet.srcs/sources_1/mac/eth_cmd.v:2]
INFO: [Synth 8-6157] synthesizing module 'mac_ctrl' [F:/AD/experiment/ad9280_ethernet/adc_ethernet.srcs/sources_1/mac/mac_ctrl.v:7]
	Parameter AD_DATA_REQ bound to: 65538 - type: integer 
	Parameter IDLE bound to: 13'b0000000000001 
	Parameter CMD_WAIT bound to: 13'b0000000000010 
	Parameter CHECK_ARP bound to: 13'b0000000000100 
	Parameter ARP_REQ bound to: 13'b0000000001000 
	Parameter ARP_SEND bound to: 13'b0000000010000 
	Parameter ARP_WAIT bound to: 13'b0000000100000 
	Parameter WAIT bound to: 13'b0000001000000 
	Parameter CHECK_FIFO bound to: 13'b0000010000000 
	Parameter GEN_CMD_REQ bound to: 13'b0000100000000 
	Parameter GEN_AD_REQ bound to: 13'b0001000000000 
	Parameter CMD_SEND bound to: 13'b0010000000000 
	Parameter AD_SEND bound to: 13'b0100000000000 
	Parameter AD_SEND_WAIT bound to: 13'b1000000000000 
INFO: [Synth 8-6155] done synthesizing module 'mac_ctrl' (32#1) [F:/AD/experiment/ad9280_ethernet/adc_ethernet.srcs/sources_1/mac/mac_ctrl.v:7]
WARNING: [Synth 8-689] width (12) of port connection 'fifo_data_count' does not match port width (11) of module 'mac_ctrl' [F:/AD/experiment/ad9280_ethernet/adc_ethernet.srcs/sources_1/mac/eth_top.v:178]
INFO: [Synth 8-6155] done synthesizing module 'eth_top' (33#1) [F:/AD/experiment/ad9280_ethernet/adc_ethernet.srcs/sources_1/mac/eth_top.v:1]
WARNING: [Synth 8-689] width (16) of port connection 'fifo_data_count' does not match port width (12) of module 'eth_top' [F:/AD/experiment/ad9280_ethernet/adc_ethernet.srcs/sources_1/top.v:340]
INFO: [Synth 8-6157] synthesizing module 'ad9280_sample' [F:/AD/experiment/ad9280_ethernet/adc_ethernet.srcs/sources_1/ad/ad9280_sample.v:29]
	Parameter S_IDLE bound to: 0 - type: integer 
	Parameter S_REQ bound to: 1 - type: integer 
	Parameter S_ACK_WAIT bound to: 2 - type: integer 
	Parameter S_SAMPLE bound to: 3 - type: integer 
	Parameter S_WAIT bound to: 4 - type: integer 
WARNING: [Synth 8-5788] Register write_req_reg in module ad9280_sample is has both Set and reset with same priority. This may cause simulation mismatches. Consider rewriting code  [F:/AD/experiment/ad9280_ethernet/adc_ethernet.srcs/sources_1/ad/ad9280_sample.v:126]
INFO: [Synth 8-6155] done synthesizing module 'ad9280_sample' (34#1) [F:/AD/experiment/ad9280_ethernet/adc_ethernet.srcs/sources_1/ad/ad9280_sample.v:29]
INFO: [Synth 8-6157] synthesizing module 'frame_read_write' [F:/AD/experiment/ad9280_ethernet/adc_ethernet.srcs/sources_1/frame_read_write.v:31]
	Parameter MEM_DATA_BITS bound to: 64 - type: integer 
	Parameter READ_DATA_BITS bound to: 16 - type: integer 
	Parameter WRITE_DATA_BITS bound to: 16 - type: integer 
	Parameter ADDR_BITS bound to: 25 - type: integer 
	Parameter BUSRT_BITS bound to: 10 - type: integer 
	Parameter BURST_SIZE bound to: 64 - type: integer 
INFO: [Synth 8-6157] synthesizing module 'afifo_16i_64o_512' [F:/AD/experiment/ad9280_ethernet/.Xil/Vivado-26960-FranklinY9000P/realtime/afifo_16i_64o_512_stub.v:6]
INFO: [Synth 8-6155] done synthesizing module 'afifo_16i_64o_512' (35#1) [F:/AD/experiment/ad9280_ethernet/.Xil/Vivado-26960-FranklinY9000P/realtime/afifo_16i_64o_512_stub.v:6]
WARNING: [Synth 8-689] width (16) of port connection 'rd_data_count' does not match port width (7) of module 'afifo_16i_64o_512' [F:/AD/experiment/ad9280_ethernet/adc_ethernet.srcs/sources_1/frame_read_write.v:97]
INFO: [Synth 8-6157] synthesizing module 'frame_fifo_write' [F:/AD/experiment/ad9280_ethernet/adc_ethernet.srcs/sources_1/frame_fifo_write.v:31]
	Parameter MEM_DATA_BITS bound to: 64 - type: integer 
	Parameter ADDR_BITS bound to: 25 - type: integer 
	Parameter BUSRT_BITS bound to: 10 - type: integer 
	Parameter BURST_SIZE bound to: 64 - type: integer 
	Parameter ONE bound to: 256'b0000000000000000000000000000000000000000000000000000000000000000000000000000000000000000000000000000000000000000000000000000000000000000000000000000000000000000000000000000000000000000000000000000000000000000000000000000000000000000000000000000000000000001 
	Parameter ZERO bound to: 256'b0000000000000000000000000000000000000000000000000000000000000000000000000000000000000000000000000000000000000000000000000000000000000000000000000000000000000000000000000000000000000000000000000000000000000000000000000000000000000000000000000000000000000000 
	Parameter S_IDLE bound to: 0 - type: integer 
	Parameter S_ACK bound to: 1 - type: integer 
	Parameter S_CHECK_FIFO bound to: 2 - type: integer 
	Parameter S_WRITE_BURST bound to: 3 - type: integer 
	Parameter S_WRITE_BURST_END bound to: 4 - type: integer 
	Parameter S_END bound to: 5 - type: integer 
INFO: [Synth 8-6155] done synthesizing module 'frame_fifo_write' (36#1) [F:/AD/experiment/ad9280_ethernet/adc_ethernet.srcs/sources_1/frame_fifo_write.v:31]
INFO: [Synth 8-6157] synthesizing module 'afifo_64i_16o_128' [F:/AD/experiment/ad9280_ethernet/.Xil/Vivado-26960-FranklinY9000P/realtime/afifo_64i_16o_128_stub.v:6]
INFO: [Synth 8-6155] done synthesizing module 'afifo_64i_16o_128' (37#1) [F:/AD/experiment/ad9280_ethernet/.Xil/Vivado-26960-FranklinY9000P/realtime/afifo_64i_16o_128_stub.v:6]
WARNING: [Synth 8-689] width (16) of port connection 'rd_data_count' does not match port width (10) of module 'afifo_64i_16o_128' [F:/AD/experiment/ad9280_ethernet/adc_ethernet.srcs/sources_1/frame_read_write.v:143]
WARNING: [Synth 8-689] width (16) of port connection 'wr_data_count' does not match port width (8) of module 'afifo_64i_16o_128' [F:/AD/experiment/ad9280_ethernet/adc_ethernet.srcs/sources_1/frame_read_write.v:144]
WARNING: [Synth 8-7023] instance 'read_buf' of module 'afifo_64i_16o_128' has 13 connections declared, but only 11 given [F:/AD/experiment/ad9280_ethernet/adc_ethernet.srcs/sources_1/frame_read_write.v:133]
INFO: [Synth 8-6157] synthesizing module 'frame_fifo_read' [F:/AD/experiment/ad9280_ethernet/adc_ethernet.srcs/sources_1/frame_fifo_read.v:31]
	Parameter MEM_DATA_BITS bound to: 64 - type: integer 
	Parameter ADDR_BITS bound to: 25 - type: integer 
	Parameter BUSRT_BITS bound to: 10 - type: integer 
	Parameter FIFO_DEPTH bound to: 256 - type: integer 
	Parameter BURST_SIZE bound to: 64 - type: integer 
	Parameter ONE bound to: 256'b0000000000000000000000000000000000000000000000000000000000000000000000000000000000000000000000000000000000000000000000000000000000000000000000000000000000000000000000000000000000000000000000000000000000000000000000000000000000000000000000000000000000000001 
	Parameter ZERO bound to: 256'b0000000000000000000000000000000000000000000000000000000000000000000000000000000000000000000000000000000000000000000000000000000000000000000000000000000000000000000000000000000000000000000000000000000000000000000000000000000000000000000000000000000000000000 
	Parameter S_IDLE bound to: 0 - type: integer 
	Parameter S_ACK bound to: 1 - type: integer 
	Parameter S_WAIT bound to: 2 - type: integer 
	Parameter S_CHECK_FIFO bound to: 3 - type: integer 
	Parameter S_READ_BURST bound to: 4 - type: integer 
	Parameter S_READ_BURST_END bound to: 5 - type: integer 
	Parameter S_END bound to: 6 - type: integer 
INFO: [Synth 8-6155] done synthesizing module 'frame_fifo_read' (38#1) [F:/AD/experiment/ad9280_ethernet/adc_ethernet.srcs/sources_1/frame_fifo_read.v:31]
INFO: [Synth 8-6155] done synthesizing module 'frame_read_write' (39#1) [F:/AD/experiment/ad9280_ethernet/adc_ethernet.srcs/sources_1/frame_read_write.v:31]
WARNING: [Synth 8-689] width (32) of port connection 'read_len' does not match port width (25) of module 'frame_read_write' [F:/AD/experiment/ad9280_ethernet/adc_ethernet.srcs/sources_1/top.v:393]
WARNING: [Synth 8-689] width (32) of port connection 'write_len' does not match port width (25) of module 'frame_read_write' [F:/AD/experiment/ad9280_ethernet/adc_ethernet.srcs/sources_1/top.v:413]
INFO: [Synth 8-6157] synthesizing module 'ddr3' [F:/AD/experiment/ad9280_ethernet/.Xil/Vivado-26960-FranklinY9000P/realtime/ddr3_stub.v:5]
INFO: [Synth 8-6155] done synthesizing module 'ddr3' (40#1) [F:/AD/experiment/ad9280_ethernet/.Xil/Vivado-26960-FranklinY9000P/realtime/ddr3_stub.v:5]
WARNING: [Synth 8-689] width (64) of port connection 's_axi_awaddr' does not match port width (32) of module 'ddr3' [F:/AD/experiment/ad9280_ethernet/adc_ethernet.srcs/sources_1/top.v:453]
WARNING: [Synth 8-689] width (64) of port connection 's_axi_araddr' does not match port width (32) of module 'ddr3' [F:/AD/experiment/ad9280_ethernet/adc_ethernet.srcs/sources_1/top.v:476]
WARNING: [Synth 8-689] width (2) of port connection 's_axi_arlock' does not match port width (1) of module 'ddr3' [F:/AD/experiment/ad9280_ethernet/adc_ethernet.srcs/sources_1/top.v:480]
WARNING: [Synth 8-7023] instance 'u_ddr3' of module 'ddr3' has 66 connections declared, but only 65 given [F:/AD/experiment/ad9280_ethernet/adc_ethernet.srcs/sources_1/top.v:420]
INFO: [Synth 8-6157] synthesizing module 'fft_ls' [F:/AD/experiment/ad9280_ethernet/.Xil/Vivado-26960-FranklinY9000P/realtime/fft_ls_stub.v:6]
INFO: [Synth 8-6155] done synthesizing module 'fft_ls' (41#1) [F:/AD/experiment/ad9280_ethernet/.Xil/Vivado-26960-FranklinY9000P/realtime/fft_ls_stub.v:6]
WARNING: [Synth 8-689] width (32) of port connection 'm_axis_data_tdata' does not match port width (128) of module 'fft_ls' [F:/AD/experiment/ad9280_ethernet/adc_ethernet.srcs/sources_1/top.v:512]
WARNING: [Synth 8-7023] instance 'fft_ls' of module 'fft_ls' has 23 connections declared, but only 22 given [F:/AD/experiment/ad9280_ethernet/adc_ethernet.srcs/sources_1/top.v:500]
INFO: [Synth 8-6157] synthesizing module 'data_modulus' [F:/AD/experiment/ad9280_ethernet/adc_ethernet.srcs/sources_1/new/u_data_modulus.v:23]
INFO: [Synth 8-6157] synthesizing module 'cordic_0' [F:/AD/experiment/ad9280_ethernet/.Xil/Vivado-26960-FranklinY9000P/realtime/cordic_0_stub.v:6]
INFO: [Synth 8-6155] done synthesizing module 'cordic_0' (42#1) [F:/AD/experiment/ad9280_ethernet/.Xil/Vivado-26960-FranklinY9000P/realtime/cordic_0_stub.v:6]
ERROR: [Synth 8-448] named port connection 's_axis_phase_tvalid' does not exist for instance 'u_cordic_0' of module 'cordic_0' [F:/AD/experiment/ad9280_ethernet/adc_ethernet.srcs/sources_1/new/u_data_modulus.v:79]
ERROR: [Synth 8-448] named port connection 's_axis_phase_tdata' does not exist for instance 'u_cordic_0' of module 'cordic_0' [F:/AD/experiment/ad9280_ethernet/adc_ethernet.srcs/sources_1/new/u_data_modulus.v:80]
ERROR: [Synth 8-6156] failed synthesizing module 'data_modulus' [F:/AD/experiment/ad9280_ethernet/adc_ethernet.srcs/sources_1/new/u_data_modulus.v:23]
ERROR: [Synth 8-6156] failed synthesizing module 'top' [F:/AD/experiment/ad9280_ethernet/adc_ethernet.srcs/sources_1/top.v:30]
---------------------------------------------------------------------------------
Finished RTL Elaboration : Time (s): cpu = 00:00:02 ; elapsed = 00:00:03 . Memory (MB): peak = 2378.531 ; gain = 0.000
---------------------------------------------------------------------------------
RTL Elaboration failed
113 Infos, 43 Warnings, 0 Critical Warnings and 5 Errors encountered.
synth_design failed
ERROR: [Vivado_Tcl 4-5] Elaboration failed - please see the console for details
synth_design -rtl -name rtl_1
Command: synth_design -rtl -name rtl_1
Starting synth_design
Using part: xc7a100tfgg484-2
Top: top
WARNING: [Synth 8-6901] identifier 'fifo_rdusedw' is used before its declaration [F:/AD/experiment/ad9280_ethernet/adc_ethernet.srcs/sources_1/mac/mac_ctrl.v:143]
WARNING: [Synth 8-976] rgmii_rx_ctl_delay has already been declared [F:/AD/experiment/ad9280_ethernet/adc_ethernet.srcs/sources_1/util_gmii_to_rgmii.v:74]
WARNING: [Synth 8-2654] second declaration of rgmii_rx_ctl_delay ignored [F:/AD/experiment/ad9280_ethernet/adc_ethernet.srcs/sources_1/util_gmii_to_rgmii.v:74]
INFO: [Synth 8-994] rgmii_rx_ctl_delay is declared here [F:/AD/experiment/ad9280_ethernet/adc_ethernet.srcs/sources_1/util_gmii_to_rgmii.v:50]
---------------------------------------------------------------------------------
Starting RTL Elaboration : Time (s): cpu = 00:00:01 ; elapsed = 00:00:02 . Memory (MB): peak = 2378.531 ; gain = 0.000
---------------------------------------------------------------------------------
INFO: [Synth 8-6157] synthesizing module 'top' [F:/AD/experiment/ad9280_ethernet/adc_ethernet.srcs/sources_1/top.v:30]
	Parameter MEM_DATA_BITS bound to: 64 - type: integer 
	Parameter ADDR_BITS bound to: 25 - type: integer 
	Parameter BUSRT_BITS bound to: 10 - type: integer 
INFO: [Synth 8-6157] synthesizing module 'IBUFGDS' [E:/xilinx_SDK/Vivado/2019.1/scripts/rt/data/unisim_comp.v:33335]
	Parameter CAPACITANCE bound to: DONT_CARE - type: string 
	Parameter DIFF_TERM bound to: FALSE - type: string 
	Parameter IBUF_DELAY_VALUE bound to: 0 - type: string 
	Parameter IBUF_LOW_PWR bound to: TRUE - type: string 
	Parameter IOSTANDARD bound to: DEFAULT - type: string 
INFO: [Synth 8-6155] done synthesizing module 'IBUFGDS' (1#1) [E:/xilinx_SDK/Vivado/2019.1/scripts/rt/data/unisim_comp.v:33335]
INFO: [Synth 8-6157] synthesizing module 'adc_pll' [F:/AD/experiment/ad9280_ethernet/.Xil/Vivado-26960-FranklinY9000P/realtime/adc_pll_stub.v:5]
INFO: [Synth 8-6155] done synthesizing module 'adc_pll' (2#1) [F:/AD/experiment/ad9280_ethernet/.Xil/Vivado-26960-FranklinY9000P/realtime/adc_pll_stub.v:5]
INFO: [Synth 8-6157] synthesizing module 'smi_config' [F:/AD/experiment/ad9280_ethernet/adc_ethernet.srcs/sources_1/mdio/smi_config.v:2]
	Parameter REF_CLK bound to: 50000 - type: integer 
	Parameter MDC_CLK bound to: 500 - type: integer 
	Parameter IDLE bound to: 17'b00000000000000001 
	Parameter W_PAGE_0A43 bound to: 17'b00000000000000010 
	Parameter R_CHECK bound to: 17'b00000000000000100 
	Parameter ETH_UNLINK bound to: 17'b00000000000001000 
	Parameter ETH_1000M bound to: 17'b00000000000010000 
	Parameter ETH_100M bound to: 17'b00000000000100000 
	Parameter ETH_10M bound to: 17'b00000000001000000 
	Parameter R_WAIT bound to: 17'b00000000010000000 
	Parameter W_PAGE_171 bound to: 17'b00000000100000000 
	Parameter R_REG_16 bound to: 17'b00000001000000000 
	Parameter W_REG_16 bound to: 17'b00000010000000000 
	Parameter R_REG_17 bound to: 17'b00000100000000000 
	Parameter W_REG_17 bound to: 17'b00001000000000000 
	Parameter RW_END bound to: 17'b00010000000000000 
	Parameter R_REG_1A bound to: 17'b00100000000000000 
	Parameter READ_ID bound to: 17'b01000000000000000 
	Parameter CHECK_ID bound to: 17'b10000000000000000 
INFO: [Synth 8-5534] Detected attribute (* MARK_DEBUG = "true" *) [F:/AD/experiment/ad9280_ethernet/adc_ethernet.srcs/sources_1/mdio/smi_config.v:14]
INFO: [Synth 8-5534] Detected attribute (* MARK_DEBUG = "true" *) [F:/AD/experiment/ad9280_ethernet/adc_ethernet.srcs/sources_1/mdio/smi_config.v:15]
INFO: [Synth 8-5534] Detected attribute (* MARK_DEBUG = "true" *) [F:/AD/experiment/ad9280_ethernet/adc_ethernet.srcs/sources_1/mdio/smi_config.v:20]
INFO: [Synth 8-5534] Detected attribute (* MARK_DEBUG = "true" *) [F:/AD/experiment/ad9280_ethernet/adc_ethernet.srcs/sources_1/mdio/smi_config.v:21]
INFO: [Synth 8-5534] Detected attribute (* MARK_DEBUG = "true" *) [F:/AD/experiment/ad9280_ethernet/adc_ethernet.srcs/sources_1/mdio/smi_config.v:22]
INFO: [Synth 8-5534] Detected attribute (* MARK_DEBUG = "true" *) [F:/AD/experiment/ad9280_ethernet/adc_ethernet.srcs/sources_1/mdio/smi_config.v:23]
INFO: [Synth 8-5534] Detected attribute (* MARK_DEBUG = "true" *) [F:/AD/experiment/ad9280_ethernet/adc_ethernet.srcs/sources_1/mdio/smi_config.v:26]
INFO: [Synth 8-5534] Detected attribute (* MARK_DEBUG = "true" *) [F:/AD/experiment/ad9280_ethernet/adc_ethernet.srcs/sources_1/mdio/smi_config.v:27]
INFO: [Synth 8-5534] Detected attribute (* MARK_DEBUG = "true" *) [F:/AD/experiment/ad9280_ethernet/adc_ethernet.srcs/sources_1/mdio/smi_config.v:28]
INFO: [Synth 8-5534] Detected attribute (* MARK_DEBUG = "true" *) [F:/AD/experiment/ad9280_ethernet/adc_ethernet.srcs/sources_1/mdio/smi_config.v:29]
INFO: [Synth 8-5534] Detected attribute (* MARK_DEBUG = "true" *) [F:/AD/experiment/ad9280_ethernet/adc_ethernet.srcs/sources_1/mdio/smi_config.v:66]
INFO: [Synth 8-6157] synthesizing module 'smi_read_write' [F:/AD/experiment/ad9280_ethernet/adc_ethernet.srcs/sources_1/mdio/smi_read_write.v:2]
	Parameter REF_CLK bound to: 50000 - type: integer 
	Parameter MDC_CLK bound to: 500 - type: integer 
	Parameter HALF_CYCLE bound to: 50 - type: integer 
	Parameter CYCLE bound to: 100 - type: integer 
	Parameter ST bound to: 2'b01 
	Parameter W_OP bound to: 2'b01 
	Parameter R_OP bound to: 2'b10 
	Parameter W_TA bound to: 2'b10 
	Parameter IDLE bound to: 10'b0000000001 
	Parameter WAIT_REQ bound to: 10'b0000000010 
	Parameter W_MDIO bound to: 10'b0000000100 
	Parameter R_MDIO bound to: 10'b0000001000 
	Parameter R_TA_Z bound to: 10'b0000010000 
	Parameter R_DATA bound to: 10'b0000100000 
	Parameter W_END bound to: 10'b0001000000 
	Parameter R_END bound to: 10'b0010000000 
	Parameter R_TA_0 bound to: 10'b0100000000 
	Parameter END_WAIT bound to: 10'b1000000000 
INFO: [Synth 8-5534] Detected attribute (* MARK_DEBUG = "true" *) [F:/AD/experiment/ad9280_ethernet/adc_ethernet.srcs/sources_1/mdio/smi_read_write.v:34]
INFO: [Synth 8-5534] Detected attribute (* MARK_DEBUG = "true" *) [F:/AD/experiment/ad9280_ethernet/adc_ethernet.srcs/sources_1/mdio/smi_read_write.v:35]
INFO: [Synth 8-5534] Detected attribute (* MARK_DEBUG = "true" *) [F:/AD/experiment/ad9280_ethernet/adc_ethernet.srcs/sources_1/mdio/smi_read_write.v:39]
INFO: [Synth 8-5534] Detected attribute (* MARK_DEBUG = "true" *) [F:/AD/experiment/ad9280_ethernet/adc_ethernet.srcs/sources_1/mdio/smi_read_write.v:40]
INFO: [Synth 8-5534] Detected attribute (* MARK_DEBUG = "true" *) [F:/AD/experiment/ad9280_ethernet/adc_ethernet.srcs/sources_1/mdio/smi_read_write.v:41]
INFO: [Synth 8-5534] Detected attribute (* MARK_DEBUG = "true" *) [F:/AD/experiment/ad9280_ethernet/adc_ethernet.srcs/sources_1/mdio/smi_read_write.v:42]
INFO: [Synth 8-5534] Detected attribute (* MARK_DEBUG = "true" *) [F:/AD/experiment/ad9280_ethernet/adc_ethernet.srcs/sources_1/mdio/smi_read_write.v:43]
INFO: [Synth 8-5534] Detected attribute (* MARK_DEBUG = "true" *) [F:/AD/experiment/ad9280_ethernet/adc_ethernet.srcs/sources_1/mdio/smi_read_write.v:94]
INFO: [Synth 8-6157] synthesizing module 'IOBUF' [E:/xilinx_SDK/Vivado/2019.1/scripts/rt/data/unisim_comp.v:36115]
	Parameter DRIVE bound to: 12 - type: integer 
	Parameter IBUF_LOW_PWR bound to: TRUE - type: string 
	Parameter IOSTANDARD bound to: DEFAULT - type: string 
	Parameter SLEW bound to: SLOW - type: string 
INFO: [Synth 8-6155] done synthesizing module 'IOBUF' (3#1) [E:/xilinx_SDK/Vivado/2019.1/scripts/rt/data/unisim_comp.v:36115]
INFO: [Synth 8-6157] synthesizing module 'ODDR' [E:/xilinx_SDK/Vivado/2019.1/scripts/rt/data/unisim_comp.v:49468]
	Parameter DDR_CLK_EDGE bound to: OPPOSITE_EDGE - type: string 
	Parameter INIT bound to: 1'b0 
	Parameter IS_C_INVERTED bound to: 1'b0 
	Parameter IS_D1_INVERTED bound to: 1'b0 
	Parameter IS_D2_INVERTED bound to: 1'b0 
	Parameter SRTYPE bound to: SYNC - type: string 
INFO: [Synth 8-6155] done synthesizing module 'ODDR' (4#1) [E:/xilinx_SDK/Vivado/2019.1/scripts/rt/data/unisim_comp.v:49468]
INFO: [Synth 8-6071] Mark debug on the nets applies keep_hierarchy on instance 'ODDR_inst'. This will prevent further optimization [F:/AD/experiment/ad9280_ethernet/adc_ethernet.srcs/sources_1/mdio/smi_read_write.v:71]
INFO: [Synth 8-6071] Mark debug on the nets applies keep_hierarchy on instance 'IOBUF_inst'. This will prevent further optimization [F:/AD/experiment/ad9280_ethernet/adc_ethernet.srcs/sources_1/mdio/smi_read_write.v:58]
INFO: [Synth 8-6155] done synthesizing module 'smi_read_write' (5#1) [F:/AD/experiment/ad9280_ethernet/adc_ethernet.srcs/sources_1/mdio/smi_read_write.v:2]
WARNING: [Synth 8-7023] instance 'smi_inst' of module 'smi_read_write' has 14 connections declared, but only 12 given [F:/AD/experiment/ad9280_ethernet/adc_ethernet.srcs/sources_1/mdio/smi_config.v:321]
INFO: [Synth 8-6071] Mark debug on the nets applies keep_hierarchy on instance 'smi_inst'. This will prevent further optimization [F:/AD/experiment/ad9280_ethernet/adc_ethernet.srcs/sources_1/mdio/smi_config.v:321]
INFO: [Synth 8-6155] done synthesizing module 'smi_config' (6#1) [F:/AD/experiment/ad9280_ethernet/adc_ethernet.srcs/sources_1/mdio/smi_config.v:2]
WARNING: [Synth 8-7023] instance 'smi_config_inst0' of module 'smi_config' has 6 connections declared, but only 4 given [F:/AD/experiment/ad9280_ethernet/adc_ethernet.srcs/sources_1/top.v:249]
WARNING: [Synth 8-7023] instance 'smi_config_inst1' of module 'smi_config' has 6 connections declared, but only 4 given [F:/AD/experiment/ad9280_ethernet/adc_ethernet.srcs/sources_1/top.v:257]
INFO: [Synth 8-6157] synthesizing module 'reset' [F:/AD/experiment/ad9280_ethernet/adc_ethernet.srcs/sources_1/new/reset.v:2]
INFO: [Synth 8-6155] done synthesizing module 'reset' (7#1) [F:/AD/experiment/ad9280_ethernet/adc_ethernet.srcs/sources_1/new/reset.v:2]
WARNING: [Synth 8-4446] all outputs are unconnected for this instance and logic may be removed [F:/AD/experiment/ad9280_ethernet/adc_ethernet.srcs/sources_1/top.v:297]
INFO: [Synth 8-6157] synthesizing module 'IDELAYCTRL' [E:/xilinx_SDK/Vivado/2019.1/scripts/rt/data/unisim_comp.v:34933]
	Parameter SIM_DEVICE bound to: 7SERIES - type: string 
INFO: [Synth 8-6155] done synthesizing module 'IDELAYCTRL' (8#1) [E:/xilinx_SDK/Vivado/2019.1/scripts/rt/data/unisim_comp.v:34933]
INFO: [Synth 8-6157] synthesizing module 'util_gmii_to_rgmii' [F:/AD/experiment/ad9280_ethernet/adc_ethernet.srcs/sources_1/util_gmii_to_rgmii.v:2]
	Parameter IDELAY_VALUE bound to: 0 - type: integer 
INFO: [Synth 8-6157] synthesizing module 'ODDR__parameterized0' [E:/xilinx_SDK/Vivado/2019.1/scripts/rt/data/unisim_comp.v:49468]
	Parameter DDR_CLK_EDGE bound to: SAME_EDGE - type: string 
	Parameter INIT bound to: 1'b0 
	Parameter IS_C_INVERTED bound to: 1'b0 
	Parameter IS_D1_INVERTED bound to: 1'b0 
	Parameter IS_D2_INVERTED bound to: 1'b0 
	Parameter SRTYPE bound to: SYNC - type: string 
INFO: [Synth 8-6155] done synthesizing module 'ODDR__parameterized0' (8#1) [E:/xilinx_SDK/Vivado/2019.1/scripts/rt/data/unisim_comp.v:49468]
INFO: [Synth 8-6157] synthesizing module 'IDELAYE2' [E:/xilinx_SDK/Vivado/2019.1/scripts/rt/data/unisim_comp.v:34946]
	Parameter CINVCTRL_SEL bound to: FALSE - type: string 
	Parameter DELAY_SRC bound to: IDATAIN - type: string 
	Parameter HIGH_PERFORMANCE_MODE bound to: FALSE - type: string 
	Parameter IDELAY_TYPE bound to: FIXED - type: string 
	Parameter IDELAY_VALUE bound to: 0 - type: integer 
	Parameter IS_C_INVERTED bound to: 1'b0 
	Parameter IS_DATAIN_INVERTED bound to: 1'b0 
	Parameter IS_IDATAIN_INVERTED bound to: 1'b0 
	Parameter PIPE_SEL bound to: FALSE - type: string 
	Parameter REFCLK_FREQUENCY bound to: 200.000000 - type: float 
	Parameter SIGNAL_PATTERN bound to: DATA - type: string 
	Parameter SIM_DELAY_D bound to: 0 - type: integer 
INFO: [Synth 8-6155] done synthesizing module 'IDELAYE2' (9#1) [E:/xilinx_SDK/Vivado/2019.1/scripts/rt/data/unisim_comp.v:34946]
INFO: [Synth 8-6157] synthesizing module 'IDDR' [E:/xilinx_SDK/Vivado/2019.1/scripts/rt/data/unisim_comp.v:34811]
	Parameter DDR_CLK_EDGE bound to: SAME_EDGE_PIPELINED - type: string 
	Parameter INIT_Q1 bound to: 1'b0 
	Parameter INIT_Q2 bound to: 1'b0 
	Parameter IS_C_INVERTED bound to: 1'b0 
	Parameter IS_D_INVERTED bound to: 1'b0 
	Parameter SRTYPE bound to: SYNC - type: string 
INFO: [Synth 8-6155] done synthesizing module 'IDDR' (10#1) [E:/xilinx_SDK/Vivado/2019.1/scripts/rt/data/unisim_comp.v:34811]
INFO: [Synth 8-6157] synthesizing module 'BUFG' [E:/xilinx_SDK/Vivado/2019.1/scripts/rt/data/unisim_comp.v:1075]
INFO: [Synth 8-6155] done synthesizing module 'BUFG' (11#1) [E:/xilinx_SDK/Vivado/2019.1/scripts/rt/data/unisim_comp.v:1075]
INFO: [Synth 8-6157] synthesizing module 'BUFIO' [E:/xilinx_SDK/Vivado/2019.1/scripts/rt/data/unisim_comp.v:1336]
INFO: [Synth 8-6155] done synthesizing module 'BUFIO' (12#1) [E:/xilinx_SDK/Vivado/2019.1/scripts/rt/data/unisim_comp.v:1336]
WARNING: [Synth 8-6014] Unused sequential element speed_selection_d0_reg was removed.  [F:/AD/experiment/ad9280_ethernet/adc_ethernet.srcs/sources_1/util_gmii_to_rgmii.v:80]
WARNING: [Synth 8-6014] Unused sequential element speed_selection_d1_reg was removed.  [F:/AD/experiment/ad9280_ethernet/adc_ethernet.srcs/sources_1/util_gmii_to_rgmii.v:81]
WARNING: [Synth 8-6014] Unused sequential element gmii_tx_er_r_d1_reg was removed.  [F:/AD/experiment/ad9280_ethernet/adc_ethernet.srcs/sources_1/util_gmii_to_rgmii.v:139]
INFO: [Synth 8-6155] done synthesizing module 'util_gmii_to_rgmii' (13#1) [F:/AD/experiment/ad9280_ethernet/adc_ethernet.srcs/sources_1/util_gmii_to_rgmii.v:2]
INFO: [Synth 8-6157] synthesizing module 'eth_top' [F:/AD/experiment/ad9280_ethernet/adc_ethernet.srcs/sources_1/mac/eth_top.v:1]
	Parameter LOCAL_IP_ADDR bound to: -1062731774 - type: integer 
	Parameter LOCAL_MAC_ADDR bound to: 48'b000000000000101000110101000000011111111011000000 
	Parameter UDP_SRC_PORT bound to: 16'b0001111110010000 
	Parameter UDP_DST_PORT bound to: 16'b0001111110010000 
	Parameter TTL bound to: 8'b10000000 
INFO: [Synth 8-6157] synthesizing module 'mac_top' [F:/AD/experiment/ad9280_ethernet/adc_ethernet.srcs/sources_1/mac/mac_top.v:7]
INFO: [Synth 8-6157] synthesizing module 'mac_tx_top' [F:/AD/experiment/ad9280_ethernet/adc_ethernet.srcs/sources_1/mac/tx/mac_tx_top.v:7]
INFO: [Synth 8-6157] synthesizing module 'mac_tx' [F:/AD/experiment/ad9280_ethernet/adc_ethernet.srcs/sources_1/mac/tx/mac_tx.v:8]
	Parameter SEND_IDLE bound to: 6'b000001 
	Parameter SEND_START bound to: 6'b000010 
	Parameter SEND_PREAMBLE bound to: 6'b000100 
	Parameter SEND_DATA bound to: 6'b001000 
	Parameter SEND_CRC bound to: 6'b010000 
	Parameter SEND_END bound to: 6'b100000 
INFO: [Synth 8-6155] done synthesizing module 'mac_tx' (14#1) [F:/AD/experiment/ad9280_ethernet/adc_ethernet.srcs/sources_1/mac/tx/mac_tx.v:8]
INFO: [Synth 8-6157] synthesizing module 'mac_tx_mode' [F:/AD/experiment/ad9280_ethernet/adc_ethernet.srcs/sources_1/mac/tx/mac_tx_mode.v:7]
	Parameter IDLE bound to: 3'b001 
	Parameter ARP bound to: 3'b010 
	Parameter IP bound to: 3'b100 
INFO: [Synth 8-6155] done synthesizing module 'mac_tx_mode' (15#1) [F:/AD/experiment/ad9280_ethernet/adc_ethernet.srcs/sources_1/mac/tx/mac_tx_mode.v:7]
INFO: [Synth 8-6157] synthesizing module 'crc' [F:/AD/experiment/ad9280_ethernet/adc_ethernet.srcs/sources_1/mac/crc.v:5]
	Parameter Tp bound to: 1 - type: integer 
INFO: [Synth 8-6155] done synthesizing module 'crc' (16#1) [F:/AD/experiment/ad9280_ethernet/adc_ethernet.srcs/sources_1/mac/crc.v:5]
INFO: [Synth 8-6157] synthesizing module 'arp_tx' [F:/AD/experiment/ad9280_ethernet/adc_ethernet.srcs/sources_1/mac/tx/arp_tx.v:7]
	Parameter mac_type bound to: 16'b0000100000000110 
	Parameter hardware_type bound to: 16'b0000000000000001 
	Parameter protocol_type bound to: 16'b0000100000000000 
	Parameter mac_length bound to: 8'b00000110 
	Parameter ip_length bound to: 8'b00000100 
	Parameter ARP_REQUEST_CODE bound to: 16'b0000000000000001 
	Parameter ARP_REPLY_CODE bound to: 16'b0000000000000010 
	Parameter IDLE bound to: 5'b00001 
	Parameter ARP_REQUEST_WAIT bound to: 5'b00010 
	Parameter ARP_REQUEST bound to: 5'b00100 
	Parameter ARP_REPLY_WAIT bound to: 5'b01000 
	Parameter ARP_REPLY bound to: 5'b10000 
INFO: [Synth 8-6155] done synthesizing module 'arp_tx' (17#1) [F:/AD/experiment/ad9280_ethernet/adc_ethernet.srcs/sources_1/mac/tx/arp_tx.v:7]
INFO: [Synth 8-6157] synthesizing module 'ip_tx' [F:/AD/experiment/ad9280_ethernet/adc_ethernet.srcs/sources_1/mac/tx/ip_tx.v:9]
	Parameter mac_type bound to: 16'b0000100000000000 
	Parameter ip_version bound to: 4'b0100 
	Parameter header_len bound to: 4'b0101 
	Parameter IDLE bound to: 6'b000001 
	Parameter WAIT_DATA_LENGTH bound to: 6'b000010 
	Parameter GEN_CHECKSUM bound to: 6'b000100 
	Parameter SEND_WAIT bound to: 6'b001000 
	Parameter WAIT_MAC bound to: 6'b010000 
	Parameter IP_SEND bound to: 6'b100000 
WARNING: [Synth 8-3848] Net ip_tx_busy in module/entity ip_tx does not have driver. [F:/AD/experiment/ad9280_ethernet/adc_ethernet.srcs/sources_1/mac/tx/ip_tx.v:28]
INFO: [Synth 8-6155] done synthesizing module 'ip_tx' (18#1) [F:/AD/experiment/ad9280_ethernet/adc_ethernet.srcs/sources_1/mac/tx/ip_tx.v:9]
WARNING: [Synth 8-7023] instance 'ip0' of module 'ip_tx' has 19 connections declared, but only 18 given [F:/AD/experiment/ad9280_ethernet/adc_ethernet.srcs/sources_1/mac/tx/mac_tx_top.v:158]
INFO: [Synth 8-6157] synthesizing module 'ip_tx_mode' [F:/AD/experiment/ad9280_ethernet/adc_ethernet.srcs/sources_1/mac/tx/ip_tx_mode.v:7]
	Parameter ip_udp_type bound to: 8'b00010001 
	Parameter ip_icmp_type bound to: 8'b00000001 
	Parameter IDLE bound to: 3'b001 
	Parameter UDP bound to: 3'b010 
	Parameter ICMP bound to: 3'b100 
INFO: [Synth 8-6155] done synthesizing module 'ip_tx_mode' (19#1) [F:/AD/experiment/ad9280_ethernet/adc_ethernet.srcs/sources_1/mac/tx/ip_tx_mode.v:7]
INFO: [Synth 8-6157] synthesizing module 'udp_tx' [F:/AD/experiment/ad9280_ethernet/adc_ethernet.srcs/sources_1/mac/tx/udp_tx.v:7]
	Parameter IDLE bound to: 7'b0000001 
	Parameter HEADER_CHECKSUM bound to: 7'b0000010 
	Parameter GEN_CHECKSUM bound to: 7'b0000100 
	Parameter GEN_ODD_CHECKSUM bound to: 7'b0001000 
	Parameter GEN_CHECKSUM_END bound to: 7'b0010000 
	Parameter SEND_WAIT bound to: 7'b0100000 
	Parameter UDP_SEND bound to: 7'b1000000 
WARNING: [Synth 8-6014] Unused sequential element ram_write_addr_reg was removed.  [F:/AD/experiment/ad9280_ethernet/adc_ethernet.srcs/sources_1/mac/tx/udp_tx.v:125]
WARNING: [Synth 8-6014] Unused sequential element ram_wr_data_d0_reg was removed.  [F:/AD/experiment/ad9280_ethernet/adc_ethernet.srcs/sources_1/mac/tx/udp_tx.v:150]
WARNING: [Synth 8-6014] Unused sequential element ram_wr_data_d1_reg was removed.  [F:/AD/experiment/ad9280_ethernet/adc_ethernet.srcs/sources_1/mac/tx/udp_tx.v:151]
WARNING: [Synth 8-6014] Unused sequential element ram_rdata_d1_reg was removed.  [F:/AD/experiment/ad9280_ethernet/adc_ethernet.srcs/sources_1/mac/tx/udp_tx.v:166]
WARNING: [Synth 8-3848] Net udp_ram_data_req in module/entity udp_tx does not have driver. [F:/AD/experiment/ad9280_ethernet/adc_ethernet.srcs/sources_1/mac/tx/udp_tx.v:24]
WARNING: [Synth 8-3848] Net udp_tx_end in module/entity udp_tx does not have driver. [F:/AD/experiment/ad9280_ethernet/adc_ethernet.srcs/sources_1/mac/tx/udp_tx.v:30]
INFO: [Synth 8-6155] done synthesizing module 'udp_tx' (20#1) [F:/AD/experiment/ad9280_ethernet/adc_ethernet.srcs/sources_1/mac/tx/udp_tx.v:7]
INFO: [Synth 8-6155] done synthesizing module 'mac_tx_top' (21#1) [F:/AD/experiment/ad9280_ethernet/adc_ethernet.srcs/sources_1/mac/tx/mac_tx_top.v:7]
INFO: [Synth 8-6157] synthesizing module 'mac_rx_top' [F:/AD/experiment/ad9280_ethernet/adc_ethernet.srcs/sources_1/mac/rx/mac_rx_top.v:7]
INFO: [Synth 8-6157] synthesizing module 'mac_rx' [F:/AD/experiment/ad9280_ethernet/adc_ethernet.srcs/sources_1/mac/rx/mac_rx.v:7]
	Parameter IDLE bound to: 8'b00000001 
	Parameter REC_PREAMBLE bound to: 8'b00000010 
	Parameter REC_MAC_HEAD bound to: 8'b00000100 
	Parameter REC_IDENTIFY bound to: 8'b00001000 
	Parameter REC_DATA bound to: 8'b00010000 
	Parameter REC_CRC bound to: 8'b00100000 
	Parameter REC_ERROR bound to: 8'b01000000 
	Parameter REC_END bound to: 8'b10000000 
WARNING: [Synth 8-6014] Unused sequential element rx_dv_d1_reg was removed.  [F:/AD/experiment/ad9280_ethernet/adc_ethernet.srcs/sources_1/mac/rx/mac_rx.v:200]
WARNING: [Synth 8-6014] Unused sequential element mac_crc_cnt_reg was removed.  [F:/AD/experiment/ad9280_ethernet/adc_ethernet.srcs/sources_1/mac/rx/mac_rx.v:238]
INFO: [Synth 8-6155] done synthesizing module 'mac_rx' (22#1) [F:/AD/experiment/ad9280_ethernet/adc_ethernet.srcs/sources_1/mac/rx/mac_rx.v:7]
INFO: [Synth 8-6157] synthesizing module 'ip_rx' [F:/AD/experiment/ad9280_ethernet/adc_ethernet.srcs/sources_1/mac/rx/ip_rx.v:7]
	Parameter IDLE bound to: 5'b00001 
	Parameter REC_HEADER0 bound to: 5'b00010 
	Parameter REC_HEADER1 bound to: 5'b00100 
	Parameter REC_DATA bound to: 5'b01000 
	Parameter REC_END bound to: 5'b10000 
WARNING: [Synth 8-6014] Unused sequential element ip_rx_data_d1_reg was removed.  [F:/AD/experiment/ad9280_ethernet/adc_ethernet.srcs/sources_1/mac/rx/ip_rx.v:170]
INFO: [Synth 8-6155] done synthesizing module 'ip_rx' (23#1) [F:/AD/experiment/ad9280_ethernet/adc_ethernet.srcs/sources_1/mac/rx/ip_rx.v:7]
INFO: [Synth 8-6157] synthesizing module 'udp_rx' [F:/AD/experiment/ad9280_ethernet/adc_ethernet.srcs/sources_1/mac/rx/udp_rx.v:7]
	Parameter IDLE bound to: 8'b00000001 
	Parameter REC_HEAD bound to: 8'b00000010 
	Parameter REC_DATA bound to: 8'b00000100 
	Parameter REC_ODD_DATA bound to: 8'b00001000 
	Parameter VERIFY_CHECKSUM bound to: 8'b00010000 
	Parameter REC_ERROR bound to: 8'b00100000 
	Parameter REC_END_WAIT bound to: 8'b01000000 
	Parameter REC_END bound to: 8'b10000000 
INFO: [Synth 8-6157] synthesizing module 'dpram' [F:/AD/experiment/ad9280_ethernet/adc_ethernet.srcs/sources_1/mac/dpram.v:1]
	Parameter WIDTH bound to: 8 - type: integer 
	Parameter DEPTH bound to: 11 - type: integer 
INFO: [Synth 8-6155] done synthesizing module 'dpram' (24#1) [F:/AD/experiment/ad9280_ethernet/adc_ethernet.srcs/sources_1/mac/dpram.v:1]
INFO: [Synth 8-6155] done synthesizing module 'udp_rx' (25#1) [F:/AD/experiment/ad9280_ethernet/adc_ethernet.srcs/sources_1/mac/rx/udp_rx.v:7]
INFO: [Synth 8-6157] synthesizing module 'arp_rx' [F:/AD/experiment/ad9280_ethernet/adc_ethernet.srcs/sources_1/mac/rx/arp_rx.v:7]
	Parameter ARP_REQUEST_CODE bound to: 16'b0000000000000001 
	Parameter ARP_REPLY_CODE bound to: 16'b0000000000000010 
	Parameter IDLE bound to: 4'b0001 
	Parameter ARP_REC_DATA bound to: 4'b0010 
	Parameter ARP_WAIT bound to: 4'b0100 
	Parameter ARP_END bound to: 4'b1000 
INFO: [Synth 8-6155] done synthesizing module 'arp_rx' (26#1) [F:/AD/experiment/ad9280_ethernet/adc_ethernet.srcs/sources_1/mac/rx/arp_rx.v:7]
WARNING: [Synth 8-7023] instance 'arp0' of module 'arp_rx' has 13 connections declared, but only 12 given [F:/AD/experiment/ad9280_ethernet/adc_ethernet.srcs/sources_1/mac/rx/mac_rx_top.v:161]
INFO: [Synth 8-6155] done synthesizing module 'mac_rx_top' (27#1) [F:/AD/experiment/ad9280_ethernet/adc_ethernet.srcs/sources_1/mac/rx/mac_rx_top.v:7]
INFO: [Synth 8-6157] synthesizing module 'icmp_reply' [F:/AD/experiment/ad9280_ethernet/adc_ethernet.srcs/sources_1/mac/icmp_reply.v:7]
	Parameter ECHO_REQUEST bound to: 8'b00001000 
	Parameter ECHO_REPLY bound to: 8'b00000000 
	Parameter IDLE bound to: 11'b00000000001 
	Parameter REC_DATA bound to: 11'b00000000010 
	Parameter REC_ODD_DATA bound to: 11'b00000000100 
	Parameter VERIFY_CHECKSUM bound to: 11'b00000001000 
	Parameter REC_ERROR bound to: 11'b00000010000 
	Parameter REC_END_WAIT bound to: 11'b00000100000 
	Parameter GEN_CHECKSUM bound to: 11'b00001000000 
	Parameter SEND_WAIT bound to: 11'b00010000000 
	Parameter SEND bound to: 11'b00100000000 
	Parameter REC_END bound to: 11'b01000000000 
	Parameter SEND_END bound to: 11'b10000000000 
INFO: [Synth 8-6157] synthesizing module 'dpram__parameterized0' [F:/AD/experiment/ad9280_ethernet/adc_ethernet.srcs/sources_1/mac/dpram.v:1]
	Parameter WIDTH bound to: 8 - type: integer 
	Parameter DEPTH bound to: 8 - type: integer 
INFO: [Synth 8-6155] done synthesizing module 'dpram__parameterized0' (27#1) [F:/AD/experiment/ad9280_ethernet/adc_ethernet.srcs/sources_1/mac/dpram.v:1]
WARNING: [Synth 8-689] width (11) of port connection 'rdaddress' does not match port width (8) of module 'dpram__parameterized0' [F:/AD/experiment/ad9280_ethernet/adc_ethernet.srcs/sources_1/mac/icmp_reply.v:313]
WARNING: [Synth 8-689] width (11) of port connection 'wraddress' does not match port width (8) of module 'dpram__parameterized0' [F:/AD/experiment/ad9280_ethernet/adc_ethernet.srcs/sources_1/mac/icmp_reply.v:314]
WARNING: [Synth 8-3848] Net icmp_tx_end in module/entity icmp_reply does not have driver. [F:/AD/experiment/ad9280_ethernet/adc_ethernet.srcs/sources_1/mac/icmp_reply.v:20]
INFO: [Synth 8-6155] done synthesizing module 'icmp_reply' (28#1) [F:/AD/experiment/ad9280_ethernet/adc_ethernet.srcs/sources_1/mac/icmp_reply.v:7]
INFO: [Synth 8-6157] synthesizing module 'arp_cache' [F:/AD/experiment/ad9280_ethernet/adc_ethernet.srcs/sources_1/mac/arp_cache.v:1]
INFO: [Synth 8-6155] done synthesizing module 'arp_cache' (29#1) [F:/AD/experiment/ad9280_ethernet/adc_ethernet.srcs/sources_1/mac/arp_cache.v:1]
INFO: [Synth 8-6155] done synthesizing module 'mac_top' (30#1) [F:/AD/experiment/ad9280_ethernet/adc_ethernet.srcs/sources_1/mac/mac_top.v:7]
INFO: [Synth 8-6157] synthesizing module 'eth_cmd' [F:/AD/experiment/ad9280_ethernet/adc_ethernet.srcs/sources_1/mac/eth_cmd.v:2]
	Parameter SAMPLE_RATE bound to: 32000000 - type: integer 
	Parameter SAMPLE_DEPTH bound to: 262144 - type: integer 
	Parameter DATA_SIGN bound to: 8'b00000001 
	Parameter DATA_LEN bound to: 8'b00001000 
	Parameter DATA_BYTE bound to: 8'b00000010 
	Parameter CMD_INQUIRY bound to: 65537 - type: integer 
	Parameter AD_DATA_REQ bound to: 65538 - type: integer 
	Parameter CMD_SEND_LEN bound to: 16'b0000000000011011 
	Parameter IDLE bound to: 7'b0000001 
	Parameter CMD_READ bound to: 7'b0000010 
	Parameter CMD_WAIT bound to: 7'b0000100 
	Parameter CMD_CHECK bound to: 7'b0001000 
	Parameter CMD_REPLY_WAIT bound to: 7'b0010000 
	Parameter CMD_REPLY bound to: 7'b0100000 
	Parameter CMD_END bound to: 7'b1000000 
WARNING: [Synth 8-6014] Unused sequential element ad_data_ack_d0_reg was removed.  [F:/AD/experiment/ad9280_ethernet/adc_ethernet.srcs/sources_1/mac/eth_cmd.v:140]
WARNING: [Synth 8-6014] Unused sequential element ad_data_ack_d1_reg was removed.  [F:/AD/experiment/ad9280_ethernet/adc_ethernet.srcs/sources_1/mac/eth_cmd.v:141]
WARNING: [Synth 8-6014] Unused sequential element ad_data_ack_d2_reg was removed.  [F:/AD/experiment/ad9280_ethernet/adc_ethernet.srcs/sources_1/mac/eth_cmd.v:142]
INFO: [Synth 8-6155] done synthesizing module 'eth_cmd' (31#1) [F:/AD/experiment/ad9280_ethernet/adc_ethernet.srcs/sources_1/mac/eth_cmd.v:2]
INFO: [Synth 8-6157] synthesizing module 'mac_ctrl' [F:/AD/experiment/ad9280_ethernet/adc_ethernet.srcs/sources_1/mac/mac_ctrl.v:7]
	Parameter AD_DATA_REQ bound to: 65538 - type: integer 
	Parameter IDLE bound to: 13'b0000000000001 
	Parameter CMD_WAIT bound to: 13'b0000000000010 
	Parameter CHECK_ARP bound to: 13'b0000000000100 
	Parameter ARP_REQ bound to: 13'b0000000001000 
	Parameter ARP_SEND bound to: 13'b0000000010000 
	Parameter ARP_WAIT bound to: 13'b0000000100000 
	Parameter WAIT bound to: 13'b0000001000000 
	Parameter CHECK_FIFO bound to: 13'b0000010000000 
	Parameter GEN_CMD_REQ bound to: 13'b0000100000000 
	Parameter GEN_AD_REQ bound to: 13'b0001000000000 
	Parameter CMD_SEND bound to: 13'b0010000000000 
	Parameter AD_SEND bound to: 13'b0100000000000 
	Parameter AD_SEND_WAIT bound to: 13'b1000000000000 
INFO: [Synth 8-6155] done synthesizing module 'mac_ctrl' (32#1) [F:/AD/experiment/ad9280_ethernet/adc_ethernet.srcs/sources_1/mac/mac_ctrl.v:7]
WARNING: [Synth 8-689] width (12) of port connection 'fifo_data_count' does not match port width (11) of module 'mac_ctrl' [F:/AD/experiment/ad9280_ethernet/adc_ethernet.srcs/sources_1/mac/eth_top.v:178]
INFO: [Synth 8-6155] done synthesizing module 'eth_top' (33#1) [F:/AD/experiment/ad9280_ethernet/adc_ethernet.srcs/sources_1/mac/eth_top.v:1]
WARNING: [Synth 8-689] width (16) of port connection 'fifo_data_count' does not match port width (12) of module 'eth_top' [F:/AD/experiment/ad9280_ethernet/adc_ethernet.srcs/sources_1/top.v:340]
INFO: [Synth 8-6157] synthesizing module 'ad9280_sample' [F:/AD/experiment/ad9280_ethernet/adc_ethernet.srcs/sources_1/ad/ad9280_sample.v:29]
	Parameter S_IDLE bound to: 0 - type: integer 
	Parameter S_REQ bound to: 1 - type: integer 
	Parameter S_ACK_WAIT bound to: 2 - type: integer 
	Parameter S_SAMPLE bound to: 3 - type: integer 
	Parameter S_WAIT bound to: 4 - type: integer 
WARNING: [Synth 8-5788] Register write_req_reg in module ad9280_sample is has both Set and reset with same priority. This may cause simulation mismatches. Consider rewriting code  [F:/AD/experiment/ad9280_ethernet/adc_ethernet.srcs/sources_1/ad/ad9280_sample.v:126]
INFO: [Synth 8-6155] done synthesizing module 'ad9280_sample' (34#1) [F:/AD/experiment/ad9280_ethernet/adc_ethernet.srcs/sources_1/ad/ad9280_sample.v:29]
INFO: [Synth 8-6157] synthesizing module 'frame_read_write' [F:/AD/experiment/ad9280_ethernet/adc_ethernet.srcs/sources_1/frame_read_write.v:31]
	Parameter MEM_DATA_BITS bound to: 64 - type: integer 
	Parameter READ_DATA_BITS bound to: 16 - type: integer 
	Parameter WRITE_DATA_BITS bound to: 16 - type: integer 
	Parameter ADDR_BITS bound to: 25 - type: integer 
	Parameter BUSRT_BITS bound to: 10 - type: integer 
	Parameter BURST_SIZE bound to: 64 - type: integer 
INFO: [Synth 8-6157] synthesizing module 'afifo_16i_64o_512' [F:/AD/experiment/ad9280_ethernet/.Xil/Vivado-26960-FranklinY9000P/realtime/afifo_16i_64o_512_stub.v:6]
INFO: [Synth 8-6155] done synthesizing module 'afifo_16i_64o_512' (35#1) [F:/AD/experiment/ad9280_ethernet/.Xil/Vivado-26960-FranklinY9000P/realtime/afifo_16i_64o_512_stub.v:6]
WARNING: [Synth 8-689] width (16) of port connection 'rd_data_count' does not match port width (7) of module 'afifo_16i_64o_512' [F:/AD/experiment/ad9280_ethernet/adc_ethernet.srcs/sources_1/frame_read_write.v:97]
INFO: [Synth 8-6157] synthesizing module 'frame_fifo_write' [F:/AD/experiment/ad9280_ethernet/adc_ethernet.srcs/sources_1/frame_fifo_write.v:31]
	Parameter MEM_DATA_BITS bound to: 64 - type: integer 
	Parameter ADDR_BITS bound to: 25 - type: integer 
	Parameter BUSRT_BITS bound to: 10 - type: integer 
	Parameter BURST_SIZE bound to: 64 - type: integer 
	Parameter ONE bound to: 256'b0000000000000000000000000000000000000000000000000000000000000000000000000000000000000000000000000000000000000000000000000000000000000000000000000000000000000000000000000000000000000000000000000000000000000000000000000000000000000000000000000000000000000001 
	Parameter ZERO bound to: 256'b0000000000000000000000000000000000000000000000000000000000000000000000000000000000000000000000000000000000000000000000000000000000000000000000000000000000000000000000000000000000000000000000000000000000000000000000000000000000000000000000000000000000000000 
	Parameter S_IDLE bound to: 0 - type: integer 
	Parameter S_ACK bound to: 1 - type: integer 
	Parameter S_CHECK_FIFO bound to: 2 - type: integer 
	Parameter S_WRITE_BURST bound to: 3 - type: integer 
	Parameter S_WRITE_BURST_END bound to: 4 - type: integer 
	Parameter S_END bound to: 5 - type: integer 
INFO: [Synth 8-6155] done synthesizing module 'frame_fifo_write' (36#1) [F:/AD/experiment/ad9280_ethernet/adc_ethernet.srcs/sources_1/frame_fifo_write.v:31]
INFO: [Synth 8-6157] synthesizing module 'afifo_64i_16o_128' [F:/AD/experiment/ad9280_ethernet/.Xil/Vivado-26960-FranklinY9000P/realtime/afifo_64i_16o_128_stub.v:6]
INFO: [Synth 8-6155] done synthesizing module 'afifo_64i_16o_128' (37#1) [F:/AD/experiment/ad9280_ethernet/.Xil/Vivado-26960-FranklinY9000P/realtime/afifo_64i_16o_128_stub.v:6]
WARNING: [Synth 8-689] width (16) of port connection 'rd_data_count' does not match port width (10) of module 'afifo_64i_16o_128' [F:/AD/experiment/ad9280_ethernet/adc_ethernet.srcs/sources_1/frame_read_write.v:143]
WARNING: [Synth 8-689] width (16) of port connection 'wr_data_count' does not match port width (8) of module 'afifo_64i_16o_128' [F:/AD/experiment/ad9280_ethernet/adc_ethernet.srcs/sources_1/frame_read_write.v:144]
WARNING: [Synth 8-7023] instance 'read_buf' of module 'afifo_64i_16o_128' has 13 connections declared, but only 11 given [F:/AD/experiment/ad9280_ethernet/adc_ethernet.srcs/sources_1/frame_read_write.v:133]
INFO: [Synth 8-6157] synthesizing module 'frame_fifo_read' [F:/AD/experiment/ad9280_ethernet/adc_ethernet.srcs/sources_1/frame_fifo_read.v:31]
	Parameter MEM_DATA_BITS bound to: 64 - type: integer 
	Parameter ADDR_BITS bound to: 25 - type: integer 
	Parameter BUSRT_BITS bound to: 10 - type: integer 
	Parameter FIFO_DEPTH bound to: 256 - type: integer 
	Parameter BURST_SIZE bound to: 64 - type: integer 
	Parameter ONE bound to: 256'b0000000000000000000000000000000000000000000000000000000000000000000000000000000000000000000000000000000000000000000000000000000000000000000000000000000000000000000000000000000000000000000000000000000000000000000000000000000000000000000000000000000000000001 
	Parameter ZERO bound to: 256'b0000000000000000000000000000000000000000000000000000000000000000000000000000000000000000000000000000000000000000000000000000000000000000000000000000000000000000000000000000000000000000000000000000000000000000000000000000000000000000000000000000000000000000 
	Parameter S_IDLE bound to: 0 - type: integer 
	Parameter S_ACK bound to: 1 - type: integer 
	Parameter S_WAIT bound to: 2 - type: integer 
	Parameter S_CHECK_FIFO bound to: 3 - type: integer 
	Parameter S_READ_BURST bound to: 4 - type: integer 
	Parameter S_READ_BURST_END bound to: 5 - type: integer 
	Parameter S_END bound to: 6 - type: integer 
INFO: [Synth 8-6155] done synthesizing module 'frame_fifo_read' (38#1) [F:/AD/experiment/ad9280_ethernet/adc_ethernet.srcs/sources_1/frame_fifo_read.v:31]
INFO: [Synth 8-6155] done synthesizing module 'frame_read_write' (39#1) [F:/AD/experiment/ad9280_ethernet/adc_ethernet.srcs/sources_1/frame_read_write.v:31]
WARNING: [Synth 8-689] width (32) of port connection 'read_len' does not match port width (25) of module 'frame_read_write' [F:/AD/experiment/ad9280_ethernet/adc_ethernet.srcs/sources_1/top.v:393]
WARNING: [Synth 8-689] width (32) of port connection 'write_len' does not match port width (25) of module 'frame_read_write' [F:/AD/experiment/ad9280_ethernet/adc_ethernet.srcs/sources_1/top.v:413]
INFO: [Synth 8-6157] synthesizing module 'ddr3' [F:/AD/experiment/ad9280_ethernet/.Xil/Vivado-26960-FranklinY9000P/realtime/ddr3_stub.v:5]
INFO: [Synth 8-6155] done synthesizing module 'ddr3' (40#1) [F:/AD/experiment/ad9280_ethernet/.Xil/Vivado-26960-FranklinY9000P/realtime/ddr3_stub.v:5]
WARNING: [Synth 8-689] width (64) of port connection 's_axi_awaddr' does not match port width (32) of module 'ddr3' [F:/AD/experiment/ad9280_ethernet/adc_ethernet.srcs/sources_1/top.v:453]
WARNING: [Synth 8-689] width (64) of port connection 's_axi_araddr' does not match port width (32) of module 'ddr3' [F:/AD/experiment/ad9280_ethernet/adc_ethernet.srcs/sources_1/top.v:476]
WARNING: [Synth 8-689] width (2) of port connection 's_axi_arlock' does not match port width (1) of module 'ddr3' [F:/AD/experiment/ad9280_ethernet/adc_ethernet.srcs/sources_1/top.v:480]
WARNING: [Synth 8-7023] instance 'u_ddr3' of module 'ddr3' has 66 connections declared, but only 65 given [F:/AD/experiment/ad9280_ethernet/adc_ethernet.srcs/sources_1/top.v:420]
INFO: [Synth 8-6157] synthesizing module 'fft_ls' [F:/AD/experiment/ad9280_ethernet/.Xil/Vivado-26960-FranklinY9000P/realtime/fft_ls_stub.v:6]
INFO: [Synth 8-6155] done synthesizing module 'fft_ls' (41#1) [F:/AD/experiment/ad9280_ethernet/.Xil/Vivado-26960-FranklinY9000P/realtime/fft_ls_stub.v:6]
WARNING: [Synth 8-689] width (32) of port connection 'm_axis_data_tdata' does not match port width (128) of module 'fft_ls' [F:/AD/experiment/ad9280_ethernet/adc_ethernet.srcs/sources_1/top.v:512]
WARNING: [Synth 8-7023] instance 'fft_ls' of module 'fft_ls' has 23 connections declared, but only 22 given [F:/AD/experiment/ad9280_ethernet/adc_ethernet.srcs/sources_1/top.v:500]
INFO: [Synth 8-6157] synthesizing module 'data_modulus' [F:/AD/experiment/ad9280_ethernet/adc_ethernet.srcs/sources_1/new/u_data_modulus.v:23]
INFO: [Synth 8-6157] synthesizing module 'my_cordic_1' [F:/AD/experiment/ad9280_ethernet/.Xil/Vivado-26960-FranklinY9000P/realtime/my_cordic_1_stub.v:6]
INFO: [Synth 8-6155] done synthesizing module 'my_cordic_1' (42#1) [F:/AD/experiment/ad9280_ethernet/.Xil/Vivado-26960-FranklinY9000P/realtime/my_cordic_1_stub.v:6]
INFO: [Synth 8-6155] done synthesizing module 'data_modulus' (43#1) [F:/AD/experiment/ad9280_ethernet/adc_ethernet.srcs/sources_1/new/u_data_modulus.v:23]
WARNING: [Synth 8-689] width (1) of port connection 'data_modulus' does not match port width (16) of module 'data_modulus' [F:/AD/experiment/ad9280_ethernet/adc_ethernet.srcs/sources_1/top.v:538]
INFO: [Synth 8-6157] synthesizing module 'aq_axi_master' [F:/AD/experiment/ad9280_ethernet/adc_ethernet.srcs/sources_1/aq_axi_master.v:39]
	Parameter S_WR_IDLE bound to: 3'b000 
	Parameter S_WA_WAIT bound to: 3'b001 
	Parameter S_WA_START bound to: 3'b010 
	Parameter S_WD_WAIT bound to: 3'b011 
	Parameter S_WD_PROC bound to: 3'b100 
	Parameter S_WR_WAIT bound to: 3'b101 
	Parameter S_WR_DONE bound to: 3'b110 
	Parameter S_RD_IDLE bound to: 3'b000 
	Parameter S_RA_WAIT bound to: 3'b001 
	Parameter S_RA_START bound to: 3'b010 
	Parameter S_RD_WAIT bound to: 3'b011 
	Parameter S_RD_PROC bound to: 3'b100 
	Parameter S_RD_DONE bound to: 3'b101 
INFO: [Synth 8-155] case statement is not full and has no default [F:/AD/experiment/ad9280_ethernet/adc_ethernet.srcs/sources_1/aq_axi_master.v:309]
WARNING: [Synth 8-6014] Unused sequential element reg_w_stb_reg was removed.  [F:/AD/experiment/ad9280_ethernet/adc_ethernet.srcs/sources_1/aq_axi_master.v:176]
WARNING: [Synth 8-6014] Unused sequential element reg_wr_status_reg was removed.  [F:/AD/experiment/ad9280_ethernet/adc_ethernet.srcs/sources_1/aq_axi_master.v:177]
WARNING: [Synth 8-6014] Unused sequential element reg_w_count_reg was removed.  [F:/AD/experiment/ad9280_ethernet/adc_ethernet.srcs/sources_1/aq_axi_master.v:178]
WARNING: [Synth 8-6014] Unused sequential element reg_r_count_reg was removed.  [F:/AD/experiment/ad9280_ethernet/adc_ethernet.srcs/sources_1/aq_axi_master.v:179]
WARNING: [Synth 8-6014] Unused sequential element wr_chkdata_reg was removed.  [F:/AD/experiment/ad9280_ethernet/adc_ethernet.srcs/sources_1/aq_axi_master.v:180]
WARNING: [Synth 8-6014] Unused sequential element rd_chkdata_reg was removed.  [F:/AD/experiment/ad9280_ethernet/adc_ethernet.srcs/sources_1/aq_axi_master.v:181]
WARNING: [Synth 8-6014] Unused sequential element resp_reg was removed.  [F:/AD/experiment/ad9280_ethernet/adc_ethernet.srcs/sources_1/aq_axi_master.v:182]
WARNING: [Synth 8-5788] Register reg_r_last_reg in module aq_axi_master is has both Set and reset with same priority. This may cause simulation mismatches. Consider rewriting code  [F:/AD/experiment/ad9280_ethernet/adc_ethernet.srcs/sources_1/aq_axi_master.v:329]
INFO: [Synth 8-6155] done synthesizing module 'aq_axi_master' (44#1) [F:/AD/experiment/ad9280_ethernet/adc_ethernet.srcs/sources_1/aq_axi_master.v:39]
WARNING: [Synth 8-689] width (4) of port connection 'M_AXI_AWID' does not match port width (1) of module 'aq_axi_master' [F:/AD/experiment/ad9280_ethernet/adc_ethernet.srcs/sources_1/top.v:549]
WARNING: [Synth 8-689] width (64) of port connection 'M_AXI_AWADDR' does not match port width (32) of module 'aq_axi_master' [F:/AD/experiment/ad9280_ethernet/adc_ethernet.srcs/sources_1/top.v:550]
WARNING: [Synth 8-689] width (4) of port connection 'M_AXI_BID' does not match port width (1) of module 'aq_axi_master' [F:/AD/experiment/ad9280_ethernet/adc_ethernet.srcs/sources_1/top.v:567]
WARNING: [Synth 8-689] width (4) of port connection 'M_AXI_ARID' does not match port width (1) of module 'aq_axi_master' [F:/AD/experiment/ad9280_ethernet/adc_ethernet.srcs/sources_1/top.v:572]
WARNING: [Synth 8-689] width (64) of port connection 'M_AXI_ARADDR' does not match port width (32) of module 'aq_axi_master' [F:/AD/experiment/ad9280_ethernet/adc_ethernet.srcs/sources_1/top.v:573]
WARNING: [Synth 8-689] width (4) of port connection 'M_AXI_RID' does not match port width (1) of module 'aq_axi_master' [F:/AD/experiment/ad9280_ethernet/adc_ethernet.srcs/sources_1/top.v:584]
WARNING: [Synth 8-3848] Net rgmii2_txd in module/entity top does not have driver. [F:/AD/experiment/ad9280_ethernet/adc_ethernet.srcs/sources_1/top.v:49]
WARNING: [Synth 8-3848] Net rgmii2_txctl in module/entity top does not have driver. [F:/AD/experiment/ad9280_ethernet/adc_ethernet.srcs/sources_1/top.v:50]
WARNING: [Synth 8-3848] Net rgmii2_txc in module/entity top does not have driver. [F:/AD/experiment/ad9280_ethernet/adc_ethernet.srcs/sources_1/top.v:51]
WARNING: [Synth 8-3848] Net s00_axi_buser in module/entity top does not have driver. [F:/AD/experiment/ad9280_ethernet/adc_ethernet.srcs/sources_1/top.v:127]
WARNING: [Synth 8-3848] Net s00_axi_ruser in module/entity top does not have driver. [F:/AD/experiment/ad9280_ethernet/adc_ethernet.srcs/sources_1/top.v:148]
WARNING: [Synth 8-3848] Net s_axis_data_tdata in module/entity top does not have driver. [F:/AD/experiment/ad9280_ethernet/adc_ethernet.srcs/sources_1/top.v:202]
WARNING: [Synth 8-3848] Net s_axis_data_tvalid in module/entity top does not have driver. [F:/AD/experiment/ad9280_ethernet/adc_ethernet.srcs/sources_1/top.v:203]
WARNING: [Synth 8-3848] Net s_axis_data_tlast in module/entity top does not have driver. [F:/AD/experiment/ad9280_ethernet/adc_ethernet.srcs/sources_1/top.v:205]
INFO: [Synth 8-6155] done synthesizing module 'top' (45#1) [F:/AD/experiment/ad9280_ethernet/adc_ethernet.srcs/sources_1/top.v:30]
WARNING: [Synth 8-3331] design aq_axi_master has unconnected port M_AXI_BID[0]
WARNING: [Synth 8-3331] design aq_axi_master has unconnected port M_AXI_BRESP[1]
WARNING: [Synth 8-3331] design aq_axi_master has unconnected port M_AXI_BRESP[0]
WARNING: [Synth 8-3331] design aq_axi_master has unconnected port M_AXI_BUSER[0]
WARNING: [Synth 8-3331] design aq_axi_master has unconnected port M_AXI_RID[0]
WARNING: [Synth 8-3331] design aq_axi_master has unconnected port M_AXI_RRESP[1]
WARNING: [Synth 8-3331] design aq_axi_master has unconnected port M_AXI_RRESP[0]
WARNING: [Synth 8-3331] design aq_axi_master has unconnected port M_AXI_RUSER[0]
WARNING: [Synth 8-3331] design frame_fifo_write has unconnected port wr_burst_data_req
WARNING: [Synth 8-3331] design icmp_reply has unconnected port icmp_tx_end
WARNING: [Synth 8-3331] design udp_tx has unconnected port udp_ram_data_req
WARNING: [Synth 8-3331] design udp_tx has unconnected port udp_tx_end
WARNING: [Synth 8-3331] design udp_tx has unconnected port source_ip_addr[31]
WARNING: [Synth 8-3331] design udp_tx has unconnected port source_ip_addr[30]
WARNING: [Synth 8-3331] design udp_tx has unconnected port source_ip_addr[29]
WARNING: [Synth 8-3331] design udp_tx has unconnected port source_ip_addr[28]
WARNING: [Synth 8-3331] design udp_tx has unconnected port source_ip_addr[27]
WARNING: [Synth 8-3331] design udp_tx has unconnected port source_ip_addr[26]
WARNING: [Synth 8-3331] design udp_tx has unconnected port source_ip_addr[25]
WARNING: [Synth 8-3331] design udp_tx has unconnected port source_ip_addr[24]
WARNING: [Synth 8-3331] design udp_tx has unconnected port source_ip_addr[23]
WARNING: [Synth 8-3331] design udp_tx has unconnected port source_ip_addr[22]
WARNING: [Synth 8-3331] design udp_tx has unconnected port source_ip_addr[21]
WARNING: [Synth 8-3331] design udp_tx has unconnected port source_ip_addr[20]
WARNING: [Synth 8-3331] design udp_tx has unconnected port source_ip_addr[19]
WARNING: [Synth 8-3331] design udp_tx has unconnected port source_ip_addr[18]
WARNING: [Synth 8-3331] design udp_tx has unconnected port source_ip_addr[17]
WARNING: [Synth 8-3331] design udp_tx has unconnected port source_ip_addr[16]
WARNING: [Synth 8-3331] design udp_tx has unconnected port source_ip_addr[15]
WARNING: [Synth 8-3331] design udp_tx has unconnected port source_ip_addr[14]
WARNING: [Synth 8-3331] design udp_tx has unconnected port source_ip_addr[13]
WARNING: [Synth 8-3331] design udp_tx has unconnected port source_ip_addr[12]
WARNING: [Synth 8-3331] design udp_tx has unconnected port source_ip_addr[11]
WARNING: [Synth 8-3331] design udp_tx has unconnected port source_ip_addr[10]
WARNING: [Synth 8-3331] design udp_tx has unconnected port source_ip_addr[9]
WARNING: [Synth 8-3331] design udp_tx has unconnected port source_ip_addr[8]
WARNING: [Synth 8-3331] design udp_tx has unconnected port source_ip_addr[7]
WARNING: [Synth 8-3331] design udp_tx has unconnected port source_ip_addr[6]
WARNING: [Synth 8-3331] design udp_tx has unconnected port source_ip_addr[5]
WARNING: [Synth 8-3331] design udp_tx has unconnected port source_ip_addr[4]
WARNING: [Synth 8-3331] design udp_tx has unconnected port source_ip_addr[3]
WARNING: [Synth 8-3331] design udp_tx has unconnected port source_ip_addr[2]
WARNING: [Synth 8-3331] design udp_tx has unconnected port source_ip_addr[1]
WARNING: [Synth 8-3331] design udp_tx has unconnected port source_ip_addr[0]
WARNING: [Synth 8-3331] design udp_tx has unconnected port destination_ip_addr[31]
WARNING: [Synth 8-3331] design udp_tx has unconnected port destination_ip_addr[30]
WARNING: [Synth 8-3331] design udp_tx has unconnected port destination_ip_addr[29]
WARNING: [Synth 8-3331] design udp_tx has unconnected port destination_ip_addr[28]
WARNING: [Synth 8-3331] design udp_tx has unconnected port destination_ip_addr[27]
WARNING: [Synth 8-3331] design udp_tx has unconnected port destination_ip_addr[26]
WARNING: [Synth 8-3331] design udp_tx has unconnected port destination_ip_addr[25]
WARNING: [Synth 8-3331] design udp_tx has unconnected port destination_ip_addr[24]
WARNING: [Synth 8-3331] design udp_tx has unconnected port destination_ip_addr[23]
WARNING: [Synth 8-3331] design udp_tx has unconnected port destination_ip_addr[22]
WARNING: [Synth 8-3331] design udp_tx has unconnected port destination_ip_addr[21]
WARNING: [Synth 8-3331] design udp_tx has unconnected port destination_ip_addr[20]
WARNING: [Synth 8-3331] design udp_tx has unconnected port destination_ip_addr[19]
WARNING: [Synth 8-3331] design udp_tx has unconnected port destination_ip_addr[18]
WARNING: [Synth 8-3331] design udp_tx has unconnected port destination_ip_addr[17]
WARNING: [Synth 8-3331] design udp_tx has unconnected port destination_ip_addr[16]
WARNING: [Synth 8-3331] design udp_tx has unconnected port destination_ip_addr[15]
WARNING: [Synth 8-3331] design udp_tx has unconnected port destination_ip_addr[14]
WARNING: [Synth 8-3331] design udp_tx has unconnected port destination_ip_addr[13]
WARNING: [Synth 8-3331] design udp_tx has unconnected port destination_ip_addr[12]
WARNING: [Synth 8-3331] design udp_tx has unconnected port destination_ip_addr[11]
WARNING: [Synth 8-3331] design udp_tx has unconnected port destination_ip_addr[10]
WARNING: [Synth 8-3331] design udp_tx has unconnected port destination_ip_addr[9]
WARNING: [Synth 8-3331] design udp_tx has unconnected port destination_ip_addr[8]
WARNING: [Synth 8-3331] design udp_tx has unconnected port destination_ip_addr[7]
WARNING: [Synth 8-3331] design udp_tx has unconnected port destination_ip_addr[6]
WARNING: [Synth 8-3331] design udp_tx has unconnected port destination_ip_addr[5]
WARNING: [Synth 8-3331] design udp_tx has unconnected port destination_ip_addr[4]
WARNING: [Synth 8-3331] design udp_tx has unconnected port destination_ip_addr[3]
WARNING: [Synth 8-3331] design udp_tx has unconnected port destination_ip_addr[2]
WARNING: [Synth 8-3331] design udp_tx has unconnected port destination_ip_addr[1]
WARNING: [Synth 8-3331] design udp_tx has unconnected port destination_ip_addr[0]
WARNING: [Synth 8-3331] design udp_tx has unconnected port ram_wr_data[7]
WARNING: [Synth 8-3331] design udp_tx has unconnected port ram_wr_data[6]
WARNING: [Synth 8-3331] design udp_tx has unconnected port ram_wr_data[5]
WARNING: [Synth 8-3331] design udp_tx has unconnected port ram_wr_data[4]
WARNING: [Synth 8-3331] design udp_tx has unconnected port ram_wr_data[3]
WARNING: [Synth 8-3331] design udp_tx has unconnected port ram_wr_data[2]
WARNING: [Synth 8-3331] design udp_tx has unconnected port ram_wr_data[1]
WARNING: [Synth 8-3331] design udp_tx has unconnected port ram_wr_data[0]
WARNING: [Synth 8-3331] design udp_tx has unconnected port ram_wr_en
WARNING: [Synth 8-3331] design ip_tx has unconnected port ip_tx_busy
WARNING: [Synth 8-3331] design mac_tx_top has unconnected port icmp_tx_end
WARNING: [Synth 8-3331] design eth_top has unconnected port fifo_data_count[11]
WARNING: [Synth 8-3331] design util_gmii_to_rgmii has unconnected port speed_selection[1]
WARNING: [Synth 8-3331] design util_gmii_to_rgmii has unconnected port speed_selection[0]
WARNING: [Synth 8-3331] design top has unconnected port rgmii2_txd[3]
WARNING: [Synth 8-3331] design top has unconnected port rgmii2_txd[2]
WARNING: [Synth 8-3331] design top has unconnected port rgmii2_txd[1]
WARNING: [Synth 8-3331] design top has unconnected port rgmii2_txd[0]
WARNING: [Synth 8-3331] design top has unconnected port rgmii2_txctl
WARNING: [Synth 8-3331] design top has unconnected port rgmii2_txc
WARNING: [Synth 8-3331] design top has unconnected port rgmii2_rxd[3]
WARNING: [Synth 8-3331] design top has unconnected port rgmii2_rxd[2]
WARNING: [Synth 8-3331] design top has unconnected port rgmii2_rxd[1]
WARNING: [Synth 8-3331] design top has unconnected port rgmii2_rxd[0]
INFO: [Common 17-14] Message 'Synth 8-3331' appears 100 times and further instances of the messages will be disabled. Use the Tcl command set_msg_config to change the current settings.
---------------------------------------------------------------------------------
Finished RTL Elaboration : Time (s): cpu = 00:00:02 ; elapsed = 00:00:03 . Memory (MB): peak = 2378.531 ; gain = 0.000
---------------------------------------------------------------------------------

Report Check Netlist: 
+------+------------------+-------+---------+-------+------------------+
|      |Item              |Errors |Warnings |Status |Description       |
+------+------------------+-------+---------+-------+------------------+
|1     |multi_driven_nets |      0|        0|Passed |Multi driven nets |
+------+------------------+-------+---------+-------+------------------+
---------------------------------------------------------------------------------
Start Handling Custom Attributes
---------------------------------------------------------------------------------
---------------------------------------------------------------------------------
Finished Handling Custom Attributes : Time (s): cpu = 00:00:02 ; elapsed = 00:00:03 . Memory (MB): peak = 2378.531 ; gain = 0.000
---------------------------------------------------------------------------------
---------------------------------------------------------------------------------
Finished RTL Optimization Phase 1 : Time (s): cpu = 00:00:02 ; elapsed = 00:00:03 . Memory (MB): peak = 2378.531 ; gain = 0.000
---------------------------------------------------------------------------------
INFO: [Project 1-454] Reading design checkpoint 'f:/AD/experiment/ad9280_ethernet/adc_ethernet.srcs/sources_1/ip/adc_pll/adc_pll.dcp' for cell 'adc_pll_m1'
INFO: [Project 1-454] Reading design checkpoint 'f:/AD/experiment/ad9280_ethernet/adc_ethernet.srcs/sources_1/ip/ddr3/ddr3.dcp' for cell 'u_ddr3'
INFO: [Project 1-454] Reading design checkpoint 'f:/AD/experiment/ad9280_ethernet/adc_ethernet.srcs/sources_1/ip/fft_ls/fft_ls.dcp' for cell 'fft_ls'
INFO: [Project 1-454] Reading design checkpoint 'f:/AD/experiment/ad9280_ethernet/adc_ethernet.srcs/sources_1/ip/afifo_16i_64o_512/afifo_16i_64o_512.dcp' for cell 'frame_read_write_m0/write_buf'
INFO: [Project 1-454] Reading design checkpoint 'f:/AD/experiment/ad9280_ethernet/adc_ethernet.srcs/sources_1/ip/afifo_64i_16o_128/afifo_64i_16o_128.dcp' for cell 'frame_read_write_m0/read_buf'
INFO: [Project 1-454] Reading design checkpoint 'f:/AD/experiment/ad9280_ethernet/adc_ethernet.srcs/sources_1/ip/my_cordic_1/my_cordic_1.dcp' for cell 'u_data_modulus/u_my_cordic_1'
INFO: [Netlist 29-17] Analyzing 1078 Unisim elements for replacement
INFO: [Netlist 29-28] Unisim Transformation completed in 0 CPU seconds
INFO: [Project 1-479] Netlist was created with Vivado 2019.1
INFO: [Project 1-570] Preparing netlist for logic optimization
INFO: [Opt 31-140] Inserted 7 IBUFs to IO ports without IO buffers.
INFO: [Opt 31-141] Inserted 9 OBUFs to IO ports without IO buffers.

Processing XDC Constraints
Initializing timing engine
Parsing XDC File [f:/AD/experiment/ad9280_ethernet/adc_ethernet.srcs/sources_1/ip/ddr3/ddr3/user_design/constraints/ddr3.xdc] for cell 'u_ddr3'
WARNING: [Designutils 20-1567] Use of 'set_multicycle_path' with '-hold' is not supported by synthesis. The constraint will not be passed to synthesis. [f:/AD/experiment/ad9280_ethernet/adc_ethernet.srcs/sources_1/ip/ddr3/ddr3/user_design/constraints/ddr3.xdc:493]
WARNING: [Designutils 20-1567] Use of 'set_multicycle_path' with '-hold' is not supported by synthesis. The constraint will not be passed to synthesis. [f:/AD/experiment/ad9280_ethernet/adc_ethernet.srcs/sources_1/ip/ddr3/ddr3/user_design/constraints/ddr3.xdc:500]
Finished Parsing XDC File [f:/AD/experiment/ad9280_ethernet/adc_ethernet.srcs/sources_1/ip/ddr3/ddr3/user_design/constraints/ddr3.xdc] for cell 'u_ddr3'
INFO: [Project 1-236] Implementation specific constraints were found while reading constraint file [f:/AD/experiment/ad9280_ethernet/adc_ethernet.srcs/sources_1/ip/ddr3/ddr3/user_design/constraints/ddr3.xdc]. These constraints will be ignored for synthesis but will be used in implementation. Impacted constraints are listed in the file [.Xil/top_propImpl.xdc].
Resolution: To avoid this warning, move constraints listed in [.Xil/top_propImpl.xdc] to another XDC file and exclude this new file from synthesis with the used_in_synthesis property (File Properties dialog in GUI) and re-run elaboration/synthesis.
Parsing XDC File [f:/AD/experiment/ad9280_ethernet/adc_ethernet.srcs/sources_1/ip/afifo_16i_64o_512/afifo_16i_64o_512.xdc] for cell 'frame_read_write_m0/write_buf/U0'
Finished Parsing XDC File [f:/AD/experiment/ad9280_ethernet/adc_ethernet.srcs/sources_1/ip/afifo_16i_64o_512/afifo_16i_64o_512.xdc] for cell 'frame_read_write_m0/write_buf/U0'
Parsing XDC File [f:/AD/experiment/ad9280_ethernet/adc_ethernet.srcs/sources_1/ip/adc_pll/adc_pll_board.xdc] for cell 'adc_pll_m1/inst'
Finished Parsing XDC File [f:/AD/experiment/ad9280_ethernet/adc_ethernet.srcs/sources_1/ip/adc_pll/adc_pll_board.xdc] for cell 'adc_pll_m1/inst'
Parsing XDC File [f:/AD/experiment/ad9280_ethernet/adc_ethernet.srcs/sources_1/ip/adc_pll/adc_pll.xdc] for cell 'adc_pll_m1/inst'
Finished Parsing XDC File [f:/AD/experiment/ad9280_ethernet/adc_ethernet.srcs/sources_1/ip/adc_pll/adc_pll.xdc] for cell 'adc_pll_m1/inst'
Parsing XDC File [f:/AD/experiment/ad9280_ethernet/adc_ethernet.srcs/sources_1/ip/afifo_64i_16o_128/afifo_64i_16o_128.xdc] for cell 'frame_read_write_m0/read_buf/U0'
Finished Parsing XDC File [f:/AD/experiment/ad9280_ethernet/adc_ethernet.srcs/sources_1/ip/afifo_64i_16o_128/afifo_64i_16o_128.xdc] for cell 'frame_read_write_m0/read_buf/U0'
Parsing XDC File [F:/AD/experiment/ad9280_ethernet/adc_ethernet.srcs/constrs_1/new/adc_ethernet.xdc]
WARNING: [Designutils 20-1567] Use of 'set_false_path' with '-reset_path' is not supported by synthesis. The constraint will not be passed to synthesis. [F:/AD/experiment/ad9280_ethernet/adc_ethernet.srcs/constrs_1/new/adc_ethernet.xdc:109]
WARNING: [Designutils 20-1567] Use of 'set_false_path' with '-reset_path' is not supported by synthesis. The constraint will not be passed to synthesis. [F:/AD/experiment/ad9280_ethernet/adc_ethernet.srcs/constrs_1/new/adc_ethernet.xdc:110]
WARNING: [Designutils 20-1567] Use of 'set_false_path' with '-reset_path' is not supported by synthesis. The constraint will not be passed to synthesis. [F:/AD/experiment/ad9280_ethernet/adc_ethernet.srcs/constrs_1/new/adc_ethernet.xdc:111]
WARNING: [Designutils 20-1567] Use of 'set_false_path' with '-reset_path' is not supported by synthesis. The constraint will not be passed to synthesis. [F:/AD/experiment/ad9280_ethernet/adc_ethernet.srcs/constrs_1/new/adc_ethernet.xdc:112]
WARNING: [Designutils 20-1567] Use of 'set_false_path' with '-reset_path' is not supported by synthesis. The constraint will not be passed to synthesis. [F:/AD/experiment/ad9280_ethernet/adc_ethernet.srcs/constrs_1/new/adc_ethernet.xdc:113]
WARNING: [Designutils 20-1567] Use of 'set_false_path' with '-reset_path' is not supported by synthesis. The constraint will not be passed to synthesis. [F:/AD/experiment/ad9280_ethernet/adc_ethernet.srcs/constrs_1/new/adc_ethernet.xdc:114]
Finished Parsing XDC File [F:/AD/experiment/ad9280_ethernet/adc_ethernet.srcs/constrs_1/new/adc_ethernet.xdc]
INFO: [Project 1-236] Implementation specific constraints were found while reading constraint file [F:/AD/experiment/ad9280_ethernet/adc_ethernet.srcs/constrs_1/new/adc_ethernet.xdc]. These constraints will be ignored for synthesis but will be used in implementation. Impacted constraints are listed in the file [.Xil/top_propImpl.xdc].
Resolution: To avoid this warning, move constraints listed in [.Xil/top_propImpl.xdc] to another XDC file and exclude this new file from synthesis with the used_in_synthesis property (File Properties dialog in GUI) and re-run elaboration/synthesis.
INFO: [Timing 38-2] Deriving generated clocks
Parsing XDC File [f:/AD/experiment/ad9280_ethernet/adc_ethernet.srcs/sources_1/ip/afifo_16i_64o_512/afifo_16i_64o_512_clocks.xdc] for cell 'frame_read_write_m0/write_buf/U0'
Finished Parsing XDC File [f:/AD/experiment/ad9280_ethernet/adc_ethernet.srcs/sources_1/ip/afifo_16i_64o_512/afifo_16i_64o_512_clocks.xdc] for cell 'frame_read_write_m0/write_buf/U0'
Parsing XDC File [f:/AD/experiment/ad9280_ethernet/adc_ethernet.srcs/sources_1/ip/adc_pll/adc_pll_late.xdc] for cell 'adc_pll_m1/inst'
Finished Parsing XDC File [f:/AD/experiment/ad9280_ethernet/adc_ethernet.srcs/sources_1/ip/adc_pll/adc_pll_late.xdc] for cell 'adc_pll_m1/inst'
Parsing XDC File [f:/AD/experiment/ad9280_ethernet/adc_ethernet.srcs/sources_1/ip/afifo_64i_16o_128/afifo_64i_16o_128_clocks.xdc] for cell 'frame_read_write_m0/read_buf/U0'
Finished Parsing XDC File [f:/AD/experiment/ad9280_ethernet/adc_ethernet.srcs/sources_1/ip/afifo_64i_16o_128/afifo_64i_16o_128_clocks.xdc] for cell 'frame_read_write_m0/read_buf/U0'
Sourcing Tcl File [E:/xilinx_SDK/Vivado/2019.1/data/ip/xpm/xpm_cdc/tcl/xpm_cdc_async_rst.tcl] for cell 'frame_read_write_m0/write_buf/U0/inst_fifo_gen/gconvfifo.rf/grf.rf/rstblk/ngwrdrst.grst.g7serrst.gnsckt_wrst.gic_rst.rst_rd_reg2_inst'
Finished Sourcing Tcl File [E:/xilinx_SDK/Vivado/2019.1/data/ip/xpm/xpm_cdc/tcl/xpm_cdc_async_rst.tcl] for cell 'frame_read_write_m0/write_buf/U0/inst_fifo_gen/gconvfifo.rf/grf.rf/rstblk/ngwrdrst.grst.g7serrst.gnsckt_wrst.gic_rst.rst_rd_reg2_inst'
Sourcing Tcl File [E:/xilinx_SDK/Vivado/2019.1/data/ip/xpm/xpm_cdc/tcl/xpm_cdc_async_rst.tcl] for cell 'frame_read_write_m0/write_buf/U0/inst_fifo_gen/gconvfifo.rf/grf.rf/rstblk/ngwrdrst.grst.g7serrst.gnsckt_wrst.rst_wr_reg2_inst'
Finished Sourcing Tcl File [E:/xilinx_SDK/Vivado/2019.1/data/ip/xpm/xpm_cdc/tcl/xpm_cdc_async_rst.tcl] for cell 'frame_read_write_m0/write_buf/U0/inst_fifo_gen/gconvfifo.rf/grf.rf/rstblk/ngwrdrst.grst.g7serrst.gnsckt_wrst.rst_wr_reg2_inst'
INFO: [Project 1-236] Implementation specific constraints were found while reading constraint file [E:/xilinx_SDK/Vivado/2019.1/data/ip/xpm/xpm_cdc/tcl/xpm_cdc_async_rst.tcl]. These constraints will be ignored for synthesis but will be used in implementation. Impacted constraints are listed in the file [.Xil/top_propImpl.xdc].
Resolution: To avoid this warning, move constraints listed in [.Xil/top_propImpl.xdc] to another XDC file and exclude this new file from synthesis with the used_in_synthesis property (File Properties dialog in GUI) and re-run elaboration/synthesis.
Sourcing Tcl File [E:/xilinx_SDK/Vivado/2019.1/data/ip/xpm/xpm_cdc/tcl/xpm_cdc_gray.tcl] for cell 'frame_read_write_m0/write_buf/U0/inst_fifo_gen/gconvfifo.rf/grf.rf/gntv_or_sync_fifo.gcx.clkx/wr_pntr_cdc_inst'
Finished Sourcing Tcl File [E:/xilinx_SDK/Vivado/2019.1/data/ip/xpm/xpm_cdc/tcl/xpm_cdc_gray.tcl] for cell 'frame_read_write_m0/write_buf/U0/inst_fifo_gen/gconvfifo.rf/grf.rf/gntv_or_sync_fifo.gcx.clkx/wr_pntr_cdc_inst'
Sourcing Tcl File [E:/xilinx_SDK/Vivado/2019.1/data/ip/xpm/xpm_cdc/tcl/xpm_cdc_gray.tcl] for cell 'frame_read_write_m0/write_buf/U0/inst_fifo_gen/gconvfifo.rf/grf.rf/gntv_or_sync_fifo.gcx.clkx/rd_pntr_cdc_inst'
Finished Sourcing Tcl File [E:/xilinx_SDK/Vivado/2019.1/data/ip/xpm/xpm_cdc/tcl/xpm_cdc_gray.tcl] for cell 'frame_read_write_m0/write_buf/U0/inst_fifo_gen/gconvfifo.rf/grf.rf/gntv_or_sync_fifo.gcx.clkx/rd_pntr_cdc_inst'
Sourcing Tcl File [E:/xilinx_SDK/Vivado/2019.1/data/ip/xpm/xpm_cdc/tcl/xpm_cdc_gray.tcl] for cell 'frame_read_write_m0/read_buf/U0/inst_fifo_gen/gconvfifo.rf/grf.rf/gntv_or_sync_fifo.gcx.clkx/wr_pntr_cdc_inst'
Finished Sourcing Tcl File [E:/xilinx_SDK/Vivado/2019.1/data/ip/xpm/xpm_cdc/tcl/xpm_cdc_gray.tcl] for cell 'frame_read_write_m0/read_buf/U0/inst_fifo_gen/gconvfifo.rf/grf.rf/gntv_or_sync_fifo.gcx.clkx/wr_pntr_cdc_inst'
Sourcing Tcl File [E:/xilinx_SDK/Vivado/2019.1/data/ip/xpm/xpm_cdc/tcl/xpm_cdc_gray.tcl] for cell 'frame_read_write_m0/read_buf/U0/inst_fifo_gen/gconvfifo.rf/grf.rf/gntv_or_sync_fifo.gcx.clkx/rd_pntr_cdc_inst'
Finished Sourcing Tcl File [E:/xilinx_SDK/Vivado/2019.1/data/ip/xpm/xpm_cdc/tcl/xpm_cdc_gray.tcl] for cell 'frame_read_write_m0/read_buf/U0/inst_fifo_gen/gconvfifo.rf/grf.rf/gntv_or_sync_fifo.gcx.clkx/rd_pntr_cdc_inst'
INFO: [Project 1-236] Implementation specific constraints were found while reading constraint file [E:/xilinx_SDK/Vivado/2019.1/data/ip/xpm/xpm_cdc/tcl/xpm_cdc_gray.tcl]. These constraints will be ignored for synthesis but will be used in implementation. Impacted constraints are listed in the file [.Xil/top_propImpl.xdc].
Resolution: To avoid this warning, move constraints listed in [.Xil/top_propImpl.xdc] to another XDC file and exclude this new file from synthesis with the used_in_synthesis property (File Properties dialog in GUI) and re-run elaboration/synthesis.
Sourcing Tcl File [E:/xilinx_SDK/Vivado/2019.1/data/ip/xpm/xpm_cdc/tcl/xpm_cdc_single.tcl] for cell 'frame_read_write_m0/write_buf/U0/inst_fifo_gen/gconvfifo.rf/grf.rf/rstblk/ngwrdrst.grst.g7serrst.gnsckt_wrst.gic_rst.xpm_cdc_single_inst_rrst_wr'
Finished Sourcing Tcl File [E:/xilinx_SDK/Vivado/2019.1/data/ip/xpm/xpm_cdc/tcl/xpm_cdc_single.tcl] for cell 'frame_read_write_m0/write_buf/U0/inst_fifo_gen/gconvfifo.rf/grf.rf/rstblk/ngwrdrst.grst.g7serrst.gnsckt_wrst.gic_rst.xpm_cdc_single_inst_rrst_wr'
Sourcing Tcl File [E:/xilinx_SDK/Vivado/2019.1/data/ip/xpm/xpm_cdc/tcl/xpm_cdc_single.tcl] for cell 'frame_read_write_m0/write_buf/U0/inst_fifo_gen/gconvfifo.rf/grf.rf/rstblk/ngwrdrst.grst.g7serrst.gnsckt_wrst.gic_rst.xpm_cdc_single_inst_wrst_rd'
Finished Sourcing Tcl File [E:/xilinx_SDK/Vivado/2019.1/data/ip/xpm/xpm_cdc/tcl/xpm_cdc_single.tcl] for cell 'frame_read_write_m0/write_buf/U0/inst_fifo_gen/gconvfifo.rf/grf.rf/rstblk/ngwrdrst.grst.g7serrst.gnsckt_wrst.gic_rst.xpm_cdc_single_inst_wrst_rd'
Sourcing Tcl File [E:/xilinx_SDK/Vivado/2019.1/data/ip/xpm/xpm_cdc/tcl/xpm_cdc_single.tcl] for cell 'frame_read_write_m0/read_buf/U0/inst_fifo_gen/gconvfifo.rf/grf.rf/rstblk/ngwrdrst.grst.g7serrst.gsckt_wrst.gic_rst.xpm_cdc_single_inst_rrst_wr'
Finished Sourcing Tcl File [E:/xilinx_SDK/Vivado/2019.1/data/ip/xpm/xpm_cdc/tcl/xpm_cdc_single.tcl] for cell 'frame_read_write_m0/read_buf/U0/inst_fifo_gen/gconvfifo.rf/grf.rf/rstblk/ngwrdrst.grst.g7serrst.gsckt_wrst.gic_rst.xpm_cdc_single_inst_rrst_wr'
Sourcing Tcl File [E:/xilinx_SDK/Vivado/2019.1/data/ip/xpm/xpm_cdc/tcl/xpm_cdc_single.tcl] for cell 'frame_read_write_m0/read_buf/U0/inst_fifo_gen/gconvfifo.rf/grf.rf/rstblk/ngwrdrst.grst.g7serrst.gsckt_wrst.gic_rst.xpm_cdc_single_inst_wrst_rd'
Finished Sourcing Tcl File [E:/xilinx_SDK/Vivado/2019.1/data/ip/xpm/xpm_cdc/tcl/xpm_cdc_single.tcl] for cell 'frame_read_write_m0/read_buf/U0/inst_fifo_gen/gconvfifo.rf/grf.rf/rstblk/ngwrdrst.grst.g7serrst.gsckt_wrst.gic_rst.xpm_cdc_single_inst_wrst_rd'
INFO: [Project 1-236] Implementation specific constraints were found while reading constraint file [E:/xilinx_SDK/Vivado/2019.1/data/ip/xpm/xpm_cdc/tcl/xpm_cdc_single.tcl]. These constraints will be ignored for synthesis but will be used in implementation. Impacted constraints are listed in the file [.Xil/top_propImpl.xdc].
Resolution: To avoid this warning, move constraints listed in [.Xil/top_propImpl.xdc] to another XDC file and exclude this new file from synthesis with the used_in_synthesis property (File Properties dialog in GUI) and re-run elaboration/synthesis.
Sourcing Tcl File [E:/xilinx_SDK/Vivado/2019.1/data/ip/xpm/xpm_cdc/tcl/xpm_cdc_sync_rst.tcl] for cell 'frame_read_write_m0/read_buf/U0/inst_fifo_gen/gconvfifo.rf/grf.rf/rstblk/ngwrdrst.grst.g7serrst.gsckt_wrst.gic_rst.xpm_cdc_sync_rst_inst_wrst'
Finished Sourcing Tcl File [E:/xilinx_SDK/Vivado/2019.1/data/ip/xpm/xpm_cdc/tcl/xpm_cdc_sync_rst.tcl] for cell 'frame_read_write_m0/read_buf/U0/inst_fifo_gen/gconvfifo.rf/grf.rf/rstblk/ngwrdrst.grst.g7serrst.gsckt_wrst.gic_rst.xpm_cdc_sync_rst_inst_wrst'
Sourcing Tcl File [E:/xilinx_SDK/Vivado/2019.1/data/ip/xpm/xpm_cdc/tcl/xpm_cdc_sync_rst.tcl] for cell 'frame_read_write_m0/read_buf/U0/inst_fifo_gen/gconvfifo.rf/grf.rf/rstblk/ngwrdrst.grst.g7serrst.gsckt_wrst.xpm_cdc_sync_rst_inst_wrst'
Finished Sourcing Tcl File [E:/xilinx_SDK/Vivado/2019.1/data/ip/xpm/xpm_cdc/tcl/xpm_cdc_sync_rst.tcl] for cell 'frame_read_write_m0/read_buf/U0/inst_fifo_gen/gconvfifo.rf/grf.rf/rstblk/ngwrdrst.grst.g7serrst.gsckt_wrst.xpm_cdc_sync_rst_inst_wrst'
Completed Processing XDC Constraints

INFO: [Opt 31-138] Pushed 0 inverter(s) to 0 load pin(s).
Netlist sorting complete. Time (s): cpu = 00:00:00 ; elapsed = 00:00:00.015 . Memory (MB): peak = 2378.531 ; gain = 0.000
INFO: [Project 1-111] Unisim Transformation Summary:
  A total of 297 instances were transformed.
  IBUFGDS => IBUFDS: 1 instances
  IOBUF => IOBUF (IBUF, OBUFT): 2 instances
  IOBUFDS_DIFF_OUT_INTERMDISABLE => IOBUFDS_DIFF_OUT_INTERMDISABLE (IBUFDS_INTERMDISABLE_INT, IBUFDS_INTERMDISABLE_INT, INV, OBUFTDS, OBUFTDS): 4 instances
  IOBUF_INTERMDISABLE => IOBUF_INTERMDISABLE (IBUF_INTERMDISABLE, OBUFT): 32 instances
  LUT6_2 => LUT6_2 (LUT5, LUT6): 26 instances
  OBUFDS => OBUFDS_DUAL_BUF (INV, OBUFDS, OBUFDS): 1 instances
  RAM32M => RAM32M (RAMD32, RAMD32, RAMD32, RAMD32, RAMD32, RAMD32, RAMS32, RAMS32): 231 instances

RTL Elaboration Complete:  : Time (s): cpu = 00:00:13 ; elapsed = 00:00:16 . Memory (MB): peak = 2378.531 ; gain = 0.000
139 Infos, 174 Warnings, 0 Critical Warnings and 0 Errors encountered.
synth_design completed successfully
synth_design: Time (s): cpu = 00:00:13 ; elapsed = 00:00:16 . Memory (MB): peak = 2378.531 ; gain = 0.000
git log
WARNING: [Common 17-259] Unknown Tcl command 'git log' sending command to the OS shell for execution. It is recommended to use 'exec' to send the command to the OS shell.
fatal: not a git repository (or any of the parent directories): .git
pwd
F:/AD/experiment/ad9280_ethernet
git init
WARNING: [Common 17-259] Unknown Tcl command 'git init' sending command to the OS shell for execution. It is recommended to use 'exec' to send the command to the OS shell.
Initialized empty Git repository in F:/AD/experiment/ad9280_ethernet/.git/
git add .
WARNING: [Common 17-259] Unknown Tcl command 'git add .' sending command to the OS shell for execution. It is recommended to use 'exec' to send the command to the OS shell.
warning: in the working copy of '.Xil/Vivado-26960-FranklinY9000P/realtime/adc_pll_stub.v', LF will be replaced by CRLF the next time Git touches it
warning: in the working copy of '.Xil/Vivado-26960-FranklinY9000P/realtime/afifo_16i_64o_512_stub.v', LF will be replaced by CRLF the next time Git touches it
warning: in the working copy of '.Xil/Vivado-26960-FranklinY9000P/realtime/afifo_64i_16o_128_stub.v', LF will be replaced by CRLF the next time Git touches it
warning: in the working copy of '.Xil/Vivado-26960-FranklinY9000P/realtime/ddr3_stub.v', LF will be replaced by CRLF the next time Git touches it
warning: in the working copy of '.Xil/Vivado-26960-FranklinY9000P/realtime/fft_ls_stub.v', LF will be replaced by CRLF the next time Git touches it
warning: in the working copy of '.Xil/Vivado-26960-FranklinY9000P/realtime/my_cordic_1_stub.v', LF will be replaced by CRLF the next time Git touches it
warning: in the working copy of 'adc_ethernet.ip_user_files/ip/adc_pll/adc_pll.veo', LF will be replaced by CRLF the next time Git touches it
warning: in the working copy of 'adc_ethernet.ip_user_files/ip/afifo_16i_64o_512/afifo_16i_64o_512.veo', LF will be replaced by CRLF the next time Git touches it
warning: in the working copy of 'adc_ethernet.ip_user_files/ip/afifo_16i_64o_512/afifo_16i_64o_512.vho', LF will be replaced by CRLF the next time Git touches it
warning: in the working copy of 'adc_ethernet.ip_user_files/ip/afifo_64i_16o_128/afifo_64i_16o_128.veo', LF will be replaced by CRLF the next time Git touches it
warning: in the working copy of 'adc_ethernet.ip_user_files/ip/afifo_64i_16o_128/afifo_64i_16o_128.vho', LF will be replaced by CRLF the next time Git touches it
warning: in the working copy of 'adc_ethernet.ip_user_files/ip/ddr3/ddr3.xci', LF will be replaced by CRLF the next time Git touches it
warning: in the working copy of 'adc_ethernet.ip_user_files/ip/ddr3/ddr3.xml', LF will be replaced by CRLF the next time Git touches it
warning: in the working copy of 'adc_ethernet.ip_user_files/ip/ddr3/ddr3_sim_netlist.v', LF will be replaced by CRLF the next time Git touches it
warning: in the working copy of 'adc_ethernet.ip_user_files/ip/ddr3/ddr3_sim_netlist.vhdl', LF will be replaced by CRLF the next time Git touches it
warning: in the working copy of 'adc_ethernet.ip_user_files/ip/ddr3/mig_a.prj', LF will be replaced by CRLF the next time Git touches it
warning: in the working copy of 'adc_ethernet.ip_user_files/ip/ddr3/mig_b.prj', LF will be replaced by CRLF the next time Git touches it
warning: in the working copy of 'adc_ethernet.ip_user_files/ip/sys_pll/sys_pll.veo', LF will be replaced by CRLF the next time Git touches it
warning: in the working copy of 'adc_ethernet.ip_user_files/ipstatic/hdl/fifo_generator_v13_2_rfs.v', LF will be replaced by CRLF the next time Git touches it
warning: in the working copy of 'adc_ethernet.ip_user_files/ipstatic/hdl/fifo_generator_v13_2_rfs.vhd', LF will be replaced by CRLF the next time Git touches it
warning: in the working copy of 'adc_ethernet.ip_user_files/ipstatic/simulation/fifo_generator_vlog_beh.v', LF will be replaced by CRLF the next time Git touches it
warning: in the working copy of 'adc_ethernet.ip_user_files/mem_init_files/mig_a.prj', LF will be replaced by CRLF the next time Git touches it
warning: in the working copy of 'adc_ethernet.ip_user_files/sim_scripts/adc_pll/activehdl/glbl.v', LF will be replaced by CRLF the next time Git touches it
warning: in the working copy of 'adc_ethernet.ip_user_files/sim_scripts/adc_pll/ies/glbl.v', LF will be replaced by CRLF the next time Git touches it
warning: in the working copy of 'adc_ethernet.ip_user_files/sim_scripts/adc_pll/modelsim/glbl.v', LF will be replaced by CRLF the next time Git touches it
warning: in the working copy of 'adc_ethernet.ip_user_files/sim_scripts/adc_pll/questa/glbl.v', LF will be replaced by CRLF the next time Git touches it
warning: in the working copy of 'adc_ethernet.ip_user_files/sim_scripts/adc_pll/riviera/glbl.v', LF will be replaced by CRLF the next time Git touches it
warning: in the working copy of 'adc_ethernet.ip_user_files/sim_scripts/adc_pll/vcs/glbl.v', LF will be replaced by CRLF the next time Git touches it
warning: in the working copy of 'adc_ethernet.ip_user_files/sim_scripts/adc_pll/xsim/glbl.v', LF will be replaced by CRLF the next time Git touches it
warning: in the working copy of 'adc_ethernet.ip_user_files/sim_scripts/adc_pll/xsim/xsim.ini', LF will be replaced by CRLF the next time Git touches it
warning: in the working copy of 'adc_ethernet.ip_user_files/sim_scripts/afifo_16i_64o_512/activehdl/glbl.v', LF will be replaced by CRLF the next time Git touches it
warning: in the working copy of 'adc_ethernet.ip_user_files/sim_scripts/afifo_16i_64o_512/ies/glbl.v', LF will be replaced by CRLF the next time Git touches it
warning: in the working copy of 'adc_ethernet.ip_user_files/sim_scripts/afifo_16i_64o_512/modelsim/glbl.v', LF will be replaced by CRLF the next time Git touches it
warning: in the working copy of 'adc_ethernet.ip_user_files/sim_scripts/afifo_16i_64o_512/questa/glbl.v', LF will be replaced by CRLF the next time Git touches it
warning: in the working copy of 'adc_ethernet.ip_user_files/sim_scripts/afifo_16i_64o_512/riviera/glbl.v', LF will be replaced by CRLF the next time Git touches it
warning: in the working copy of 'adc_ethernet.ip_user_files/sim_scripts/afifo_16i_64o_512/vcs/glbl.v', LF will be replaced by CRLF the next time Git touches it
warning: in the working copy of 'adc_ethernet.ip_user_files/sim_scripts/afifo_16i_64o_512/xsim/glbl.v', LF will be replaced by CRLF the next time Git touches it
warning: in the working copy of 'adc_ethernet.ip_user_files/sim_scripts/afifo_16i_64o_512/xsim/xsim.ini', LF will be replaced by CRLF the next time Git touches it
warning: in the working copy of 'adc_ethernet.ip_user_files/sim_scripts/afifo_64i_16o_128/activehdl/glbl.v', LF will be replaced by CRLF the next time Git touches it
warning: in the working copy of 'adc_ethernet.ip_user_files/sim_scripts/afifo_64i_16o_128/ies/glbl.v', LF will be replaced by CRLF the next time Git touches it
warning: in the working copy of 'adc_ethernet.ip_user_files/sim_scripts/afifo_64i_16o_128/modelsim/glbl.v', LF will be replaced by CRLF the next time Git touches it
warning: in the working copy of 'adc_ethernet.ip_user_files/sim_scripts/afifo_64i_16o_128/questa/glbl.v', LF will be replaced by CRLF the next time Git touches it
warning: in the working copy of 'adc_ethernet.ip_user_files/sim_scripts/afifo_64i_16o_128/riviera/glbl.v', LF will be replaced by CRLF the next time Git touches it
warning: in the working copy of 'adc_ethernet.ip_user_files/sim_scripts/afifo_64i_16o_128/vcs/glbl.v', LF will be replaced by CRLF the next time Git touches it
warning: in the working copy of 'adc_ethernet.ip_user_files/sim_scripts/afifo_64i_16o_128/xsim/glbl.v', LF will be replaced by CRLF the next time Git touches it
warning: in the working copy of 'adc_ethernet.ip_user_files/sim_scripts/afifo_64i_16o_128/xsim/xsim.ini', LF will be replaced by CRLF the next time Git touches it
warning: in the working copy of 'adc_ethernet.ip_user_files/sim_scripts/ddr3/activehdl/glbl.v', LF will be replaced by CRLF the next time Git touches it
warning: in the working copy of 'adc_ethernet.ip_user_files/sim_scripts/ddr3/activehdl/mig_a.prj', LF will be replaced by CRLF the next time Git touches it
warning: in the working copy of 'adc_ethernet.ip_user_files/sim_scripts/ddr3/ddr3.xci', LF will be replaced by CRLF the next time Git touches it
warning: in the working copy of 'adc_ethernet.ip_user_files/sim_scripts/ddr3/ddr3.xml', LF will be replaced by CRLF the next time Git touches it
warning: in the working copy of 'adc_ethernet.ip_user_files/sim_scripts/ddr3/ddr3_sim_netlist.v', LF will be replaced by CRLF the next time Git touches it
warning: in the working copy of 'adc_ethernet.ip_user_files/sim_scripts/ddr3/ddr3_sim_netlist.vhdl', LF will be replaced by CRLF the next time Git touches it
warning: in the working copy of 'adc_ethernet.ip_user_files/sim_scripts/ddr3/ies/glbl.v', LF will be replaced by CRLF the next time Git touches it
warning: in the working copy of 'adc_ethernet.ip_user_files/sim_scripts/ddr3/ies/mig_a.prj', LF will be replaced by CRLF the next time Git touches it
warning: in the working copy of 'adc_ethernet.ip_user_files/sim_scripts/ddr3/mig_a.prj', LF will be replaced by CRLF the next time Git touches it
warning: in the working copy of 'adc_ethernet.ip_user_files/sim_scripts/ddr3/mig_b.prj', LF will be replaced by CRLF the next time Git touches it
warning: in the working copy of 'adc_ethernet.ip_user_files/sim_scripts/ddr3/modelsim/glbl.v', LF will be replaced by CRLF the next time Git touches it
warning: in the working copy of 'adc_ethernet.ip_user_files/sim_scripts/ddr3/modelsim/mig_a.prj', LF will be replaced by CRLF the next time Git touches it
warning: in the working copy of 'adc_ethernet.ip_user_files/sim_scripts/ddr3/questa/glbl.v', LF will be replaced by CRLF the next time Git touches it
warning: in the working copy of 'adc_ethernet.ip_user_files/sim_scripts/ddr3/questa/mig_a.prj', LF will be replaced by CRLF the next time Git touches it
warning: in the working copy of 'adc_ethernet.ip_user_files/sim_scripts/ddr3/riviera/glbl.v', LF will be replaced by CRLF the next time Git touches it
warning: in the working copy of 'adc_ethernet.ip_user_files/sim_scripts/ddr3/riviera/mig_a.prj', LF will be replaced by CRLF the next time Git touches it
warning: in the working copy of 'adc_ethernet.ip_user_files/sim_scripts/ddr3/vcs/glbl.v', LF will be replaced by CRLF the next time Git touches it
warning: in the working copy of 'adc_ethernet.ip_user_files/sim_scripts/ddr3/vcs/mig_a.prj', LF will be replaced by CRLF the next time Git touches it
warning: in the working copy of 'adc_ethernet.ip_user_files/sim_scripts/ddr3/xsim/glbl.v', LF will be replaced by CRLF the next time Git touches it
warning: in the working copy of 'adc_ethernet.ip_user_files/sim_scripts/ddr3/xsim/mig_a.prj', LF will be replaced by CRLF the next time Git touches it
warning: in the working copy of 'adc_ethernet.ip_user_files/sim_scripts/ddr3/xsim/xsim.ini', LF will be replaced by CRLF the next time Git touches it
warning: in the working copy of 'adc_ethernet.ip_user_files/sim_scripts/sys_pll/activehdl/glbl.v', LF will be replaced by CRLF the next time Git touches it
warning: in the working copy of 'adc_ethernet.ip_user_files/sim_scripts/sys_pll/ies/glbl.v', LF will be replaced by CRLF the next time Git touches it
warning: in the working copy of 'adc_ethernet.ip_user_files/sim_scripts/sys_pll/modelsim/glbl.v', LF will be replaced by CRLF the next time Git touches it
warning: in the working copy of 'adc_ethernet.ip_user_files/sim_scripts/sys_pll/questa/glbl.v', LF will be replaced by CRLF the next time Git touches it
warning: in the working copy of 'adc_ethernet.ip_user_files/sim_scripts/sys_pll/riviera/glbl.v', LF will be replaced by CRLF the next time Git touches it
warning: in the working copy of 'adc_ethernet.ip_user_files/sim_scripts/sys_pll/vcs/glbl.v', LF will be replaced by CRLF the next time Git touches it
warning: in the working copy of 'adc_ethernet.ip_user_files/sim_scripts/sys_pll/xsim/glbl.v', LF will be replaced by CRLF the next time Git touches it
warning: in the working copy of 'adc_ethernet.ip_user_files/sim_scripts/sys_pll/xsim/xsim.ini', LF will be replaced by CRLF the next time Git touches it
warning: in the working copy of 'adc_ethernet.runs/adc_pll_synth_1/ISEWrap.js', LF will be replaced by CRLF the next time Git touches it
warning: in the working copy of 'adc_ethernet.runs/adc_pll_synth_1/ISEWrap.sh', LF will be replaced by CRLF the next time Git touches it
warning: in the working copy of 'adc_ethernet.runs/adc_pll_synth_1/adc_pll.vds', LF will be replaced by CRLF the next time Git touches it
warning: in the working copy of 'adc_ethernet.runs/adc_pll_synth_1/adc_pll_utilization_synth.rpt', LF will be replaced by CRLF the next time Git touches it
warning: in the working copy of 'adc_ethernet.runs/adc_pll_synth_1/vivado.jou', LF will be replaced by CRLF the next time Git touches it
warning: in the working copy of 'adc_ethernet.runs/afifo_16i_64o_512_synth_1/ISEWrap.js', LF will be replaced by CRLF the next time Git touches it
warning: in the working copy of 'adc_ethernet.runs/afifo_16i_64o_512_synth_1/ISEWrap.sh', LF will be replaced by CRLF the next time Git touches it
warning: in the working copy of 'adc_ethernet.runs/afifo_16i_64o_512_synth_1/afifo_16i_64o_512.vds', LF will be replaced by CRLF the next time Git touches it
warning: in the working copy of 'adc_ethernet.runs/afifo_16i_64o_512_synth_1/afifo_16i_64o_512_utilization_synth.rpt', LF will be replaced by CRLF the next time Git touches it
warning: in the working copy of 'adc_ethernet.runs/afifo_16i_64o_512_synth_1/vivado.jou', LF will be replaced by CRLF the next time Git touches it
warning: in the working copy of 'adc_ethernet.runs/afifo_64i_16o_128_synth_1/ISEWrap.js', LF will be replaced by CRLF the next time Git touches it
warning: in the working copy of 'adc_ethernet.runs/afifo_64i_16o_128_synth_1/ISEWrap.sh', LF will be replaced by CRLF the next time Git touches it
warning: in the working copy of 'adc_ethernet.runs/afifo_64i_16o_128_synth_1/afifo_64i_16o_128.vds', LF will be replaced by CRLF the next time Git touches it
warning: in the working copy of 'adc_ethernet.runs/afifo_64i_16o_128_synth_1/afifo_64i_16o_128_utilization_synth.rpt', LF will be replaced by CRLF the next time Git touches it
warning: in the working copy of 'adc_ethernet.runs/afifo_64i_16o_128_synth_1/vivado.jou', LF will be replaced by CRLF the next time Git touches it
warning: in the working copy of 'adc_ethernet.runs/cordic_0_synth_1/ISEWrap.js', LF will be replaced by CRLF the next time Git touches it
warning: in the working copy of 'adc_ethernet.runs/cordic_0_synth_1/ISEWrap.sh', LF will be replaced by CRLF the next time Git touches it
warning: in the working copy of 'adc_ethernet.runs/cordic_0_synth_1/cordic_0.vds', LF will be replaced by CRLF the next time Git touches it
warning: in the working copy of 'adc_ethernet.runs/cordic_0_synth_1/cordic_0_utilization_synth.rpt', LF will be replaced by CRLF the next time Git touches it
warning: in the working copy of 'adc_ethernet.runs/cordic_0_synth_1/vivado.jou', LF will be replaced by CRLF the next time Git touches it
warning: in the working copy of 'adc_ethernet.runs/ddr3_synth_1/ISEWrap.js', LF will be replaced by CRLF the next time Git touches it
warning: in the working copy of 'adc_ethernet.runs/ddr3_synth_1/ISEWrap.sh', LF will be replaced by CRLF the next time Git touches it
warning: in the working copy of 'adc_ethernet.runs/ddr3_synth_1/ddr3.vds', LF will be replaced by CRLF the next time Git touches it
warning: in the working copy of 'adc_ethernet.runs/ddr3_synth_1/ddr3_utilization_synth.rpt', LF will be replaced by CRLF the next time Git touches it
warning: in the working copy of 'adc_ethernet.runs/ddr3_synth_1/vivado.jou', LF will be replaced by CRLF the next time Git touches it
warning: in the working copy of 'adc_ethernet.runs/fft_ls_synth_1/ISEWrap.js', LF will be replaced by CRLF the next time Git touches it
warning: in the working copy of 'adc_ethernet.runs/fft_ls_synth_1/ISEWrap.sh', LF will be replaced by CRLF the next time Git touches it
warning: in the working copy of 'adc_ethernet.runs/fft_ls_synth_1/fft_ls.vds', LF will be replaced by CRLF the next time Git touches it
warning: in the working copy of 'adc_ethernet.runs/fft_ls_synth_1/fft_ls_utilization_synth.rpt', LF will be replaced by CRLF the next time Git touches it
warning: in the working copy of 'adc_ethernet.runs/fft_ls_synth_1/vivado.jou', LF will be replaced by CRLF the next time Git touches it
warning: in the working copy of 'adc_ethernet.runs/my_cordic_1_synth_1/ISEWrap.js', LF will be replaced by CRLF the next time Git touches it
warning: in the working copy of 'adc_ethernet.runs/my_cordic_1_synth_1/ISEWrap.sh', LF will be replaced by CRLF the next time Git touches it
warning: in the working copy of 'adc_ethernet.runs/my_cordic_1_synth_1/my_cordic_1.vds', LF will be replaced by CRLF the next time Git touches it
warning: in the working copy of 'adc_ethernet.runs/my_cordic_1_synth_1/my_cordic_1_utilization_synth.rpt', LF will be replaced by CRLF the next time Git touches it
warning: in the working copy of 'adc_ethernet.runs/my_cordic_1_synth_1/vivado.jou', LF will be replaced by CRLF the next time Git touches it
warning: in the working copy of 'adc_ethernet.srcs/sources_1/aq_axi_master.v', LF will be replaced by CRLF the next time Git touches it
warning: in the working copy of 'adc_ethernet.srcs/sources_1/color_bar.v', LF will be replaced by CRLF the next time Git touches it
warning: in the working copy of 'adc_ethernet.srcs/sources_1/i2c_master/i2c_master_bit_ctrl.v', LF will be replaced by CRLF the next time Git touches it
warning: in the working copy of 'adc_ethernet.srcs/sources_1/i2c_master/i2c_master_byte_ctrl.v', LF will be replaced by CRLF the next time Git touches it
warning: in the working copy of 'adc_ethernet.srcs/sources_1/i2c_master/i2c_master_defines.v', LF will be replaced by CRLF the next time Git touches it
warning: in the working copy of 'adc_ethernet.srcs/sources_1/i2c_master/timescale.v', LF will be replaced by CRLF the next time Git touches it
warning: in the working copy of 'adc_ethernet.srcs/sources_1/ip/adc_pll/adc_pll.v', LF will be replaced by CRLF the next time Git touches it
warning: in the working copy of 'adc_ethernet.srcs/sources_1/ip/adc_pll/adc_pll.veo', LF will be replaced by CRLF the next time Git touches it
warning: in the working copy of 'adc_ethernet.srcs/sources_1/ip/adc_pll/adc_pll.xci', LF will be replaced by CRLF the next time Git touches it
warning: in the working copy of 'adc_ethernet.srcs/sources_1/ip/adc_pll/adc_pll.xdc', LF will be replaced by CRLF the next time Git touches it
warning: in the working copy of 'adc_ethernet.srcs/sources_1/ip/adc_pll/adc_pll.xml', LF will be replaced by CRLF the next time Git touches it
warning: in the working copy of 'adc_ethernet.srcs/sources_1/ip/adc_pll/adc_pll_board.xdc', LF will be replaced by CRLF the next time Git touches it
warning: in the working copy of 'adc_ethernet.srcs/sources_1/ip/adc_pll/adc_pll_clk_wiz.v', LF will be replaced by CRLF the next time Git touches it
warning: in the working copy of 'adc_ethernet.srcs/sources_1/ip/adc_pll/adc_pll_late.xdc', LF will be replaced by CRLF the next time Git touches it
warning: in the working copy of 'adc_ethernet.srcs/sources_1/ip/adc_pll/adc_pll_ooc.xdc', LF will be replaced by CRLF the next time Git touches it
warning: in the working copy of 'adc_ethernet.srcs/sources_1/ip/adc_pll/adc_pll_sim_netlist.v', LF will be replaced by CRLF the next time Git touches it
warning: in the working copy of 'adc_ethernet.srcs/sources_1/ip/adc_pll/adc_pll_sim_netlist.vhdl', LF will be replaced by CRLF the next time Git touches it
warning: in the working copy of 'adc_ethernet.srcs/sources_1/ip/adc_pll/mmcm_pll_drp_func_us_pll.vh', LF will be replaced by CRLF the next time Git touches it
warning: in the working copy of 'adc_ethernet.srcs/sources_1/ip/adc_pll/mmcm_pll_drp_func_us_plus_pll.vh', LF will be replaced by CRLF the next time Git touches it
warning: in the working copy of 'adc_ethernet.srcs/sources_1/ip/afifo_16i_64o_512/afifo_16i_64o_512.veo', LF will be replaced by CRLF the next time Git touches it
warning: in the working copy of 'adc_ethernet.srcs/sources_1/ip/afifo_16i_64o_512/afifo_16i_64o_512.vho', LF will be replaced by CRLF the next time Git touches it
warning: in the working copy of 'adc_ethernet.srcs/sources_1/ip/afifo_16i_64o_512/afifo_16i_64o_512.xci', LF will be replaced by CRLF the next time Git touches it
warning: in the working copy of 'adc_ethernet.srcs/sources_1/ip/afifo_16i_64o_512/afifo_16i_64o_512.xdc', LF will be replaced by CRLF the next time Git touches it
warning: in the working copy of 'adc_ethernet.srcs/sources_1/ip/afifo_16i_64o_512/afifo_16i_64o_512.xml', LF will be replaced by CRLF the next time Git touches it
warning: in the working copy of 'adc_ethernet.srcs/sources_1/ip/afifo_16i_64o_512/afifo_16i_64o_512_clocks.xdc', LF will be replaced by CRLF the next time Git touches it
warning: in the working copy of 'adc_ethernet.srcs/sources_1/ip/afifo_16i_64o_512/afifo_16i_64o_512_ooc.xdc', LF will be replaced by CRLF the next time Git touches it
warning: in the working copy of 'adc_ethernet.srcs/sources_1/ip/afifo_16i_64o_512/afifo_16i_64o_512_sim_netlist.v', LF will be replaced by CRLF the next time Git touches it
warning: in the working copy of 'adc_ethernet.srcs/sources_1/ip/afifo_16i_64o_512/afifo_16i_64o_512_sim_netlist.vhdl', LF will be replaced by CRLF the next time Git touches it
warning: in the working copy of 'adc_ethernet.srcs/sources_1/ip/afifo_16i_64o_512/doc/fifo_generator_v13_2_changelog.txt', LF will be replaced by CRLF the next time Git touches it
warning: in the working copy of 'adc_ethernet.srcs/sources_1/ip/afifo_16i_64o_512/hdl/blk_mem_gen_v8_4_vhsyn_rfs.vhd', LF will be replaced by CRLF the next time Git touches it
warning: in the working copy of 'adc_ethernet.srcs/sources_1/ip/afifo_16i_64o_512/hdl/fifo_generator_v13_2_rfs.v', LF will be replaced by CRLF the next time Git touches it
warning: in the working copy of 'adc_ethernet.srcs/sources_1/ip/afifo_16i_64o_512/hdl/fifo_generator_v13_2_rfs.vhd', LF will be replaced by CRLF the next time Git touches it
warning: in the working copy of 'adc_ethernet.srcs/sources_1/ip/afifo_16i_64o_512/hdl/fifo_generator_v13_2_vhsyn_rfs.vhd', LF will be replaced by CRLF the next time Git touches it
warning: in the working copy of 'adc_ethernet.srcs/sources_1/ip/afifo_16i_64o_512/sim/afifo_16i_64o_512.v', LF will be replaced by CRLF the next time Git touches it
warning: in the working copy of 'adc_ethernet.srcs/sources_1/ip/afifo_16i_64o_512/simulation/fifo_generator_vlog_beh.v', LF will be replaced by CRLF the next time Git touches it
warning: in the working copy of 'adc_ethernet.srcs/sources_1/ip/afifo_16i_64o_512/synth/afifo_16i_64o_512.vhd', LF will be replaced by CRLF the next time Git touches it
warning: in the working copy of 'adc_ethernet.srcs/sources_1/ip/afifo_64i_16o_128/afifo_64i_16o_128.veo', LF will be replaced by CRLF the next time Git touches it
warning: in the working copy of 'adc_ethernet.srcs/sources_1/ip/afifo_64i_16o_128/afifo_64i_16o_128.vho', LF will be replaced by CRLF the next time Git touches it
warning: in the working copy of 'adc_ethernet.srcs/sources_1/ip/afifo_64i_16o_128/afifo_64i_16o_128.xci', LF will be replaced by CRLF the next time Git touches it
warning: in the working copy of 'adc_ethernet.srcs/sources_1/ip/afifo_64i_16o_128/afifo_64i_16o_128.xdc', LF will be replaced by CRLF the next time Git touches it
warning: in the working copy of 'adc_ethernet.srcs/sources_1/ip/afifo_64i_16o_128/afifo_64i_16o_128.xml', LF will be replaced by CRLF the next time Git touches it
warning: in the working copy of 'adc_ethernet.srcs/sources_1/ip/afifo_64i_16o_128/afifo_64i_16o_128_clocks.xdc', LF will be replaced by CRLF the next time Git touches it
warning: in the working copy of 'adc_ethernet.srcs/sources_1/ip/afifo_64i_16o_128/afifo_64i_16o_128_ooc.xdc', LF will be replaced by CRLF the next time Git touches it
warning: in the working copy of 'adc_ethernet.srcs/sources_1/ip/afifo_64i_16o_128/afifo_64i_16o_128_sim_netlist.v', LF will be replaced by CRLF the next time Git touches it
warning: in the working copy of 'adc_ethernet.srcs/sources_1/ip/afifo_64i_16o_128/afifo_64i_16o_128_sim_netlist.vhdl', LF will be replaced by CRLF the next time Git touches it
warning: in the working copy of 'adc_ethernet.srcs/sources_1/ip/afifo_64i_16o_128/doc/fifo_generator_v13_2_changelog.txt', LF will be replaced by CRLF the next time Git touches it
warning: in the working copy of 'adc_ethernet.srcs/sources_1/ip/afifo_64i_16o_128/hdl/blk_mem_gen_v8_4_vhsyn_rfs.vhd', LF will be replaced by CRLF the next time Git touches it
warning: in the working copy of 'adc_ethernet.srcs/sources_1/ip/afifo_64i_16o_128/hdl/fifo_generator_v13_2_rfs.v', LF will be replaced by CRLF the next time Git touches it
warning: in the working copy of 'adc_ethernet.srcs/sources_1/ip/afifo_64i_16o_128/hdl/fifo_generator_v13_2_rfs.vhd', LF will be replaced by CRLF the next time Git touches it
warning: in the working copy of 'adc_ethernet.srcs/sources_1/ip/afifo_64i_16o_128/hdl/fifo_generator_v13_2_vhsyn_rfs.vhd', LF will be replaced by CRLF the next time Git touches it
warning: in the working copy of 'adc_ethernet.srcs/sources_1/ip/afifo_64i_16o_128/sim/afifo_64i_16o_128.v', LF will be replaced by CRLF the next time Git touches it
warning: in the working copy of 'adc_ethernet.srcs/sources_1/ip/afifo_64i_16o_128/simulation/fifo_generator_vlog_beh.v', LF will be replaced by CRLF the next time Git touches it
warning: in the working copy of 'adc_ethernet.srcs/sources_1/ip/afifo_64i_16o_128/synth/afifo_64i_16o_128.vhd', LF will be replaced by CRLF the next time Git touches it
warning: in the working copy of 'adc_ethernet.srcs/sources_1/ip/cordic_0/cordic_0.veo', LF will be replaced by CRLF the next time Git touches it
warning: in the working copy of 'adc_ethernet.srcs/sources_1/ip/cordic_0/cordic_0.vho', LF will be replaced by CRLF the next time Git touches it
warning: in the working copy of 'adc_ethernet.srcs/sources_1/ip/cordic_0/cordic_0.xci', LF will be replaced by CRLF the next time Git touches it
warning: in the working copy of 'adc_ethernet.srcs/sources_1/ip/cordic_0/cordic_0.xml', LF will be replaced by CRLF the next time Git touches it
warning: in the working copy of 'adc_ethernet.srcs/sources_1/ip/cordic_0/cordic_0_ooc.xdc', LF will be replaced by CRLF the next time Git touches it
warning: in the working copy of 'adc_ethernet.srcs/sources_1/ip/cordic_0/cordic_0_sim_netlist.v', LF will be replaced by CRLF the next time Git touches it
warning: in the working copy of 'adc_ethernet.srcs/sources_1/ip/cordic_0/cordic_0_sim_netlist.vhdl', LF will be replaced by CRLF the next time Git touches it
warning: in the working copy of 'adc_ethernet.srcs/sources_1/ip/cordic_0/demo_tb/tb_cordic_0.vhd', LF will be replaced by CRLF the next time Git touches it
warning: in the working copy of 'adc_ethernet.srcs/sources_1/ip/cordic_0/doc/cordic_v6_0_changelog.txt', LF will be replaced by CRLF the next time Git touches it
warning: in the working copy of 'adc_ethernet.srcs/sources_1/ip/cordic_0/hdl/axi_utils_v2_0_vh_rfs.vhd', LF will be replaced by CRLF the next time Git touches it
warning: in the working copy of 'adc_ethernet.srcs/sources_1/ip/cordic_0/hdl/c_addsub_v12_0_vh_rfs.vhd', LF will be replaced by CRLF the next time Git touches it
warning: in the working copy of 'adc_ethernet.srcs/sources_1/ip/cordic_0/hdl/c_reg_fd_v12_0_vh_rfs.vhd', LF will be replaced by CRLF the next time Git touches it
warning: in the working copy of 'adc_ethernet.srcs/sources_1/ip/cordic_0/hdl/cordic_v6_0_vh_rfs.vhd', LF will be replaced by CRLF the next time Git touches it
warning: in the working copy of 'adc_ethernet.srcs/sources_1/ip/cordic_0/hdl/mult_gen_v12_0_vh_rfs.vhd', LF will be replaced by CRLF the next time Git touches it
warning: in the working copy of 'adc_ethernet.srcs/sources_1/ip/cordic_0/hdl/xbip_addsub_v3_0_vh_rfs.vhd', LF will be replaced by CRLF the next time Git touches it
warning: in the working copy of 'adc_ethernet.srcs/sources_1/ip/cordic_0/hdl/xbip_bram18k_v3_0_vh_rfs.vhd', LF will be replaced by CRLF the next time Git touches it
warning: in the working copy of 'adc_ethernet.srcs/sources_1/ip/cordic_0/hdl/xbip_dsp48_addsub_v3_0_vh_rfs.vhd', LF will be replaced by CRLF the next time Git touches it
warning: in the working copy of 'adc_ethernet.srcs/sources_1/ip/cordic_0/hdl/xbip_dsp48_wrapper_v3_0_vh_rfs.vhd', LF will be replaced by CRLF the next time Git touches it
warning: in the working copy of 'adc_ethernet.srcs/sources_1/ip/cordic_0/hdl/xbip_pipe_v3_0_vh_rfs.vhd', LF will be replaced by CRLF the next time Git touches it
warning: in the working copy of 'adc_ethernet.srcs/sources_1/ip/cordic_0/hdl/xbip_utils_v3_0_vh_rfs.vhd', LF will be replaced by CRLF the next time Git touches it
warning: in the working copy of 'adc_ethernet.srcs/sources_1/ip/cordic_0/sim/cordic_0.vhd', LF will be replaced by CRLF the next time Git touches it
warning: in the working copy of 'adc_ethernet.srcs/sources_1/ip/cordic_0/synth/cordic_0.vhd', LF will be replaced by CRLF the next time Git touches it
warning: in the working copy of 'adc_ethernet.srcs/sources_1/ip/ddr3/ddr3.xci', LF will be replaced by CRLF the next time Git touches it
warning: in the working copy of 'adc_ethernet.srcs/sources_1/ip/ddr3/ddr3.xml', LF will be replaced by CRLF the next time Git touches it
warning: in the working copy of 'adc_ethernet.srcs/sources_1/ip/ddr3/ddr3/ddr3.xci', LF will be replaced by CRLF the next time Git touches it
warning: in the working copy of 'adc_ethernet.srcs/sources_1/ip/ddr3/ddr3/ddr3.xml', LF will be replaced by CRLF the next time Git touches it
warning: in the working copy of 'adc_ethernet.srcs/sources_1/ip/ddr3/ddr3/ddr3_sim_netlist.v', LF will be replaced by CRLF the next time Git touches it
warning: in the working copy of 'adc_ethernet.srcs/sources_1/ip/ddr3/ddr3/ddr3_sim_netlist.vhdl', LF will be replaced by CRLF the next time Git touches it
warning: in the working copy of 'adc_ethernet.srcs/sources_1/ip/ddr3/ddr3/example_design/rtl/traffic_gen/mig_7series_v4_2_afifo.v', LF will be replaced by CRLF the next time Git touches it
warning: in the working copy of 'adc_ethernet.srcs/sources_1/ip/ddr3/ddr3/example_design/rtl/traffic_gen/mig_7series_v4_2_axi4_tg.v', LF will be replaced by CRLF the next time Git touches it
warning: in the working copy of 'adc_ethernet.srcs/sources_1/ip/ddr3/ddr3/example_design/rtl/traffic_gen/mig_7series_v4_2_axi4_wrapper.v', LF will be replaced by CRLF the next time Git touches it
warning: in the working copy of 'adc_ethernet.srcs/sources_1/ip/ddr3/ddr3/example_design/rtl/traffic_gen/mig_7series_v4_2_cmd_gen.v', LF will be replaced by CRLF the next time Git touches it
warning: in the working copy of 'adc_ethernet.srcs/sources_1/ip/ddr3/ddr3/example_design/rtl/traffic_gen/mig_7series_v4_2_cmd_prbs_gen.v', LF will be replaced by CRLF the next time Git touches it
warning: in the working copy of 'adc_ethernet.srcs/sources_1/ip/ddr3/ddr3/example_design/rtl/traffic_gen/mig_7series_v4_2_cmd_prbs_gen_axi.v', LF will be replaced by CRLF the next time Git touches it
warning: in the working copy of 'adc_ethernet.srcs/sources_1/ip/ddr3/ddr3/example_design/rtl/traffic_gen/mig_7series_v4_2_data_gen_chk.v', LF will be replaced by CRLF the next time Git touches it
warning: in the working copy of 'adc_ethernet.srcs/sources_1/ip/ddr3/ddr3/example_design/rtl/traffic_gen/mig_7series_v4_2_data_prbs_gen.v', LF will be replaced by CRLF the next time Git touches it
warning: in the working copy of 'adc_ethernet.srcs/sources_1/ip/ddr3/ddr3/example_design/rtl/traffic_gen/mig_7series_v4_2_init_mem_pattern_ctr.v', LF will be replaced by CRLF the next time Git touches it
warning: in the working copy of 'adc_ethernet.srcs/sources_1/ip/ddr3/ddr3/example_design/rtl/traffic_gen/mig_7series_v4_2_memc_flow_vcontrol.v', LF will be replaced by CRLF the next time Git touches it
warning: in the working copy of 'adc_ethernet.srcs/sources_1/ip/ddr3/ddr3/example_design/rtl/traffic_gen/mig_7series_v4_2_memc_traffic_gen.v', LF will be replaced by CRLF the next time Git touches it
warning: in the working copy of 'adc_ethernet.srcs/sources_1/ip/ddr3/ddr3/example_design/rtl/traffic_gen/mig_7series_v4_2_rd_data_gen.v', LF will be replaced by CRLF the next time Git touches it
warning: in the working copy of 'adc_ethernet.srcs/sources_1/ip/ddr3/ddr3/example_design/rtl/traffic_gen/mig_7series_v4_2_read_data_path.v', LF will be replaced by CRLF the next time Git touches it
warning: in the working copy of 'adc_ethernet.srcs/sources_1/ip/ddr3/ddr3/example_design/rtl/traffic_gen/mig_7series_v4_2_read_posted_fifo.v', LF will be replaced by CRLF the next time Git touches it
warning: in the working copy of 'adc_ethernet.srcs/sources_1/ip/ddr3/ddr3/example_design/rtl/traffic_gen/mig_7series_v4_2_s7ven_data_gen.v', LF will be replaced by CRLF the next time Git touches it
warning: in the working copy of 'adc_ethernet.srcs/sources_1/ip/ddr3/ddr3/example_design/rtl/traffic_gen/mig_7series_v4_2_tg.v', LF will be replaced by CRLF the next time Git touches it
warning: in the working copy of 'adc_ethernet.srcs/sources_1/ip/ddr3/ddr3/example_design/rtl/traffic_gen/mig_7series_v4_2_tg_prbs_gen.v', LF will be replaced by CRLF the next time Git touches it
warning: in the working copy of 'adc_ethernet.srcs/sources_1/ip/ddr3/ddr3/example_design/rtl/traffic_gen/mig_7series_v4_2_tg_status.v', LF will be replaced by CRLF the next time Git touches it
warning: in the working copy of 'adc_ethernet.srcs/sources_1/ip/ddr3/ddr3/example_design/rtl/traffic_gen/mig_7series_v4_2_traffic_gen_top.v', LF will be replaced by CRLF the next time Git touches it
warning: in the working copy of 'adc_ethernet.srcs/sources_1/ip/ddr3/ddr3/example_design/rtl/traffic_gen/mig_7series_v4_2_vio_init_pattern_bram.v', LF will be replaced by CRLF the next time Git touches it
warning: in the working copy of 'adc_ethernet.srcs/sources_1/ip/ddr3/ddr3/example_design/rtl/traffic_gen/mig_7series_v4_2_wr_data_gen.v', LF will be replaced by CRLF the next time Git touches it
warning: in the working copy of 'adc_ethernet.srcs/sources_1/ip/ddr3/ddr3/example_design/rtl/traffic_gen/mig_7series_v4_2_write_data_path.v', LF will be replaced by CRLF the next time Git touches it
warning: in the working copy of 'adc_ethernet.srcs/sources_1/ip/ddr3/ddr3/mig.prj', LF will be replaced by CRLF the next time Git touches it
warning: in the working copy of 'adc_ethernet.srcs/sources_1/ip/ddr3/ddr3/mig_a.prj', LF will be replaced by CRLF the next time Git touches it
warning: in the working copy of 'adc_ethernet.srcs/sources_1/ip/ddr3/ddr3/mig_b.prj', LF will be replaced by CRLF the next time Git touches it
warning: in the working copy of 'adc_ethernet.srcs/sources_1/ip/ddr3/ddr3_sim_netlist.v', LF will be replaced by CRLF the next time Git touches it
warning: in the working copy of 'adc_ethernet.srcs/sources_1/ip/ddr3/ddr3_sim_netlist.vhdl', LF will be replaced by CRLF the next time Git touches it
warning: in the working copy of 'adc_ethernet.srcs/sources_1/ip/ddr3/doc/mig_7series_v4_0_changelog.txt', LF will be replaced by CRLF the next time Git touches it
warning: in the working copy of 'adc_ethernet.srcs/sources_1/ip/ddr3/doc/mig_7series_v4_2_changelog.txt', LF will be replaced by CRLF the next time Git touches it
warning: in the working copy of 'adc_ethernet.srcs/sources_1/ip/ddr3/mig_a.prj', LF will be replaced by CRLF the next time Git touches it
warning: in the working copy of 'adc_ethernet.srcs/sources_1/ip/ddr3/mig_b.prj', LF will be replaced by CRLF the next time Git touches it
warning: in the working copy of 'adc_ethernet.srcs/sources_1/ip/fft_ls/demo_tb/tb_fft_ls.vhd', LF will be replaced by CRLF the next time Git touches it
warning: in the working copy of 'adc_ethernet.srcs/sources_1/ip/fft_ls/doc/xfft_v9_1_changelog.txt', LF will be replaced by CRLF the next time Git touches it
warning: in the working copy of 'adc_ethernet.srcs/sources_1/ip/fft_ls/fft_ls.veo', LF will be replaced by CRLF the next time Git touches it
warning: in the working copy of 'adc_ethernet.srcs/sources_1/ip/fft_ls/fft_ls.vho', LF will be replaced by CRLF the next time Git touches it
warning: in the working copy of 'adc_ethernet.srcs/sources_1/ip/fft_ls/fft_ls.xci', LF will be replaced by CRLF the next time Git touches it
warning: in the working copy of 'adc_ethernet.srcs/sources_1/ip/fft_ls/fft_ls.xml', LF will be replaced by CRLF the next time Git touches it
warning: in the working copy of 'adc_ethernet.srcs/sources_1/ip/fft_ls/fft_ls_ooc.xdc', LF will be replaced by CRLF the next time Git touches it
warning: in the working copy of 'adc_ethernet.srcs/sources_1/ip/fft_ls/fft_ls_sim_netlist.v', LF will be replaced by CRLF the next time Git touches it
warning: in the working copy of 'adc_ethernet.srcs/sources_1/ip/fft_ls/fft_ls_sim_netlist.vhdl', LF will be replaced by CRLF the next time Git touches it
warning: in the working copy of 'adc_ethernet.srcs/sources_1/ip/fft_ls/hdl/axi_utils_v2_0_vh_rfs.vhd', LF will be replaced by CRLF the next time Git touches it
warning: in the working copy of 'adc_ethernet.srcs/sources_1/ip/fft_ls/hdl/c_addsub_v12_0_vh_rfs.vhd', LF will be replaced by CRLF the next time Git touches it
warning: in the working copy of 'adc_ethernet.srcs/sources_1/ip/fft_ls/hdl/c_mux_bit_v12_0_vh_rfs.vhd', LF will be replaced by CRLF the next time Git touches it
warning: in the working copy of 'adc_ethernet.srcs/sources_1/ip/fft_ls/hdl/c_reg_fd_v12_0_vh_rfs.vhd', LF will be replaced by CRLF the next time Git touches it
warning: in the working copy of 'adc_ethernet.srcs/sources_1/ip/fft_ls/hdl/c_shift_ram_v12_0_vh_rfs.vhd', LF will be replaced by CRLF the next time Git touches it
warning: in the working copy of 'adc_ethernet.srcs/sources_1/ip/fft_ls/hdl/cmpy_v6_0_vh_rfs.vhd', LF will be replaced by CRLF the next time Git touches it
warning: in the working copy of 'adc_ethernet.srcs/sources_1/ip/fft_ls/hdl/floating_point_v7_0_vh_rfs.vhd', LF will be replaced by CRLF the next time Git touches it
warning: in the working copy of 'adc_ethernet.srcs/sources_1/ip/fft_ls/hdl/mult_gen_v12_0_vh_rfs.vhd', LF will be replaced by CRLF the next time Git touches it
warning: in the working copy of 'adc_ethernet.srcs/sources_1/ip/fft_ls/hdl/xbip_addsub_v3_0_vh_rfs.vhd', LF will be replaced by CRLF the next time Git touches it
warning: in the working copy of 'adc_ethernet.srcs/sources_1/ip/fft_ls/hdl/xbip_bram18k_v3_0_vh_rfs.vhd', LF will be replaced by CRLF the next time Git touches it
warning: in the working copy of 'adc_ethernet.srcs/sources_1/ip/fft_ls/hdl/xbip_dsp48_addsub_v3_0_vh_rfs.vhd', LF will be replaced by CRLF the next time Git touches it
warning: in the working copy of 'adc_ethernet.srcs/sources_1/ip/fft_ls/hdl/xbip_dsp48_wrapper_v3_0_vh_rfs.vhd', LF will be replaced by CRLF the next time Git touches it
warning: in the working copy of 'adc_ethernet.srcs/sources_1/ip/fft_ls/hdl/xbip_pipe_v3_0_vh_rfs.vhd', LF will be replaced by CRLF the next time Git touches it
warning: in the working copy of 'adc_ethernet.srcs/sources_1/ip/fft_ls/hdl/xbip_utils_v3_0_vh_rfs.vhd', LF will be replaced by CRLF the next time Git touches it
warning: in the working copy of 'adc_ethernet.srcs/sources_1/ip/fft_ls/hdl/xfft_v9_1_vh_rfs.vhd', LF will be replaced by CRLF the next time Git touches it
warning: in the working copy of 'adc_ethernet.srcs/sources_1/ip/fft_ls/sim/fft_ls.vhd', LF will be replaced by CRLF the next time Git touches it
warning: in the working copy of 'adc_ethernet.srcs/sources_1/ip/fft_ls/synth/fft_ls.vhd', LF will be replaced by CRLF the next time Git touches it
warning: in the working copy of 'adc_ethernet.srcs/sources_1/ip/my_cordic_1/demo_tb/tb_my_cordic_1.vhd', LF will be replaced by CRLF the next time Git touches it
warning: in the working copy of 'adc_ethernet.srcs/sources_1/ip/my_cordic_1/doc/cordic_v6_0_changelog.txt', LF will be replaced by CRLF the next time Git touches it
warning: in the working copy of 'adc_ethernet.srcs/sources_1/ip/my_cordic_1/hdl/axi_utils_v2_0_vh_rfs.vhd', LF will be replaced by CRLF the next time Git touches it
warning: in the working copy of 'adc_ethernet.srcs/sources_1/ip/my_cordic_1/hdl/c_addsub_v12_0_vh_rfs.vhd', LF will be replaced by CRLF the next time Git touches it
warning: in the working copy of 'adc_ethernet.srcs/sources_1/ip/my_cordic_1/hdl/c_reg_fd_v12_0_vh_rfs.vhd', LF will be replaced by CRLF the next time Git touches it
warning: in the working copy of 'adc_ethernet.srcs/sources_1/ip/my_cordic_1/hdl/cordic_v6_0_vh_rfs.vhd', LF will be replaced by CRLF the next time Git touches it
warning: in the working copy of 'adc_ethernet.srcs/sources_1/ip/my_cordic_1/hdl/mult_gen_v12_0_vh_rfs.vhd', LF will be replaced by CRLF the next time Git touches it
warning: in the working copy of 'adc_ethernet.srcs/sources_1/ip/my_cordic_1/hdl/xbip_addsub_v3_0_vh_rfs.vhd', LF will be replaced by CRLF the next time Git touches it
warning: in the working copy of 'adc_ethernet.srcs/sources_1/ip/my_cordic_1/hdl/xbip_bram18k_v3_0_vh_rfs.vhd', LF will be replaced by CRLF the next time Git touches it
warning: in the working copy of 'adc_ethernet.srcs/sources_1/ip/my_cordic_1/hdl/xbip_dsp48_addsub_v3_0_vh_rfs.vhd', LF will be replaced by CRLF the next time Git touches it
warning: in the working copy of 'adc_ethernet.srcs/sources_1/ip/my_cordic_1/hdl/xbip_dsp48_wrapper_v3_0_vh_rfs.vhd', LF will be replaced by CRLF the next time Git touches it
warning: in the working copy of 'adc_ethernet.srcs/sources_1/ip/my_cordic_1/hdl/xbip_pipe_v3_0_vh_rfs.vhd', LF will be replaced by CRLF the next time Git touches it
warning: in the working copy of 'adc_ethernet.srcs/sources_1/ip/my_cordic_1/hdl/xbip_utils_v3_0_vh_rfs.vhd', LF will be replaced by CRLF the next time Git touches it
warning: in the working copy of 'adc_ethernet.srcs/sources_1/ip/my_cordic_1/my_cordic_1.veo', LF will be replaced by CRLF the next time Git touches it
warning: in the working copy of 'adc_ethernet.srcs/sources_1/ip/my_cordic_1/my_cordic_1.vho', LF will be replaced by CRLF the next time Git touches it
warning: in the working copy of 'adc_ethernet.srcs/sources_1/ip/my_cordic_1/my_cordic_1.xci', LF will be replaced by CRLF the next time Git touches it
warning: in the working copy of 'adc_ethernet.srcs/sources_1/ip/my_cordic_1/my_cordic_1.xml', LF will be replaced by CRLF the next time Git touches it
warning: in the working copy of 'adc_ethernet.srcs/sources_1/ip/my_cordic_1/my_cordic_1_ooc.xdc', LF will be replaced by CRLF the next time Git touches it
warning: in the working copy of 'adc_ethernet.srcs/sources_1/ip/my_cordic_1/my_cordic_1_sim_netlist.v', LF will be replaced by CRLF the next time Git touches it
warning: in the working copy of 'adc_ethernet.srcs/sources_1/ip/my_cordic_1/my_cordic_1_sim_netlist.vhdl', LF will be replaced by CRLF the next time Git touches it
warning: in the working copy of 'adc_ethernet.srcs/sources_1/ip/my_cordic_1/sim/my_cordic_1.vhd', LF will be replaced by CRLF the next time Git touches it
warning: in the working copy of 'adc_ethernet.srcs/sources_1/ip/my_cordic_1/synth/my_cordic_1.vhd', LF will be replaced by CRLF the next time Git touches it
warning: in the working copy of 'adc_ethernet.srcs/sources_1/ip/video_pll/mmcm_pll_drp_func_us_pll.vh', LF will be replaced by CRLF the next time Git touches it
warning: in the working copy of 'adc_ethernet.srcs/sources_1/ip/video_pll/mmcm_pll_drp_func_us_plus_pll.vh', LF will be replaced by CRLF the next time Git touches it
warning: in the working copy of 'adc_ethernet.srcs/sources_1/ip/video_pll/video_pll.v', LF will be replaced by CRLF the next time Git touches it
warning: in the working copy of 'adc_ethernet.srcs/sources_1/ip/video_pll/video_pll.veo', LF will be replaced by CRLF the next time Git touches it
warning: in the working copy of 'adc_ethernet.srcs/sources_1/ip/video_pll/video_pll.xci', LF will be replaced by CRLF the next time Git touches it
warning: in the working copy of 'adc_ethernet.srcs/sources_1/ip/video_pll/video_pll.xdc', LF will be replaced by CRLF the next time Git touches it
warning: in the working copy of 'adc_ethernet.srcs/sources_1/ip/video_pll/video_pll.xml', LF will be replaced by CRLF the next time Git touches it
warning: in the working copy of 'adc_ethernet.srcs/sources_1/ip/video_pll/video_pll_board.xdc', LF will be replaced by CRLF the next time Git touches it
warning: in the working copy of 'adc_ethernet.srcs/sources_1/ip/video_pll/video_pll_clk_wiz.v', LF will be replaced by CRLF the next time Git touches it
warning: in the working copy of 'adc_ethernet.srcs/sources_1/ip/video_pll/video_pll_late.xdc', LF will be replaced by CRLF the next time Git touches it
warning: in the working copy of 'adc_ethernet.srcs/sources_1/ip/video_pll/video_pll_ooc.xdc', LF will be replaced by CRLF the next time Git touches it
warning: in the working copy of 'adc_ethernet.srcs/sources_1/ip/video_pll/video_pll_sim_netlist.v', LF will be replaced by CRLF the next time Git touches it
warning: in the working copy of 'adc_ethernet.srcs/sources_1/ip/video_pll/video_pll_sim_netlist.vhdl', LF will be replaced by CRLF the next time Git touches it
warning: in the working copy of 'adc_ethernet.srcs/sources_1/miim/miim.vhd', LF will be replaced by CRLF the next time Git touches it
warning: in the working copy of 'adc_ethernet.srcs/sources_1/miim/miim_control.vhd', LF will be replaced by CRLF the next time Git touches it
warning: in the working copy of 'adc_ethernet.srcs/sources_1/miim/miim_registers.vhd', LF will be replaced by CRLF the next time Git touches it
warning: in the working copy of 'adc_ethernet.srcs/sources_1/miim/miim_types.vhd', LF will be replaced by CRLF the next time Git touches it
warning: in the working copy of 'adc_ethernet.srcs/sources_1/miim/utility.vhd', LF will be replaced by CRLF the next time Git touches it
warning: in the working copy of 'adc_ethernet.srcs/sources_1/new/reset.v', LF will be replaced by CRLF the next time Git touches it
warning: in the working copy of 'adc_ethernet.srcs/sources_1/new/u_data_modulus.v', LF will be replaced by CRLF the next time Git touches it
warning: in the working copy of 'adc_ethernet.srcs/sources_1/top.v', LF will be replaced by CRLF the next time Git touches it
warning: in the working copy of 'adc_ethernet.srcs/sources_1/util_gmii_to_rgmii.v', LF will be replaced by CRLF the next time Git touches it
warning: in the working copy of 'adc_ethernet.srcs/sources_1/video_timing_data.v', LF will be replaced by CRLF the next time Git touches it
warning: in the working copy of 'adc_ethernet1.ip_user_files/ip/afifo_16i_64o_512/afifo_16i_64o_512.veo', LF will be replaced by CRLF the next time Git touches it
warning: in the working copy of 'adc_ethernet1.ip_user_files/ip/afifo_16i_64o_512/afifo_16i_64o_512.vho', LF will be replaced by CRLF the next time Git touches it
warning: in the working copy of 'adc_ethernet1.ip_user_files/ip/afifo_64i_16o_128/afifo_64i_16o_128.veo', LF will be replaced by CRLF the next time Git touches it
warning: in the working copy of 'adc_ethernet1.ip_user_files/ip/afifo_64i_16o_128/afifo_64i_16o_128.vho', LF will be replaced by CRLF the next time Git touches it
warning: in the working copy of 'adc_ethernet1.ip_user_files/ip/ddr3/ddr3.xci', LF will be replaced by CRLF the next time Git touches it
warning: in the working copy of 'adc_ethernet1.ip_user_files/ip/ddr3/ddr3.xml', LF will be replaced by CRLF the next time Git touches it
warning: in the working copy of 'adc_ethernet1.ip_user_files/ip/ddr3/ddr3_sim_netlist.v', LF will be replaced by CRLF the next time Git touches it
warning: in the working copy of 'adc_ethernet1.ip_user_files/ip/ddr3/ddr3_sim_netlist.vhdl', LF will be replaced by CRLF the next time Git touches it
warning: in the working copy of 'adc_ethernet1.ip_user_files/ip/ddr3/mig_a.prj', LF will be replaced by CRLF the next time Git touches it
warning: in the working copy of 'adc_ethernet1.ip_user_files/ip/ddr3/mig_b.prj', LF will be replaced by CRLF the next time Git touches it
warning: in the working copy of 'adc_ethernet1.ip_user_files/ip/sys_pll/sys_pll.veo', LF will be replaced by CRLF the next time Git touches it
warning: in the working copy of 'adc_ethernet1.ip_user_files/ip/video_pll/video_pll.veo', LF will be replaced by CRLF the next time Git touches it
warning: in the working copy of 'adc_ethernet1.ip_user_files/ipstatic/fifo_generator_v13_0_1/hdl/fifo_generator_v13_0_rfs.vhd', LF will be replaced by CRLF the next time Git touches it
warning: in the working copy of 'adc_ethernet1.ip_user_files/ipstatic/fifo_generator_v13_0_1/simulation/fifo_generator_vhdl_beh.vhd', LF will be replaced by CRLF the next time Git touches it
warning: in the working copy of 'adc_ethernet1.ip_user_files/mem_init_files/mig_a.prj', LF will be replaced by CRLF the next time Git touches it
warning: in the working copy of 'adc_ethernet1.ip_user_files/sim_scripts/ddr3/ddr3.xci', LF will be replaced by CRLF the next time Git touches it
warning: in the working copy of 'adc_ethernet1.ip_user_files/sim_scripts/ddr3/ddr3.xml', LF will be replaced by CRLF the next time Git touches it
warning: in the working copy of 'adc_ethernet1.ip_user_files/sim_scripts/ddr3/ddr3_sim_netlist.v', LF will be replaced by CRLF the next time Git touches it
warning: in the working copy of 'adc_ethernet1.ip_user_files/sim_scripts/ddr3/ddr3_sim_netlist.vhdl', LF will be replaced by CRLF the next time Git touches it
warning: in the working copy of 'adc_ethernet1.ip_user_files/sim_scripts/ddr3/ies/glbl.v', LF will be replaced by CRLF the next time Git touches it
warning: in the working copy of 'adc_ethernet1.ip_user_files/sim_scripts/ddr3/ies/mig_a.prj', LF will be replaced by CRLF the next time Git touches it
warning: in the working copy of 'adc_ethernet1.ip_user_files/sim_scripts/ddr3/mig_a.prj', LF will be replaced by CRLF the next time Git touches it
warning: in the working copy of 'adc_ethernet1.ip_user_files/sim_scripts/ddr3/mig_b.prj', LF will be replaced by CRLF the next time Git touches it
warning: in the working copy of 'adc_ethernet1.ip_user_files/sim_scripts/ddr3/modelsim/glbl.v', LF will be replaced by CRLF the next time Git touches it
warning: in the working copy of 'adc_ethernet1.ip_user_files/sim_scripts/ddr3/modelsim/mig_a.prj', LF will be replaced by CRLF the next time Git touches it
warning: in the working copy of 'adc_ethernet1.ip_user_files/sim_scripts/ddr3/questa/glbl.v', LF will be replaced by CRLF the next time Git touches it
warning: in the working copy of 'adc_ethernet1.ip_user_files/sim_scripts/ddr3/questa/mig_a.prj', LF will be replaced by CRLF the next time Git touches it
warning: in the working copy of 'adc_ethernet1.ip_user_files/sim_scripts/ddr3/vcs/glbl.v', LF will be replaced by CRLF the next time Git touches it
warning: in the working copy of 'adc_ethernet1.ip_user_files/sim_scripts/ddr3/vcs/mig_a.prj', LF will be replaced by CRLF the next time Git touches it
warning: in the working copy of 'adc_ethernet1.ip_user_files/sim_scripts/ddr3/xsim/glbl.v', LF will be replaced by CRLF the next time Git touches it
warning: in the working copy of 'adc_ethernet1.ip_user_files/sim_scripts/ddr3/xsim/mig_a.prj', LF will be replaced by CRLF the next time Git touches it
warning: in the working copy of 'adc_ethernet1.ip_user_files/sim_scripts/sys_pll/ies/glbl.v', LF will be replaced by CRLF the next time Git touches it
warning: in the working copy of 'adc_ethernet1.ip_user_files/sim_scripts/sys_pll/modelsim/glbl.v', LF will be replaced by CRLF the next time Git touches it
warning: in the working copy of 'adc_ethernet1.ip_user_files/sim_scripts/sys_pll/questa/glbl.v', LF will be replaced by CRLF the next time Git touches it
warning: in the working copy of 'adc_ethernet1.ip_user_files/sim_scripts/sys_pll/vcs/glbl.v', LF will be replaced by CRLF the next time Git touches it
warning: in the working copy of 'adc_ethernet1.ip_user_files/sim_scripts/sys_pll/xsim/glbl.v', LF will be replaced by CRLF the next time Git touches it
warning: in the working copy of 'adc_ethernet1.ip_user_files/sim_scripts/video_pll/ies/glbl.v', LF will be replaced by CRLF the next time Git touches it
warning: in the working copy of 'adc_ethernet1.ip_user_files/sim_scripts/video_pll/modelsim/glbl.v', LF will be replaced by CRLF the next time Git touches it
warning: in the working copy of 'adc_ethernet1.ip_user_files/sim_scripts/video_pll/questa/glbl.v', LF will be replaced by CRLF the next time Git touches it
warning: in the working copy of 'adc_ethernet1.ip_user_files/sim_scripts/video_pll/vcs/glbl.v', LF will be replaced by CRLF the next time Git touches it
warning: in the working copy of 'adc_ethernet1.ip_user_files/sim_scripts/video_pll/xsim/glbl.v', LF will be replaced by CRLF the next time Git touches it
warning: in the working copy of 'ddr3_ov5640_an430_lcd.ip_user_files/ip/adc_pll/adc_pll.veo', LF will be replaced by CRLF the next time Git touches it
warning: in the working copy of 'ddr3_ov5640_an430_lcd.ip_user_files/ip/afifo_16i_64o_512/afifo_16i_64o_512.veo', LF will be replaced by CRLF the next time Git touches it
warning: in the working copy of 'ddr3_ov5640_an430_lcd.ip_user_files/ip/afifo_16i_64o_512/afifo_16i_64o_512.vho', LF will be replaced by CRLF the next time Git touches it
warning: in the working copy of 'ddr3_ov5640_an430_lcd.ip_user_files/ip/afifo_64i_16o_128/afifo_64i_16o_128.veo', LF will be replaced by CRLF the next time Git touches it
warning: in the working copy of 'ddr3_ov5640_an430_lcd.ip_user_files/ip/afifo_64i_16o_128/afifo_64i_16o_128.vho', LF will be replaced by CRLF the next time Git touches it
warning: in the working copy of 'ddr3_ov5640_an430_lcd.ip_user_files/ip/cordic_0/cordic_0.veo', LF will be replaced by CRLF the next time Git touches it
warning: in the working copy of 'ddr3_ov5640_an430_lcd.ip_user_files/ip/cordic_0/cordic_0.vho', LF will be replaced by CRLF the next time Git touches it
warning: in the working copy of 'ddr3_ov5640_an430_lcd.ip_user_files/ip/ddr3/ddr3.xci', LF will be replaced by CRLF the next time Git touches it
warning: in the working copy of 'ddr3_ov5640_an430_lcd.ip_user_files/ip/ddr3/ddr3.xml', LF will be replaced by CRLF the next time Git touches it
warning: in the working copy of 'ddr3_ov5640_an430_lcd.ip_user_files/ip/ddr3/ddr3_sim_netlist.v', LF will be replaced by CRLF the next time Git touches it
warning: in the working copy of 'ddr3_ov5640_an430_lcd.ip_user_files/ip/ddr3/ddr3_sim_netlist.vhdl', LF will be replaced by CRLF the next time Git touches it
warning: in the working copy of 'ddr3_ov5640_an430_lcd.ip_user_files/ip/ddr3/mig_a.prj', LF will be replaced by CRLF the next time Git touches it
warning: in the working copy of 'ddr3_ov5640_an430_lcd.ip_user_files/ip/ddr3/mig_b.prj', LF will be replaced by CRLF the next time Git touches it
warning: in the working copy of 'ddr3_ov5640_an430_lcd.ip_user_files/ip/fft_ls/fft_ls.veo', LF will be replaced by CRLF the next time Git touches it
warning: in the working copy of 'ddr3_ov5640_an430_lcd.ip_user_files/ip/fft_ls/fft_ls.vho', LF will be replaced by CRLF the next time Git touches it
warning: in the working copy of 'ddr3_ov5640_an430_lcd.ip_user_files/ip/my_cordic_1/my_cordic_1.veo', LF will be replaced by CRLF the next time Git touches it
warning: in the working copy of 'ddr3_ov5640_an430_lcd.ip_user_files/ip/my_cordic_1/my_cordic_1.vho', LF will be replaced by CRLF the next time Git touches it
warning: in the working copy of 'ddr3_ov5640_an430_lcd.ip_user_files/ipstatic/hdl/axi_utils_v2_0_vh_rfs.vhd', LF will be replaced by CRLF the next time Git touches it
warning: in the working copy of 'ddr3_ov5640_an430_lcd.ip_user_files/ipstatic/hdl/c_addsub_v12_0_vh_rfs.vhd', LF will be replaced by CRLF the next time Git touches it
warning: in the working copy of 'ddr3_ov5640_an430_lcd.ip_user_files/ipstatic/hdl/c_mux_bit_v12_0_vh_rfs.vhd', LF will be replaced by CRLF the next time Git touches it
warning: in the working copy of 'ddr3_ov5640_an430_lcd.ip_user_files/ipstatic/hdl/c_reg_fd_v12_0_vh_rfs.vhd', LF will be replaced by CRLF the next time Git touches it
warning: in the working copy of 'ddr3_ov5640_an430_lcd.ip_user_files/ipstatic/hdl/c_shift_ram_v12_0_vh_rfs.vhd', LF will be replaced by CRLF the next time Git touches it
warning: in the working copy of 'ddr3_ov5640_an430_lcd.ip_user_files/ipstatic/hdl/cmpy_v6_0_vh_rfs.vhd', LF will be replaced by CRLF the next time Git touches it
warning: in the working copy of 'ddr3_ov5640_an430_lcd.ip_user_files/ipstatic/hdl/cordic_v6_0_vh_rfs.vhd', LF will be replaced by CRLF the next time Git touches it
warning: in the working copy of 'ddr3_ov5640_an430_lcd.ip_user_files/ipstatic/hdl/fifo_generator_v13_2_rfs.v', LF will be replaced by CRLF the next time Git touches it
warning: in the working copy of 'ddr3_ov5640_an430_lcd.ip_user_files/ipstatic/hdl/fifo_generator_v13_2_rfs.vhd', LF will be replaced by CRLF the next time Git touches it
warning: in the working copy of 'ddr3_ov5640_an430_lcd.ip_user_files/ipstatic/hdl/floating_point_v7_0_vh_rfs.vhd', LF will be replaced by CRLF the next time Git touches it
warning: in the working copy of 'ddr3_ov5640_an430_lcd.ip_user_files/ipstatic/hdl/mult_gen_v12_0_vh_rfs.vhd', LF will be replaced by CRLF the next time Git touches it
warning: in the working copy of 'ddr3_ov5640_an430_lcd.ip_user_files/ipstatic/hdl/xbip_addsub_v3_0_vh_rfs.vhd', LF will be replaced by CRLF the next time Git touches it
warning: in the working copy of 'ddr3_ov5640_an430_lcd.ip_user_files/ipstatic/hdl/xbip_bram18k_v3_0_vh_rfs.vhd', LF will be replaced by CRLF the next time Git touches it
warning: in the working copy of 'ddr3_ov5640_an430_lcd.ip_user_files/ipstatic/hdl/xbip_dsp48_addsub_v3_0_vh_rfs.vhd', LF will be replaced by CRLF the next time Git touches it
warning: in the working copy of 'ddr3_ov5640_an430_lcd.ip_user_files/ipstatic/hdl/xbip_dsp48_wrapper_v3_0_vh_rfs.vhd', LF will be replaced by CRLF the next time Git touches it
warning: in the working copy of 'ddr3_ov5640_an430_lcd.ip_user_files/ipstatic/hdl/xbip_pipe_v3_0_vh_rfs.vhd', LF will be replaced by CRLF the next time Git touches it
warning: in the working copy of 'ddr3_ov5640_an430_lcd.ip_user_files/ipstatic/hdl/xbip_utils_v3_0_vh_rfs.vhd', LF will be replaced by CRLF the next time Git touches it
warning: in the working copy of 'ddr3_ov5640_an430_lcd.ip_user_files/ipstatic/hdl/xfft_v9_1_vh_rfs.vhd', LF will be replaced by CRLF the next time Git touches it
warning: in the working copy of 'ddr3_ov5640_an430_lcd.ip_user_files/ipstatic/simulation/fifo_generator_vlog_beh.v', LF will be replaced by CRLF the next time Git touches it
warning: in the working copy of 'ddr3_ov5640_an430_lcd.ip_user_files/mem_init_files/mig_a.prj', LF will be replaced by CRLF the next time Git touches it
warning: in the working copy of 'ddr3_ov5640_an430_lcd.ip_user_files/mem_init_files/mig_b.prj', LF will be replaced by CRLF the next time Git touches it
warning: in the working copy of 'ddr3_ov5640_an430_lcd.ip_user_files/sim_scripts/adc_pll/activehdl/glbl.v', LF will be replaced by CRLF the next time Git touches it
warning: in the working copy of 'ddr3_ov5640_an430_lcd.ip_user_files/sim_scripts/adc_pll/ies/glbl.v', LF will be replaced by CRLF the next time Git touches it
warning: in the working copy of 'ddr3_ov5640_an430_lcd.ip_user_files/sim_scripts/adc_pll/modelsim/glbl.v', LF will be replaced by CRLF the next time Git touches it
warning: in the working copy of 'ddr3_ov5640_an430_lcd.ip_user_files/sim_scripts/adc_pll/questa/glbl.v', LF will be replaced by CRLF the next time Git touches it
warning: in the working copy of 'ddr3_ov5640_an430_lcd.ip_user_files/sim_scripts/adc_pll/riviera/glbl.v', LF will be replaced by CRLF the next time Git touches it
warning: in the working copy of 'ddr3_ov5640_an430_lcd.ip_user_files/sim_scripts/adc_pll/vcs/glbl.v', LF will be replaced by CRLF the next time Git touches it
warning: in the working copy of 'ddr3_ov5640_an430_lcd.ip_user_files/sim_scripts/adc_pll/xcelium/glbl.v', LF will be replaced by CRLF the next time Git touches it
warning: in the working copy of 'ddr3_ov5640_an430_lcd.ip_user_files/sim_scripts/adc_pll/xsim/glbl.v', LF will be replaced by CRLF the next time Git touches it
warning: in the working copy of 'ddr3_ov5640_an430_lcd.ip_user_files/sim_scripts/adc_pll/xsim/xsim.ini', LF will be replaced by CRLF the next time Git touches it
warning: in the working copy of 'ddr3_ov5640_an430_lcd.ip_user_files/sim_scripts/afifo_16i_64o_512/activehdl/glbl.v', LF will be replaced by CRLF the next time Git touches it
warning: in the working copy of 'ddr3_ov5640_an430_lcd.ip_user_files/sim_scripts/afifo_16i_64o_512/ies/glbl.v', LF will be replaced by CRLF the next time Git touches it
warning: in the working copy of 'ddr3_ov5640_an430_lcd.ip_user_files/sim_scripts/afifo_16i_64o_512/modelsim/glbl.v', LF will be replaced by CRLF the next time Git touches it
warning: in the working copy of 'ddr3_ov5640_an430_lcd.ip_user_files/sim_scripts/afifo_16i_64o_512/questa/glbl.v', LF will be replaced by CRLF the next time Git touches it
warning: in the working copy of 'ddr3_ov5640_an430_lcd.ip_user_files/sim_scripts/afifo_16i_64o_512/riviera/glbl.v', LF will be replaced by CRLF the next time Git touches it
warning: in the working copy of 'ddr3_ov5640_an430_lcd.ip_user_files/sim_scripts/afifo_16i_64o_512/vcs/glbl.v', LF will be replaced by CRLF the next time Git touches it
warning: in the working copy of 'ddr3_ov5640_an430_lcd.ip_user_files/sim_scripts/afifo_16i_64o_512/xcelium/glbl.v', LF will be replaced by CRLF the next time Git touches it
warning: in the working copy of 'ddr3_ov5640_an430_lcd.ip_user_files/sim_scripts/afifo_16i_64o_512/xsim/glbl.v', LF will be replaced by CRLF the next time Git touches it
warning: in the working copy of 'ddr3_ov5640_an430_lcd.ip_user_files/sim_scripts/afifo_16i_64o_512/xsim/xsim.ini', LF will be replaced by CRLF the next time Git touches it
warning: in the working copy of 'ddr3_ov5640_an430_lcd.ip_user_files/sim_scripts/afifo_64i_16o_128/activehdl/glbl.v', LF will be replaced by CRLF the next time Git touches it
warning: in the working copy of 'ddr3_ov5640_an430_lcd.ip_user_files/sim_scripts/afifo_64i_16o_128/ies/glbl.v', LF will be replaced by CRLF the next time Git touches it
warning: in the working copy of 'ddr3_ov5640_an430_lcd.ip_user_files/sim_scripts/afifo_64i_16o_128/modelsim/glbl.v', LF will be replaced by CRLF the next time Git touches it
warning: in the working copy of 'ddr3_ov5640_an430_lcd.ip_user_files/sim_scripts/afifo_64i_16o_128/questa/glbl.v', LF will be replaced by CRLF the next time Git touches it
warning: in the working copy of 'ddr3_ov5640_an430_lcd.ip_user_files/sim_scripts/afifo_64i_16o_128/riviera/glbl.v', LF will be replaced by CRLF the next time Git touches it
warning: in the working copy of 'ddr3_ov5640_an430_lcd.ip_user_files/sim_scripts/afifo_64i_16o_128/vcs/glbl.v', LF will be replaced by CRLF the next time Git touches it
warning: in the working copy of 'ddr3_ov5640_an430_lcd.ip_user_files/sim_scripts/afifo_64i_16o_128/xcelium/glbl.v', LF will be replaced by CRLF the next time Git touches it
warning: in the working copy of 'ddr3_ov5640_an430_lcd.ip_user_files/sim_scripts/afifo_64i_16o_128/xsim/glbl.v', LF will be replaced by CRLF the next time Git touches it
warning: in the working copy of 'ddr3_ov5640_an430_lcd.ip_user_files/sim_scripts/afifo_64i_16o_128/xsim/xsim.ini', LF will be replaced by CRLF the next time Git touches it
warning: in the working copy of 'ddr3_ov5640_an430_lcd.ip_user_files/sim_scripts/cordic_0/activehdl/glbl.v', LF will be replaced by CRLF the next time Git touches it
warning: in the working copy of 'ddr3_ov5640_an430_lcd.ip_user_files/sim_scripts/cordic_0/ies/glbl.v', LF will be replaced by CRLF the next time Git touches it
warning: in the working copy of 'ddr3_ov5640_an430_lcd.ip_user_files/sim_scripts/cordic_0/modelsim/glbl.v', LF will be replaced by CRLF the next time Git touches it
warning: in the working copy of 'ddr3_ov5640_an430_lcd.ip_user_files/sim_scripts/cordic_0/questa/glbl.v', LF will be replaced by CRLF the next time Git touches it
warning: in the working copy of 'ddr3_ov5640_an430_lcd.ip_user_files/sim_scripts/cordic_0/riviera/glbl.v', LF will be replaced by CRLF the next time Git touches it
warning: in the working copy of 'ddr3_ov5640_an430_lcd.ip_user_files/sim_scripts/cordic_0/vcs/glbl.v', LF will be replaced by CRLF the next time Git touches it
warning: in the working copy of 'ddr3_ov5640_an430_lcd.ip_user_files/sim_scripts/cordic_0/xcelium/glbl.v', LF will be replaced by CRLF the next time Git touches it
warning: in the working copy of 'ddr3_ov5640_an430_lcd.ip_user_files/sim_scripts/cordic_0/xsim/glbl.v', LF will be replaced by CRLF the next time Git touches it
warning: in the working copy of 'ddr3_ov5640_an430_lcd.ip_user_files/sim_scripts/cordic_0/xsim/xsim.ini', LF will be replaced by CRLF the next time Git touches it
warning: in the working copy of 'ddr3_ov5640_an430_lcd.ip_user_files/sim_scripts/ddr3/activehdl/glbl.v', LF will be replaced by CRLF the next time Git touches it
warning: in the working copy of 'ddr3_ov5640_an430_lcd.ip_user_files/sim_scripts/ddr3/activehdl/mig_a.prj', LF will be replaced by CRLF the next time Git touches it
warning: in the working copy of 'ddr3_ov5640_an430_lcd.ip_user_files/sim_scripts/ddr3/ddr3.xci', LF will be replaced by CRLF the next time Git touches it
warning: in the working copy of 'ddr3_ov5640_an430_lcd.ip_user_files/sim_scripts/ddr3/ddr3.xml', LF will be replaced by CRLF the next time Git touches it
warning: in the working copy of 'ddr3_ov5640_an430_lcd.ip_user_files/sim_scripts/ddr3/ddr3_sim_netlist.v', LF will be replaced by CRLF the next time Git touches it
warning: in the working copy of 'ddr3_ov5640_an430_lcd.ip_user_files/sim_scripts/ddr3/ddr3_sim_netlist.vhdl', LF will be replaced by CRLF the next time Git touches it
warning: in the working copy of 'ddr3_ov5640_an430_lcd.ip_user_files/sim_scripts/ddr3/ies/glbl.v', LF will be replaced by CRLF the next time Git touches it
warning: in the working copy of 'ddr3_ov5640_an430_lcd.ip_user_files/sim_scripts/ddr3/ies/mig_a.prj', LF will be replaced by CRLF the next time Git touches it
warning: in the working copy of 'ddr3_ov5640_an430_lcd.ip_user_files/sim_scripts/ddr3/mig_a.prj', LF will be replaced by CRLF the next time Git touches it
warning: in the working copy of 'ddr3_ov5640_an430_lcd.ip_user_files/sim_scripts/ddr3/mig_b.prj', LF will be replaced by CRLF the next time Git touches it
warning: in the working copy of 'ddr3_ov5640_an430_lcd.ip_user_files/sim_scripts/ddr3/modelsim/glbl.v', LF will be replaced by CRLF the next time Git touches it
warning: in the working copy of 'ddr3_ov5640_an430_lcd.ip_user_files/sim_scripts/ddr3/modelsim/mig_a.prj', LF will be replaced by CRLF the next time Git touches it
warning: in the working copy of 'ddr3_ov5640_an430_lcd.ip_user_files/sim_scripts/ddr3/questa/glbl.v', LF will be replaced by CRLF the next time Git touches it
warning: in the working copy of 'ddr3_ov5640_an430_lcd.ip_user_files/sim_scripts/ddr3/questa/mig_a.prj', LF will be replaced by CRLF the next time Git touches it
warning: in the working copy of 'ddr3_ov5640_an430_lcd.ip_user_files/sim_scripts/ddr3/riviera/glbl.v', LF will be replaced by CRLF the next time Git touches it
warning: in the working copy of 'ddr3_ov5640_an430_lcd.ip_user_files/sim_scripts/ddr3/riviera/mig_a.prj', LF will be replaced by CRLF the next time Git touches it
warning: in the working copy of 'ddr3_ov5640_an430_lcd.ip_user_files/sim_scripts/ddr3/vcs/glbl.v', LF will be replaced by CRLF the next time Git touches it
warning: in the working copy of 'ddr3_ov5640_an430_lcd.ip_user_files/sim_scripts/ddr3/vcs/mig_a.prj', LF will be replaced by CRLF the next time Git touches it
warning: in the working copy of 'ddr3_ov5640_an430_lcd.ip_user_files/sim_scripts/ddr3/xsim/glbl.v', LF will be replaced by CRLF the next time Git touches it
warning: in the working copy of 'ddr3_ov5640_an430_lcd.ip_user_files/sim_scripts/ddr3/xsim/mig_a.prj', LF will be replaced by CRLF the next time Git touches it
warning: in the working copy of 'ddr3_ov5640_an430_lcd.ip_user_files/sim_scripts/ddr3/xsim/xsim.ini', LF will be replaced by CRLF the next time Git touches it
warning: in the working copy of 'ddr3_ov5640_an430_lcd.ip_user_files/sim_scripts/fft_ls/activehdl/glbl.v', LF will be replaced by CRLF the next time Git touches it
warning: in the working copy of 'ddr3_ov5640_an430_lcd.ip_user_files/sim_scripts/fft_ls/ies/glbl.v', LF will be replaced by CRLF the next time Git touches it
warning: in the working copy of 'ddr3_ov5640_an430_lcd.ip_user_files/sim_scripts/fft_ls/modelsim/glbl.v', LF will be replaced by CRLF the next time Git touches it
warning: in the working copy of 'ddr3_ov5640_an430_lcd.ip_user_files/sim_scripts/fft_ls/questa/glbl.v', LF will be replaced by CRLF the next time Git touches it
warning: in the working copy of 'ddr3_ov5640_an430_lcd.ip_user_files/sim_scripts/fft_ls/riviera/glbl.v', LF will be replaced by CRLF the next time Git touches it
warning: in the working copy of 'ddr3_ov5640_an430_lcd.ip_user_files/sim_scripts/fft_ls/vcs/glbl.v', LF will be replaced by CRLF the next time Git touches it
warning: in the working copy of 'ddr3_ov5640_an430_lcd.ip_user_files/sim_scripts/fft_ls/xcelium/glbl.v', LF will be replaced by CRLF the next time Git touches it
warning: in the working copy of 'ddr3_ov5640_an430_lcd.ip_user_files/sim_scripts/fft_ls/xsim/glbl.v', LF will be replaced by CRLF the next time Git touches it
warning: in the working copy of 'ddr3_ov5640_an430_lcd.ip_user_files/sim_scripts/fft_ls/xsim/xsim.ini', LF will be replaced by CRLF the next time Git touches it
warning: in the working copy of 'ddr3_ov5640_an430_lcd.ip_user_files/sim_scripts/my_cordic_1/activehdl/glbl.v', LF will be replaced by CRLF the next time Git touches it
warning: in the working copy of 'ddr3_ov5640_an430_lcd.ip_user_files/sim_scripts/my_cordic_1/ies/glbl.v', LF will be replaced by CRLF the next time Git touches it
warning: in the working copy of 'ddr3_ov5640_an430_lcd.ip_user_files/sim_scripts/my_cordic_1/modelsim/glbl.v', LF will be replaced by CRLF the next time Git touches it
warning: in the working copy of 'ddr3_ov5640_an430_lcd.ip_user_files/sim_scripts/my_cordic_1/questa/glbl.v', LF will be replaced by CRLF the next time Git touches it
warning: in the working copy of 'ddr3_ov5640_an430_lcd.ip_user_files/sim_scripts/my_cordic_1/riviera/glbl.v', LF will be replaced by CRLF the next time Git touches it
warning: in the working copy of 'ddr3_ov5640_an430_lcd.ip_user_files/sim_scripts/my_cordic_1/vcs/glbl.v', LF will be replaced by CRLF the next time Git touches it
warning: in the working copy of 'ddr3_ov5640_an430_lcd.ip_user_files/sim_scripts/my_cordic_1/xcelium/glbl.v', LF will be replaced by CRLF the next time Git touches it
warning: in the working copy of 'ddr3_ov5640_an430_lcd.ip_user_files/sim_scripts/my_cordic_1/xsim/glbl.v', LF will be replaced by CRLF the next time Git touches it
warning: in the working copy of 'ddr3_ov5640_an430_lcd.ip_user_files/sim_scripts/my_cordic_1/xsim/xsim.ini', LF will be replaced by CRLF the next time Git touches it
warning: in the working copy of 'impl_1/ISEWrap.js', LF will be replaced by CRLF the next time Git touches it
warning: in the working copy of 'impl_1/ISEWrap.sh', LF will be replaced by CRLF the next time Git touches it
warning: in the working copy of 'impl_1/top.vdi', LF will be replaced by CRLF the next time Git touches it
warning: in the working copy of 'impl_1/top_clock_utilization_routed.rpt', LF will be replaced by CRLF the next time Git touches it
warning: in the working copy of 'impl_1/top_control_sets_placed.rpt', LF will be replaced by CRLF the next time Git touches it
warning: in the working copy of 'impl_1/top_drc_opted.rpt', LF will be replaced by CRLF the next time Git touches it
warning: in the working copy of 'impl_1/top_drc_routed.rpt', LF will be replaced by CRLF the next time Git touches it
warning: in the working copy of 'impl_1/top_io_placed.rpt', LF will be replaced by CRLF the next time Git touches it
warning: in the working copy of 'impl_1/top_methodology_drc_routed.rpt', LF will be replaced by CRLF the next time Git touches it
warning: in the working copy of 'impl_1/top_route_status.rpt', LF will be replaced by CRLF the next time Git touches it
warning: in the working copy of 'impl_1/top_utilization_placed.rpt', LF will be replaced by CRLF the next time Git touches it
warning: in the working copy of 'impl_1/vivado.jou', LF will be replaced by CRLF the next time Git touches it
warning: in the working copy of 'impl_1/vivado_17676.backup.jou', LF will be replaced by CRLF the next time Git touches it
warning: in the working copy of 'impl_1/vivado_35236.backup.jou', LF will be replaced by CRLF the next time Git touches it
warning: in the working copy of 'ip_upgrade.log', LF will be replaced by CRLF the next time Git touches it
warning: in the working copy of 'synth_1/ISEWrap.js', LF will be replaced by CRLF the next time Git touches it
warning: in the working copy of 'synth_1/ISEWrap.sh', LF will be replaced by CRLF the next time Git touches it
warning: in the working copy of 'synth_1/top.vds', LF will be replaced by CRLF the next time Git touches it
warning: in the working copy of 'synth_1/top_utilization_synth.rpt', LF will be replaced by CRLF the next time Git touches it
warning: in the working copy of 'synth_1/vivado.jou', LF will be replaced by CRLF the next time Git touches it
warning: in the working copy of 'vivado.jou', LF will be replaced by CRLF the next time Git touches it
warning: in the working copy of 'vivado.log', LF will be replaced by CRLF the next time Git touches it
warning: in the working copy of 'vivado_10992.backup.jou', LF will be replaced by CRLF the next time Git touches it
warning: in the working copy of 'vivado_10992.backup.log', LF will be replaced by CRLF the next time Git touches it
warning: in the working copy of 'vivado_13024.backup.jou', LF will be replaced by CRLF the next time Git touches it
warning: in the working copy of 'vivado_13024.backup.log', LF will be replaced by CRLF the next time Git touches it
warning: in the working copy of 'vivado_26276.backup.jou', LF will be replaced by CRLF the next time Git touches it
warning: in the working copy of 'vivado_26276.backup.log', LF will be replaced by CRLF the next time Git touches it
warning: in the working copy of 'vivado_45204.backup.jou', LF will be replaced by CRLF the next time Git touches it
warning: in the working copy of 'vivado_45204.backup.log', LF will be replaced by CRLF the next time Git touches it
warning: in the working copy of 'vivado_9164.backup.jou', LF will be replaced by CRLF the next time Git touches it
warning: in the working copy of 'vivado_9164.backup.log', LF will be replaced by CRLF the next time Git touches it
warning: in the working copy of 'vivado_pid45204.str', LF will be replaced by CRLF the next time Git touches it
git add *.v
WARNING: [Common 17-259] Unknown Tcl command 'git add *.v' sending command to the OS shell for execution. It is recommended to use 'exec' to send the command to the OS shell.
git log
WARNING: [Common 17-259] Unknown Tcl command 'git log' sending command to the OS shell for execution. It is recommended to use 'exec' to send the command to the OS shell.
fatal: your current branch 'master' does not have any commits yet
git status
WARNING: [Common 17-259] Unknown Tcl command 'git status' sending command to the OS shell for execution. It is recommended to use 'exec' to send the command to the OS shell.
On branch master

No commits yet

Changes to be committed:
  (use "git rm --cached <file>..." to unstage)
	new file:   .Xil/Vivado-26960-FranklinY9000P/elab.rtd
	new file:   .Xil/Vivado-26960-FranklinY9000P/realtime/adc_pll_stub.v
	new file:   .Xil/Vivado-26960-FranklinY9000P/realtime/afifo_16i_64o_512_stub.v
	new file:   .Xil/Vivado-26960-FranklinY9000P/realtime/afifo_64i_16o_128_stub.v
	new file:   .Xil/Vivado-26960-FranklinY9000P/realtime/ddr3_stub.v
	new file:   .Xil/Vivado-26960-FranklinY9000P/realtime/dupFiles.rpt
	new file:   .Xil/Vivado-26960-FranklinY9000P/realtime/fft_ls_stub.v
	new file:   .Xil/Vivado-26960-FranklinY9000P/realtime/my_cordic_1_stub.v
	new file:   .Xil/Vivado-26960-FranklinY9000P/realtime/top.tcl
	new file:   .Xil/top_propImpl.xdc
	new file:   .jobs/vrs_config_1.xml
	new file:   .jobs/vrs_config_2.xml
	new file:   .jobs/vrs_config_3.xml
	new file:   adc_ethernet.cache/wt/gui_handlers.wdf
	new file:   adc_ethernet.cache/wt/java_command_handlers.wdf
	new file:   adc_ethernet.cache/wt/project.wpc
	new file:   adc_ethernet.cache/wt/synthesis.wdf
	new file:   adc_ethernet.cache/wt/synthesis_details.wdf
	new file:   adc_ethernet.cache/wt/webtalk_pa.xml
	new file:   adc_ethernet.hw/adc_ethernet.lpr
	new file:   adc_ethernet.hw/backup/hw_ila_data_1.ila
	new file:   adc_ethernet.hw/ddr3_an5642_an430_lcd.lpr
	new file:   adc_ethernet.hw/ddr3_ov5640_an430_lcd.lpr
	new file:   adc_ethernet.hw/hw_1/hw.xml
	new file:   adc_ethernet.hw/hw_1/wave/hw_ila_data_1/hw_ila_data_1.wcfg
	new file:   adc_ethernet.hw/hw_1/wave/hw_ila_data_1/hw_ila_data_1.wdb
	new file:   adc_ethernet.hw/webtalk/.xsim_webtallk.info
	new file:   adc_ethernet.hw/webtalk/labtool_webtalk.log
	new file:   adc_ethernet.hw/webtalk/usage_statistics_ext_labtool.html
	new file:   adc_ethernet.hw/webtalk/usage_statistics_ext_labtool.xml
	new file:   adc_ethernet.ip_user_files/README.txt
	new file:   adc_ethernet.ip_user_files/ip/adc_pll/adc_pll.veo
	new file:   adc_ethernet.ip_user_files/ip/adc_pll/adc_pll_stub.v
	new file:   adc_ethernet.ip_user_files/ip/adc_pll/adc_pll_stub.vhdl
	new file:   adc_ethernet.ip_user_files/ip/afifo_16i_64o_512/afifo_16i_64o_512.veo
	new file:   adc_ethernet.ip_user_files/ip/afifo_16i_64o_512/afifo_16i_64o_512.vho
	new file:   adc_ethernet.ip_user_files/ip/afifo_16i_64o_512/afifo_16i_64o_512_stub.v
	new file:   adc_ethernet.ip_user_files/ip/afifo_16i_64o_512/afifo_16i_64o_512_stub.vhdl
	new file:   adc_ethernet.ip_user_files/ip/afifo_64i_16o_128/afifo_64i_16o_128.veo
	new file:   adc_ethernet.ip_user_files/ip/afifo_64i_16o_128/afifo_64i_16o_128.vho
	new file:   adc_ethernet.ip_user_files/ip/afifo_64i_16o_128/afifo_64i_16o_128_stub.v
	new file:   adc_ethernet.ip_user_files/ip/afifo_64i_16o_128/afifo_64i_16o_128_stub.vhdl
	new file:   adc_ethernet.ip_user_files/ip/ddr3/ddr3.dcp
	new file:   adc_ethernet.ip_user_files/ip/ddr3/ddr3.veo
	new file:   adc_ethernet.ip_user_files/ip/ddr3/ddr3.xci
	new file:   adc_ethernet.ip_user_files/ip/ddr3/ddr3.xml
	new file:   adc_ethernet.ip_user_files/ip/ddr3/ddr3_sim_netlist.v
	new file:   adc_ethernet.ip_user_files/ip/ddr3/ddr3_sim_netlist.vhdl
	new file:   adc_ethernet.ip_user_files/ip/ddr3/ddr3_stub.v
	new file:   adc_ethernet.ip_user_files/ip/ddr3/ddr3_stub.vhdl
	new file:   adc_ethernet.ip_user_files/ip/ddr3/ddr3_xmdf.tcl
	new file:   adc_ethernet.ip_user_files/ip/ddr3/mig_a.prj
	new file:   adc_ethernet.ip_user_files/ip/ddr3/mig_b.prj
	new file:   adc_ethernet.ip_user_files/ip/ddr3/tcl.log
	new file:   adc_ethernet.ip_user_files/ip/ddr3/xil_txt.in
	new file:   adc_ethernet.ip_user_files/ip/ddr3/xil_txt.out
	new file:   adc_ethernet.ip_user_files/ip/ddr3/xil_upgrade.in
	new file:   adc_ethernet.ip_user_files/ip/ddr3/xil_upgrade.out
	new file:   adc_ethernet.ip_user_files/ip/sys_pll/sys_pll.veo
	new file:   adc_ethernet.ip_user_files/ip/sys_pll/sys_pll_stub.v
	new file:   adc_ethernet.ip_user_files/ip/sys_pll/sys_pll_stub.vhdl
	new file:   adc_ethernet.ip_user_files/ipstatic/hdl/fifo_generator_v13_2_rfs.v
	new file:   adc_ethernet.ip_user_files/ipstatic/hdl/fifo_generator_v13_2_rfs.vhd
	new file:   adc_ethernet.ip_user_files/ipstatic/simulation/fifo_generator_vlog_beh.v
	new file:   adc_ethernet.ip_user_files/mem_init_files/mig_a.prj
	new file:   adc_ethernet.ip_user_files/sim_scripts/adc_pll/README.txt
	new file:   adc_ethernet.ip_user_files/sim_scripts/adc_pll/activehdl/README.txt
	new file:   adc_ethernet.ip_user_files/sim_scripts/adc_pll/activehdl/adc_pll.sh
	new file:   adc_ethernet.ip_user_files/sim_scripts/adc_pll/activehdl/adc_pll.udo
	new file:   adc_ethernet.ip_user_files/sim_scripts/adc_pll/activehdl/compile.do
	new file:   adc_ethernet.ip_user_files/sim_scripts/adc_pll/activehdl/file_info.txt
	new file:   adc_ethernet.ip_user_files/sim_scripts/adc_pll/activehdl/glbl.v
	new file:   adc_ethernet.ip_user_files/sim_scripts/adc_pll/activehdl/simulate.do
	new file:   adc_ethernet.ip_user_files/sim_scripts/adc_pll/activehdl/wave.do
	new file:   adc_ethernet.ip_user_files/sim_scripts/adc_pll/ies/README.txt
	new file:   adc_ethernet.ip_user_files/sim_scripts/adc_pll/ies/adc_pll.sh
	new file:   adc_ethernet.ip_user_files/sim_scripts/adc_pll/ies/file_info.txt
	new file:   adc_ethernet.ip_user_files/sim_scripts/adc_pll/ies/glbl.v
	new file:   adc_ethernet.ip_user_files/sim_scripts/adc_pll/ies/run.f
	new file:   adc_ethernet.ip_user_files/sim_scripts/adc_pll/modelsim/README.txt
	new file:   adc_ethernet.ip_user_files/sim_scripts/adc_pll/modelsim/adc_pll.sh
	new file:   adc_ethernet.ip_user_files/sim_scripts/adc_pll/modelsim/adc_pll.udo
	new file:   adc_ethernet.ip_user_files/sim_scripts/adc_pll/modelsim/compile.do
	new file:   adc_ethernet.ip_user_files/sim_scripts/adc_pll/modelsim/file_info.txt
	new file:   adc_ethernet.ip_user_files/sim_scripts/adc_pll/modelsim/glbl.v
	new file:   adc_ethernet.ip_user_files/sim_scripts/adc_pll/modelsim/simulate.do
	new file:   adc_ethernet.ip_user_files/sim_scripts/adc_pll/modelsim/wave.do
	new file:   adc_ethernet.ip_user_files/sim_scripts/adc_pll/questa/README.txt
	new file:   adc_ethernet.ip_user_files/sim_scripts/adc_pll/questa/adc_pll.sh
	new file:   adc_ethernet.ip_user_files/sim_scripts/adc_pll/questa/adc_pll.udo
	new file:   adc_ethernet.ip_user_files/sim_scripts/adc_pll/questa/compile.do
	new file:   adc_ethernet.ip_user_files/sim_scripts/adc_pll/questa/elaborate.do
	new file:   adc_ethernet.ip_user_files/sim_scripts/adc_pll/questa/file_info.txt
	new file:   adc_ethernet.ip_user_files/sim_scripts/adc_pll/questa/glbl.v
	new file:   adc_ethernet.ip_user_files/sim_scripts/adc_pll/questa/simulate.do
	new file:   adc_ethernet.ip_user_files/sim_scripts/adc_pll/questa/wave.do
	new file:   adc_ethernet.ip_user_files/sim_scripts/adc_pll/riviera/README.txt
	new file:   adc_ethernet.ip_user_files/sim_scripts/adc_pll/riviera/adc_pll.sh
	new file:   adc_ethernet.ip_user_files/sim_scripts/adc_pll/riviera/adc_pll.udo
	new file:   adc_ethernet.ip_user_files/sim_scripts/adc_pll/riviera/compile.do
	new file:   adc_ethernet.ip_user_files/sim_scripts/adc_pll/riviera/file_info.txt
	new file:   adc_ethernet.ip_user_files/sim_scripts/adc_pll/riviera/glbl.v
	new file:   adc_ethernet.ip_user_files/sim_scripts/adc_pll/riviera/simulate.do
	new file:   adc_ethernet.ip_user_files/sim_scripts/adc_pll/riviera/wave.do
	new file:   adc_ethernet.ip_user_files/sim_scripts/adc_pll/vcs/README.txt
	new file:   adc_ethernet.ip_user_files/sim_scripts/adc_pll/vcs/adc_pll.sh
	new file:   adc_ethernet.ip_user_files/sim_scripts/adc_pll/vcs/file_info.txt
	new file:   adc_ethernet.ip_user_files/sim_scripts/adc_pll/vcs/glbl.v
	new file:   adc_ethernet.ip_user_files/sim_scripts/adc_pll/vcs/simulate.do
	new file:   adc_ethernet.ip_user_files/sim_scripts/adc_pll/xsim/README.txt
	new file:   adc_ethernet.ip_user_files/sim_scripts/adc_pll/xsim/adc_pll.sh
	new file:   adc_ethernet.ip_user_files/sim_scripts/adc_pll/xsim/cmd.tcl
	new file:   adc_ethernet.ip_user_files/sim_scripts/adc_pll/xsim/elab.opt
	new file:   adc_ethernet.ip_user_files/sim_scripts/adc_pll/xsim/file_info.txt
	new file:   adc_ethernet.ip_user_files/sim_scripts/adc_pll/xsim/glbl.v
	new file:   adc_ethernet.ip_user_files/sim_scripts/adc_pll/xsim/vlog.prj
	new file:   adc_ethernet.ip_user_files/sim_scripts/adc_pll/xsim/xsim.ini
	new file:   adc_ethernet.ip_user_files/sim_scripts/afifo_16i_64o_512/README.txt
	new file:   adc_ethernet.ip_user_files/sim_scripts/afifo_16i_64o_512/activehdl/README.txt
	new file:   adc_ethernet.ip_user_files/sim_scripts/afifo_16i_64o_512/activehdl/afifo_16i_64o_512.sh
	new file:   adc_ethernet.ip_user_files/sim_scripts/afifo_16i_64o_512/activehdl/afifo_16i_64o_512.udo
	new file:   adc_ethernet.ip_user_files/sim_scripts/afifo_16i_64o_512/activehdl/compile.do
	new file:   adc_ethernet.ip_user_files/sim_scripts/afifo_16i_64o_512/activehdl/file_info.txt
	new file:   adc_ethernet.ip_user_files/sim_scripts/afifo_16i_64o_512/activehdl/glbl.v
	new file:   adc_ethernet.ip_user_files/sim_scripts/afifo_16i_64o_512/activehdl/simulate.do
	new file:   adc_ethernet.ip_user_files/sim_scripts/afifo_16i_64o_512/activehdl/wave.do
	new file:   adc_ethernet.ip_user_files/sim_scripts/afifo_16i_64o_512/ies/README.txt
	new file:   adc_ethernet.ip_user_files/sim_scripts/afifo_16i_64o_512/ies/afifo_16i_64o_512.sh
	new file:   adc_ethernet.ip_user_files/sim_scripts/afifo_16i_64o_512/ies/file_info.txt
	new file:   adc_ethernet.ip_user_files/sim_scripts/afifo_16i_64o_512/ies/glbl.v
	new file:   adc_ethernet.ip_user_files/sim_scripts/afifo_16i_64o_512/ies/run.f
	new file:   adc_ethernet.ip_user_files/sim_scripts/afifo_16i_64o_512/modelsim/README.txt
	new file:   adc_ethernet.ip_user_files/sim_scripts/afifo_16i_64o_512/modelsim/afifo_16i_64o_512.sh
	new file:   adc_ethernet.ip_user_files/sim_scripts/afifo_16i_64o_512/modelsim/afifo_16i_64o_512.udo
	new file:   adc_ethernet.ip_user_files/sim_scripts/afifo_16i_64o_512/modelsim/compile.do
	new file:   adc_ethernet.ip_user_files/sim_scripts/afifo_16i_64o_512/modelsim/file_info.txt
	new file:   adc_ethernet.ip_user_files/sim_scripts/afifo_16i_64o_512/modelsim/glbl.v
	new file:   adc_ethernet.ip_user_files/sim_scripts/afifo_16i_64o_512/modelsim/simulate.do
	new file:   adc_ethernet.ip_user_files/sim_scripts/afifo_16i_64o_512/modelsim/wave.do
	new file:   adc_ethernet.ip_user_files/sim_scripts/afifo_16i_64o_512/questa/README.txt
	new file:   adc_ethernet.ip_user_files/sim_scripts/afifo_16i_64o_512/questa/afifo_16i_64o_512.sh
	new file:   adc_ethernet.ip_user_files/sim_scripts/afifo_16i_64o_512/questa/afifo_16i_64o_512.udo
	new file:   adc_ethernet.ip_user_files/sim_scripts/afifo_16i_64o_512/questa/compile.do
	new file:   adc_ethernet.ip_user_files/sim_scripts/afifo_16i_64o_512/questa/elaborate.do
	new file:   adc_ethernet.ip_user_files/sim_scripts/afifo_16i_64o_512/questa/file_info.txt
	new file:   adc_ethernet.ip_user_files/sim_scripts/afifo_16i_64o_512/questa/glbl.v
	new file:   adc_ethernet.ip_user_files/sim_scripts/afifo_16i_64o_512/questa/simulate.do
	new file:   adc_ethernet.ip_user_files/sim_scripts/afifo_16i_64o_512/questa/wave.do
	new file:   adc_ethernet.ip_user_files/sim_scripts/afifo_16i_64o_512/riviera/README.txt
	new file:   adc_ethernet.ip_user_files/sim_scripts/afifo_16i_64o_512/riviera/afifo_16i_64o_512.sh
	new file:   adc_ethernet.ip_user_files/sim_scripts/afifo_16i_64o_512/riviera/afifo_16i_64o_512.udo
	new file:   adc_ethernet.ip_user_files/sim_scripts/afifo_16i_64o_512/riviera/compile.do
	new file:   adc_ethernet.ip_user_files/sim_scripts/afifo_16i_64o_512/riviera/file_info.txt
	new file:   adc_ethernet.ip_user_files/sim_scripts/afifo_16i_64o_512/riviera/glbl.v
	new file:   adc_ethernet.ip_user_files/sim_scripts/afifo_16i_64o_512/riviera/simulate.do
	new file:   adc_ethernet.ip_user_files/sim_scripts/afifo_16i_64o_512/riviera/wave.do
	new file:   adc_ethernet.ip_user_files/sim_scripts/afifo_16i_64o_512/vcs/README.txt
	new file:   adc_ethernet.ip_user_files/sim_scripts/afifo_16i_64o_512/vcs/afifo_16i_64o_512.sh
	new file:   adc_ethernet.ip_user_files/sim_scripts/afifo_16i_64o_512/vcs/file_info.txt
	new file:   adc_ethernet.ip_user_files/sim_scripts/afifo_16i_64o_512/vcs/glbl.v
	new file:   adc_ethernet.ip_user_files/sim_scripts/afifo_16i_64o_512/vcs/simulate.do
	new file:   adc_ethernet.ip_user_files/sim_scripts/afifo_16i_64o_512/xsim/README.txt
	new file:   adc_ethernet.ip_user_files/sim_scripts/afifo_16i_64o_512/xsim/afifo_16i_64o_512.sh
	new file:   adc_ethernet.ip_user_files/sim_scripts/afifo_16i_64o_512/xsim/cmd.tcl
	new file:   adc_ethernet.ip_user_files/sim_scripts/afifo_16i_64o_512/xsim/elab.opt
	new file:   adc_ethernet.ip_user_files/sim_scripts/afifo_16i_64o_512/xsim/file_info.txt
	new file:   adc_ethernet.ip_user_files/sim_scripts/afifo_16i_64o_512/xsim/glbl.v
	new file:   adc_ethernet.ip_user_files/sim_scripts/afifo_16i_64o_512/xsim/vhdl.prj
	new file:   adc_ethernet.ip_user_files/sim_scripts/afifo_16i_64o_512/xsim/vlog.prj
	new file:   adc_ethernet.ip_user_files/sim_scripts/afifo_16i_64o_512/xsim/xsim.ini
	new file:   adc_ethernet.ip_user_files/sim_scripts/afifo_64i_16o_128/README.txt
	new file:   adc_ethernet.ip_user_files/sim_scripts/afifo_64i_16o_128/activehdl/README.txt
	new file:   adc_ethernet.ip_user_files/sim_scripts/afifo_64i_16o_128/activehdl/afifo_64i_16o_128.sh
	new file:   adc_ethernet.ip_user_files/sim_scripts/afifo_64i_16o_128/activehdl/afifo_64i_16o_128.udo
	new file:   adc_ethernet.ip_user_files/sim_scripts/afifo_64i_16o_128/activehdl/compile.do
	new file:   adc_ethernet.ip_user_files/sim_scripts/afifo_64i_16o_128/activehdl/file_info.txt
	new file:   adc_ethernet.ip_user_files/sim_scripts/afifo_64i_16o_128/activehdl/glbl.v
	new file:   adc_ethernet.ip_user_files/sim_scripts/afifo_64i_16o_128/activehdl/simulate.do
	new file:   adc_ethernet.ip_user_files/sim_scripts/afifo_64i_16o_128/activehdl/wave.do
	new file:   adc_ethernet.ip_user_files/sim_scripts/afifo_64i_16o_128/ies/README.txt
	new file:   adc_ethernet.ip_user_files/sim_scripts/afifo_64i_16o_128/ies/afifo_64i_16o_128.sh
	new file:   adc_ethernet.ip_user_files/sim_scripts/afifo_64i_16o_128/ies/file_info.txt
	new file:   adc_ethernet.ip_user_files/sim_scripts/afifo_64i_16o_128/ies/glbl.v
	new file:   adc_ethernet.ip_user_files/sim_scripts/afifo_64i_16o_128/ies/run.f
	new file:   adc_ethernet.ip_user_files/sim_scripts/afifo_64i_16o_128/modelsim/README.txt
	new file:   adc_ethernet.ip_user_files/sim_scripts/afifo_64i_16o_128/modelsim/afifo_64i_16o_128.sh
	new file:   adc_ethernet.ip_user_files/sim_scripts/afifo_64i_16o_128/modelsim/afifo_64i_16o_128.udo
	new file:   adc_ethernet.ip_user_files/sim_scripts/afifo_64i_16o_128/modelsim/compile.do
	new file:   adc_ethernet.ip_user_files/sim_scripts/afifo_64i_16o_128/modelsim/file_info.txt
	new file:   adc_ethernet.ip_user_files/sim_scripts/afifo_64i_16o_128/modelsim/glbl.v
	new file:   adc_ethernet.ip_user_files/sim_scripts/afifo_64i_16o_128/modelsim/simulate.do
	new file:   adc_ethernet.ip_user_files/sim_scripts/afifo_64i_16o_128/modelsim/wave.do
	new file:   adc_ethernet.ip_user_files/sim_scripts/afifo_64i_16o_128/questa/README.txt
	new file:   adc_ethernet.ip_user_files/sim_scripts/afifo_64i_16o_128/questa/afifo_64i_16o_128.sh
	new file:   adc_ethernet.ip_user_files/sim_scripts/afifo_64i_16o_128/questa/afifo_64i_16o_128.udo
	new file:   adc_ethernet.ip_user_files/sim_scripts/afifo_64i_16o_128/questa/compile.do
	new file:   adc_ethernet.ip_user_files/sim_scripts/afifo_64i_16o_128/questa/elaborate.do
	new file:   adc_ethernet.ip_user_files/sim_scripts/afifo_64i_16o_128/questa/file_info.txt
	new file:   adc_ethernet.ip_user_files/sim_scripts/afifo_64i_16o_128/questa/glbl.v
	new file:   adc_ethernet.ip_user_files/sim_scripts/afifo_64i_16o_128/questa/simulate.do
	new file:   adc_ethernet.ip_user_files/sim_scripts/afifo_64i_16o_128/questa/wave.do
	new file:   adc_ethernet.ip_user_files/sim_scripts/afifo_64i_16o_128/riviera/README.txt
	new file:   adc_ethernet.ip_user_files/sim_scripts/afifo_64i_16o_128/riviera/afifo_64i_16o_128.sh
	new file:   adc_ethernet.ip_user_files/sim_scripts/afifo_64i_16o_128/riviera/afifo_64i_16o_128.udo
	new file:   adc_ethernet.ip_user_files/sim_scripts/afifo_64i_16o_128/riviera/compile.do
	new file:   adc_ethernet.ip_user_files/sim_scripts/afifo_64i_16o_128/riviera/file_info.txt
	new file:   adc_ethernet.ip_user_files/sim_scripts/afifo_64i_16o_128/riviera/glbl.v
	new file:   adc_ethernet.ip_user_files/sim_scripts/afifo_64i_16o_128/riviera/simulate.do
	new file:   adc_ethernet.ip_user_files/sim_scripts/afifo_64i_16o_128/riviera/wave.do
	new file:   adc_ethernet.ip_user_files/sim_scripts/afifo_64i_16o_128/vcs/README.txt
	new file:   adc_ethernet.ip_user_files/sim_scripts/afifo_64i_16o_128/vcs/afifo_64i_16o_128.sh
	new file:   adc_ethernet.ip_user_files/sim_scripts/afifo_64i_16o_128/vcs/file_info.txt
	new file:   adc_ethernet.ip_user_files/sim_scripts/afifo_64i_16o_128/vcs/glbl.v
	new file:   adc_ethernet.ip_user_files/sim_scripts/afifo_64i_16o_128/vcs/simulate.do
	new file:   adc_ethernet.ip_user_files/sim_scripts/afifo_64i_16o_128/xsim/README.txt
	new file:   adc_ethernet.ip_user_files/sim_scripts/afifo_64i_16o_128/xsim/afifo_64i_16o_128.sh
	new file:   adc_ethernet.ip_user_files/sim_scripts/afifo_64i_16o_128/xsim/cmd.tcl
	new file:   adc_ethernet.ip_user_files/sim_scripts/afifo_64i_16o_128/xsim/elab.opt
	new file:   adc_ethernet.ip_user_files/sim_scripts/afifo_64i_16o_128/xsim/file_info.txt
	new file:   adc_ethernet.ip_user_files/sim_scripts/afifo_64i_16o_128/xsim/glbl.v
	new file:   adc_ethernet.ip_user_files/sim_scripts/afifo_64i_16o_128/xsim/vhdl.prj
	new file:   adc_ethernet.ip_user_files/sim_scripts/afifo_64i_16o_128/xsim/vlog.prj
	new file:   adc_ethernet.ip_user_files/sim_scripts/afifo_64i_16o_128/xsim/xsim.ini
	new file:   adc_ethernet.ip_user_files/sim_scripts/ddr3/activehdl/README.txt
	new file:   adc_ethernet.ip_user_files/sim_scripts/ddr3/activehdl/compile.do
	new file:   adc_ethernet.ip_user_files/sim_scripts/ddr3/activehdl/ddr3.sh
	new file:   adc_ethernet.ip_user_files/sim_scripts/ddr3/activehdl/ddr3.udo
	new file:   adc_ethernet.ip_user_files/sim_scripts/ddr3/activehdl/file_info.txt
	new file:   adc_ethernet.ip_user_files/sim_scripts/ddr3/activehdl/glbl.v
	new file:   adc_ethernet.ip_user_files/sim_scripts/ddr3/activehdl/mig_a.prj
	new file:   adc_ethernet.ip_user_files/sim_scripts/ddr3/activehdl/simulate.do
	new file:   adc_ethernet.ip_user_files/sim_scripts/ddr3/activehdl/wave.do
	new file:   adc_ethernet.ip_user_files/sim_scripts/ddr3/ddr3.dcp
	new file:   adc_ethernet.ip_user_files/sim_scripts/ddr3/ddr3.veo
	new file:   adc_ethernet.ip_user_files/sim_scripts/ddr3/ddr3.xci
	new file:   adc_ethernet.ip_user_files/sim_scripts/ddr3/ddr3.xml
	new file:   adc_ethernet.ip_user_files/sim_scripts/ddr3/ddr3_sim_netlist.v
	new file:   adc_ethernet.ip_user_files/sim_scripts/ddr3/ddr3_sim_netlist.vhdl
	new file:   adc_ethernet.ip_user_files/sim_scripts/ddr3/ddr3_stub.v
	new file:   adc_ethernet.ip_user_files/sim_scripts/ddr3/ddr3_stub.vhdl
	new file:   adc_ethernet.ip_user_files/sim_scripts/ddr3/ddr3_xmdf.tcl
	new file:   adc_ethernet.ip_user_files/sim_scripts/ddr3/ies/README.txt
	new file:   adc_ethernet.ip_user_files/sim_scripts/ddr3/ies/ddr3.sh
	new file:   adc_ethernet.ip_user_files/sim_scripts/ddr3/ies/file_info.txt
	new file:   adc_ethernet.ip_user_files/sim_scripts/ddr3/ies/glbl.v
	new file:   adc_ethernet.ip_user_files/sim_scripts/ddr3/ies/mig_a.prj
	new file:   adc_ethernet.ip_user_files/sim_scripts/ddr3/ies/run.f
	new file:   adc_ethernet.ip_user_files/sim_scripts/ddr3/mig_a.prj
	new file:   adc_ethernet.ip_user_files/sim_scripts/ddr3/mig_b.prj
	new file:   adc_ethernet.ip_user_files/sim_scripts/ddr3/modelsim/README.txt
	new file:   adc_ethernet.ip_user_files/sim_scripts/ddr3/modelsim/compile.do
	new file:   adc_ethernet.ip_user_files/sim_scripts/ddr3/modelsim/ddr3.sh
	new file:   adc_ethernet.ip_user_files/sim_scripts/ddr3/modelsim/ddr3.udo
	new file:   adc_ethernet.ip_user_files/sim_scripts/ddr3/modelsim/file_info.txt
	new file:   adc_ethernet.ip_user_files/sim_scripts/ddr3/modelsim/glbl.v
	new file:   adc_ethernet.ip_user_files/sim_scripts/ddr3/modelsim/mig_a.prj
	new file:   adc_ethernet.ip_user_files/sim_scripts/ddr3/modelsim/simulate.do
	new file:   adc_ethernet.ip_user_files/sim_scripts/ddr3/modelsim/wave.do
	new file:   adc_ethernet.ip_user_files/sim_scripts/ddr3/questa/README.txt
	new file:   adc_ethernet.ip_user_files/sim_scripts/ddr3/questa/compile.do
	new file:   adc_ethernet.ip_user_files/sim_scripts/ddr3/questa/ddr3.sh
	new file:   adc_ethernet.ip_user_files/sim_scripts/ddr3/questa/ddr3.udo
	new file:   adc_ethernet.ip_user_files/sim_scripts/ddr3/questa/elaborate.do
	new file:   adc_ethernet.ip_user_files/sim_scripts/ddr3/questa/file_info.txt
	new file:   adc_ethernet.ip_user_files/sim_scripts/ddr3/questa/glbl.v
	new file:   adc_ethernet.ip_user_files/sim_scripts/ddr3/questa/mig_a.prj
	new file:   adc_ethernet.ip_user_files/sim_scripts/ddr3/questa/simulate.do
	new file:   adc_ethernet.ip_user_files/sim_scripts/ddr3/questa/wave.do
	new file:   adc_ethernet.ip_user_files/sim_scripts/ddr3/riviera/README.txt
	new file:   adc_ethernet.ip_user_files/sim_scripts/ddr3/riviera/compile.do
	new file:   adc_ethernet.ip_user_files/sim_scripts/ddr3/riviera/ddr3.sh
	new file:   adc_ethernet.ip_user_files/sim_scripts/ddr3/riviera/ddr3.udo
	new file:   adc_ethernet.ip_user_files/sim_scripts/ddr3/riviera/file_info.txt
	new file:   adc_ethernet.ip_user_files/sim_scripts/ddr3/riviera/glbl.v
	new file:   adc_ethernet.ip_user_files/sim_scripts/ddr3/riviera/mig_a.prj
	new file:   adc_ethernet.ip_user_files/sim_scripts/ddr3/riviera/simulate.do
	new file:   adc_ethernet.ip_user_files/sim_scripts/ddr3/riviera/wave.do
	new file:   adc_ethernet.ip_user_files/sim_scripts/ddr3/tcl.log
	new file:   adc_ethernet.ip_user_files/sim_scripts/ddr3/vcs/README.txt
	new file:   adc_ethernet.ip_user_files/sim_scripts/ddr3/vcs/ddr3.sh
	new file:   adc_ethernet.ip_user_files/sim_scripts/ddr3/vcs/file_info.txt
	new file:   adc_ethernet.ip_user_files/sim_scripts/ddr3/vcs/glbl.v
	new file:   adc_ethernet.ip_user_files/sim_scripts/ddr3/vcs/mig_a.prj
	new file:   adc_ethernet.ip_user_files/sim_scripts/ddr3/vcs/simulate.do
	new file:   adc_ethernet.ip_user_files/sim_scripts/ddr3/xil_txt.in
	new file:   adc_ethernet.ip_user_files/sim_scripts/ddr3/xil_txt.out
	new file:   adc_ethernet.ip_user_files/sim_scripts/ddr3/xil_upgrade.in
	new file:   adc_ethernet.ip_user_files/sim_scripts/ddr3/xil_upgrade.out
	new file:   adc_ethernet.ip_user_files/sim_scripts/ddr3/xsim/README.txt
	new file:   adc_ethernet.ip_user_files/sim_scripts/ddr3/xsim/cmd.tcl
	new file:   adc_ethernet.ip_user_files/sim_scripts/ddr3/xsim/ddr3.sh
	new file:   adc_ethernet.ip_user_files/sim_scripts/ddr3/xsim/elab.opt
	new file:   adc_ethernet.ip_user_files/sim_scripts/ddr3/xsim/file_info.txt
	new file:   adc_ethernet.ip_user_files/sim_scripts/ddr3/xsim/glbl.v
	new file:   adc_ethernet.ip_user_files/sim_scripts/ddr3/xsim/mig_a.prj
	new file:   adc_ethernet.ip_user_files/sim_scripts/ddr3/xsim/vlog.prj
	new file:   adc_ethernet.ip_user_files/sim_scripts/ddr3/xsim/xsim.ini
	new file:   adc_ethernet.ip_user_files/sim_scripts/sys_pll/README.txt
	new file:   adc_ethernet.ip_user_files/sim_scripts/sys_pll/activehdl/README.txt
	new file:   adc_ethernet.ip_user_files/sim_scripts/sys_pll/activehdl/compile.do
	new file:   adc_ethernet.ip_user_files/sim_scripts/sys_pll/activehdl/file_info.txt
	new file:   adc_ethernet.ip_user_files/sim_scripts/sys_pll/activehdl/glbl.v
	new file:   adc_ethernet.ip_user_files/sim_scripts/sys_pll/activehdl/simulate.do
	new file:   adc_ethernet.ip_user_files/sim_scripts/sys_pll/activehdl/sys_pll.sh
	new file:   adc_ethernet.ip_user_files/sim_scripts/sys_pll/activehdl/sys_pll.udo
	new file:   adc_ethernet.ip_user_files/sim_scripts/sys_pll/activehdl/wave.do
	new file:   adc_ethernet.ip_user_files/sim_scripts/sys_pll/ies/README.txt
	new file:   adc_ethernet.ip_user_files/sim_scripts/sys_pll/ies/file_info.txt
	new file:   adc_ethernet.ip_user_files/sim_scripts/sys_pll/ies/glbl.v
	new file:   adc_ethernet.ip_user_files/sim_scripts/sys_pll/ies/run.f
	new file:   adc_ethernet.ip_user_files/sim_scripts/sys_pll/ies/sys_pll.sh
	new file:   adc_ethernet.ip_user_files/sim_scripts/sys_pll/modelsim/README.txt
	new file:   adc_ethernet.ip_user_files/sim_scripts/sys_pll/modelsim/compile.do
	new file:   adc_ethernet.ip_user_files/sim_scripts/sys_pll/modelsim/file_info.txt
	new file:   adc_ethernet.ip_user_files/sim_scripts/sys_pll/modelsim/glbl.v
	new file:   adc_ethernet.ip_user_files/sim_scripts/sys_pll/modelsim/simulate.do
	new file:   adc_ethernet.ip_user_files/sim_scripts/sys_pll/modelsim/sys_pll.sh
	new file:   adc_ethernet.ip_user_files/sim_scripts/sys_pll/modelsim/sys_pll.udo
	new file:   adc_ethernet.ip_user_files/sim_scripts/sys_pll/modelsim/wave.do
	new file:   adc_ethernet.ip_user_files/sim_scripts/sys_pll/questa/README.txt
	new file:   adc_ethernet.ip_user_files/sim_scripts/sys_pll/questa/compile.do
	new file:   adc_ethernet.ip_user_files/sim_scripts/sys_pll/questa/elaborate.do
	new file:   adc_ethernet.ip_user_files/sim_scripts/sys_pll/questa/file_info.txt
	new file:   adc_ethernet.ip_user_files/sim_scripts/sys_pll/questa/glbl.v
	new file:   adc_ethernet.ip_user_files/sim_scripts/sys_pll/questa/simulate.do
	new file:   adc_ethernet.ip_user_files/sim_scripts/sys_pll/questa/sys_pll.sh
	new file:   adc_ethernet.ip_user_files/sim_scripts/sys_pll/questa/sys_pll.udo
	new file:   adc_ethernet.ip_user_files/sim_scripts/sys_pll/questa/wave.do
	new file:   adc_ethernet.ip_user_files/sim_scripts/sys_pll/riviera/README.txt
	new file:   adc_ethernet.ip_user_files/sim_scripts/sys_pll/riviera/compile.do
	new file:   adc_ethernet.ip_user_files/sim_scripts/sys_pll/riviera/file_info.txt
	new file:   adc_ethernet.ip_user_files/sim_scripts/sys_pll/riviera/glbl.v
	new file:   adc_ethernet.ip_user_files/sim_scripts/sys_pll/riviera/simulate.do
	new file:   adc_ethernet.ip_user_files/sim_scripts/sys_pll/riviera/sys_pll.sh
	new file:   adc_ethernet.ip_user_files/sim_scripts/sys_pll/riviera/sys_pll.udo
	new file:   adc_ethernet.ip_user_files/sim_scripts/sys_pll/riviera/wave.do
	new file:   adc_ethernet.ip_user_files/sim_scripts/sys_pll/vcs/README.txt
	new file:   adc_ethernet.ip_user_files/sim_scripts/sys_pll/vcs/file_info.txt
	new file:   adc_ethernet.ip_user_files/sim_scripts/sys_pll/vcs/glbl.v
	new file:   adc_ethernet.ip_user_files/sim_scripts/sys_pll/vcs/simulate.do
	new file:   adc_ethernet.ip_user_files/sim_scripts/sys_pll/vcs/sys_pll.sh
	new file:   adc_ethernet.ip_user_files/sim_scripts/sys_pll/xsim/README.txt
	new file:   adc_ethernet.ip_user_files/sim_scripts/sys_pll/xsim/cmd.tcl
	new file:   adc_ethernet.ip_user_files/sim_scripts/sys_pll/xsim/elab.opt
	new file:   adc_ethernet.ip_user_files/sim_scripts/sys_pll/xsim/file_info.txt
	new file:   adc_ethernet.ip_user_files/sim_scripts/sys_pll/xsim/glbl.v
	new file:   adc_ethernet.ip_user_files/sim_scripts/sys_pll/xsim/sys_pll.sh
	new file:   adc_ethernet.ip_user_files/sim_scripts/sys_pll/xsim/vlog.prj
	new file:   adc_ethernet.ip_user_files/sim_scripts/sys_pll/xsim/xsim.ini
	new file:   adc_ethernet.runs/.jobs/vrs_config_1.xml
	new file:   adc_ethernet.runs/.jobs/vrs_config_10.xml
	new file:   adc_ethernet.runs/.jobs/vrs_config_100.xml
	new file:   adc_ethernet.runs/.jobs/vrs_config_101.xml
	new file:   adc_ethernet.runs/.jobs/vrs_config_102.xml
	new file:   adc_ethernet.runs/.jobs/vrs_config_103.xml
	new file:   adc_ethernet.runs/.jobs/vrs_config_104.xml
	new file:   adc_ethernet.runs/.jobs/vrs_config_105.xml
	new file:   adc_ethernet.runs/.jobs/vrs_config_106.xml
	new file:   adc_ethernet.runs/.jobs/vrs_config_107.xml
	new file:   adc_ethernet.runs/.jobs/vrs_config_108.xml
	new file:   adc_ethernet.runs/.jobs/vrs_config_109.xml
	new file:   adc_ethernet.runs/.jobs/vrs_config_11.xml
	new file:   adc_ethernet.runs/.jobs/vrs_config_110.xml
	new file:   adc_ethernet.runs/.jobs/vrs_config_111.xml
	new file:   adc_ethernet.runs/.jobs/vrs_config_112.xml
	new file:   adc_ethernet.runs/.jobs/vrs_config_113.xml
	new file:   adc_ethernet.runs/.jobs/vrs_config_114.xml
	new file:   adc_ethernet.runs/.jobs/vrs_config_115.xml
	new file:   adc_ethernet.runs/.jobs/vrs_config_116.xml
	new file:   adc_ethernet.runs/.jobs/vrs_config_117.xml
	new file:   adc_ethernet.runs/.jobs/vrs_config_118.xml
	new file:   adc_ethernet.runs/.jobs/vrs_config_119.xml
	new file:   adc_ethernet.runs/.jobs/vrs_config_12.xml
	new file:   adc_ethernet.runs/.jobs/vrs_config_13.xml
	new file:   adc_ethernet.runs/.jobs/vrs_config_14.xml
	new file:   adc_ethernet.runs/.jobs/vrs_config_15.xml
	new file:   adc_ethernet.runs/.jobs/vrs_config_16.xml
	new file:   adc_ethernet.runs/.jobs/vrs_config_17.xml
	new file:   adc_ethernet.runs/.jobs/vrs_config_18.xml
	new file:   adc_ethernet.runs/.jobs/vrs_config_19.xml
	new file:   adc_ethernet.runs/.jobs/vrs_config_2.xml
	new file:   adc_ethernet.runs/.jobs/vrs_config_20.xml
	new file:   adc_ethernet.runs/.jobs/vrs_config_21.xml
	new file:   adc_ethernet.runs/.jobs/vrs_config_22.xml
	new file:   adc_ethernet.runs/.jobs/vrs_config_23.xml
	new file:   adc_ethernet.runs/.jobs/vrs_config_24.xml
	new file:   adc_ethernet.runs/.jobs/vrs_config_25.xml
	new file:   adc_ethernet.runs/.jobs/vrs_config_26.xml
	new file:   adc_ethernet.runs/.jobs/vrs_config_27.xml
	new file:   adc_ethernet.runs/.jobs/vrs_config_28.xml
	new file:   adc_ethernet.runs/.jobs/vrs_config_29.xml
	new file:   adc_ethernet.runs/.jobs/vrs_config_3.xml
	new file:   adc_ethernet.runs/.jobs/vrs_config_30.xml
	new file:   adc_ethernet.runs/.jobs/vrs_config_31.xml
	new file:   adc_ethernet.runs/.jobs/vrs_config_32.xml
	new file:   adc_ethernet.runs/.jobs/vrs_config_33.xml
	new file:   adc_ethernet.runs/.jobs/vrs_config_34.xml
	new file:   adc_ethernet.runs/.jobs/vrs_config_35.xml
	new file:   adc_ethernet.runs/.jobs/vrs_config_36.xml
	new file:   adc_ethernet.runs/.jobs/vrs_config_37.xml
	new file:   adc_ethernet.runs/.jobs/vrs_config_38.xml
	new file:   adc_ethernet.runs/.jobs/vrs_config_39.xml
	new file:   adc_ethernet.runs/.jobs/vrs_config_4.xml
	new file:   adc_ethernet.runs/.jobs/vrs_config_40.xml
	new file:   adc_ethernet.runs/.jobs/vrs_config_41.xml
	new file:   adc_ethernet.runs/.jobs/vrs_config_42.xml
	new file:   adc_ethernet.runs/.jobs/vrs_config_43.xml
	new file:   adc_ethernet.runs/.jobs/vrs_config_44.xml
	new file:   adc_ethernet.runs/.jobs/vrs_config_45.xml
	new file:   adc_ethernet.runs/.jobs/vrs_config_46.xml
	new file:   adc_ethernet.runs/.jobs/vrs_config_47.xml
	new file:   adc_ethernet.runs/.jobs/vrs_config_48.xml
	new file:   adc_ethernet.runs/.jobs/vrs_config_49.xml
	new file:   adc_ethernet.runs/.jobs/vrs_config_5.xml
	new file:   adc_ethernet.runs/.jobs/vrs_config_50.xml
	new file:   adc_ethernet.runs/.jobs/vrs_config_51.xml
	new file:   adc_ethernet.runs/.jobs/vrs_config_52.xml
	new file:   adc_ethernet.runs/.jobs/vrs_config_53.xml
	new file:   adc_ethernet.runs/.jobs/vrs_config_54.xml
	new file:   adc_ethernet.runs/.jobs/vrs_config_55.xml
	new file:   adc_ethernet.runs/.jobs/vrs_config_56.xml
	new file:   adc_ethernet.runs/.jobs/vrs_config_57.xml
	new file:   adc_ethernet.runs/.jobs/vrs_config_58.xml
	new file:   adc_ethernet.runs/.jobs/vrs_config_59.xml
	new file:   adc_ethernet.runs/.jobs/vrs_config_6.xml
	new file:   adc_ethernet.runs/.jobs/vrs_config_60.xml
	new file:   adc_ethernet.runs/.jobs/vrs_config_61.xml
	new file:   adc_ethernet.runs/.jobs/vrs_config_62.xml
	new file:   adc_ethernet.runs/.jobs/vrs_config_63.xml
	new file:   adc_ethernet.runs/.jobs/vrs_config_64.xml
	new file:   adc_ethernet.runs/.jobs/vrs_config_65.xml
	new file:   adc_ethernet.runs/.jobs/vrs_config_66.xml
	new file:   adc_ethernet.runs/.jobs/vrs_config_67.xml
	new file:   adc_ethernet.runs/.jobs/vrs_config_68.xml
	new file:   adc_ethernet.runs/.jobs/vrs_config_69.xml
	new file:   adc_ethernet.runs/.jobs/vrs_config_7.xml
	new file:   adc_ethernet.runs/.jobs/vrs_config_70.xml
	new file:   adc_ethernet.runs/.jobs/vrs_config_71.xml
	new file:   adc_ethernet.runs/.jobs/vrs_config_72.xml
	new file:   adc_ethernet.runs/.jobs/vrs_config_73.xml
	new file:   adc_ethernet.runs/.jobs/vrs_config_74.xml
	new file:   adc_ethernet.runs/.jobs/vrs_config_75.xml
	new file:   adc_ethernet.runs/.jobs/vrs_config_76.xml
	new file:   adc_ethernet.runs/.jobs/vrs_config_77.xml
	new file:   adc_ethernet.runs/.jobs/vrs_config_78.xml
	new file:   adc_ethernet.runs/.jobs/vrs_config_79.xml
	new file:   adc_ethernet.runs/.jobs/vrs_config_8.xml
	new file:   adc_ethernet.runs/.jobs/vrs_config_80.xml
	new file:   adc_ethernet.runs/.jobs/vrs_config_81.xml
	new file:   adc_ethernet.runs/.jobs/vrs_config_82.xml
	new file:   adc_ethernet.runs/.jobs/vrs_config_83.xml
	new file:   adc_ethernet.runs/.jobs/vrs_config_84.xml
	new file:   adc_ethernet.runs/.jobs/vrs_config_85.xml
	new file:   adc_ethernet.runs/.jobs/vrs_config_86.xml
	new file:   adc_ethernet.runs/.jobs/vrs_config_87.xml
	new file:   adc_ethernet.runs/.jobs/vrs_config_88.xml
	new file:   adc_ethernet.runs/.jobs/vrs_config_89.xml
	new file:   adc_ethernet.runs/.jobs/vrs_config_9.xml
	new file:   adc_ethernet.runs/.jobs/vrs_config_90.xml
	new file:   adc_ethernet.runs/.jobs/vrs_config_91.xml
	new file:   adc_ethernet.runs/.jobs/vrs_config_92.xml
	new file:   adc_ethernet.runs/.jobs/vrs_config_93.xml
	new file:   adc_ethernet.runs/.jobs/vrs_config_94.xml
	new file:   adc_ethernet.runs/.jobs/vrs_config_95.xml
	new file:   adc_ethernet.runs/.jobs/vrs_config_96.xml
	new file:   adc_ethernet.runs/.jobs/vrs_config_97.xml
	new file:   adc_ethernet.runs/.jobs/vrs_config_98.xml
	new file:   adc_ethernet.runs/.jobs/vrs_config_99.xml
	new file:   adc_ethernet.runs/adc_pll_synth_1/.Vivado_Synthesis.queue.rst
	new file:   adc_ethernet.runs/adc_pll_synth_1/.vivado.begin.rst
	new file:   adc_ethernet.runs/adc_pll_synth_1/.vivado.end.rst
	new file:   adc_ethernet.runs/adc_pll_synth_1/ISEWrap.js
	new file:   adc_ethernet.runs/adc_pll_synth_1/ISEWrap.sh
	new file:   adc_ethernet.runs/adc_pll_synth_1/__synthesis_is_complete__
	new file:   adc_ethernet.runs/adc_pll_synth_1/adc_pll.dcp
	new file:   adc_ethernet.runs/adc_pll_synth_1/adc_pll.tcl
	new file:   adc_ethernet.runs/adc_pll_synth_1/adc_pll.vds
	new file:   adc_ethernet.runs/adc_pll_synth_1/adc_pll_utilization_synth.pb
	new file:   adc_ethernet.runs/adc_pll_synth_1/adc_pll_utilization_synth.rpt
	new file:   adc_ethernet.runs/adc_pll_synth_1/dont_touch.xdc
	new file:   adc_ethernet.runs/adc_pll_synth_1/gen_run.xml
	new file:   adc_ethernet.runs/adc_pll_synth_1/htr.txt
	new file:   adc_ethernet.runs/adc_pll_synth_1/project.wdf
	new file:   adc_ethernet.runs/adc_pll_synth_1/rundef.js
	new file:   adc_ethernet.runs/adc_pll_synth_1/runme.bat
	new file:   adc_ethernet.runs/adc_pll_synth_1/runme.log
	new file:   adc_ethernet.runs/adc_pll_synth_1/runme.sh
	new file:   adc_ethernet.runs/adc_pll_synth_1/vivado.jou
	new file:   adc_ethernet.runs/adc_pll_synth_1/vivado.pb
	new file:   adc_ethernet.runs/afifo_16i_64o_512_synth_1/.Vivado_Synthesis.queue.rst
	new file:   adc_ethernet.runs/afifo_16i_64o_512_synth_1/.Xil/afifo_16i_64o_512_propImpl.xdc
	new file:   adc_ethernet.runs/afifo_16i_64o_512_synth_1/.vivado.begin.rst
	new file:   adc_ethernet.runs/afifo_16i_64o_512_synth_1/.vivado.end.rst
	new file:   adc_ethernet.runs/afifo_16i_64o_512_synth_1/ISEWrap.js
	new file:   adc_ethernet.runs/afifo_16i_64o_512_synth_1/ISEWrap.sh
	new file:   adc_ethernet.runs/afifo_16i_64o_512_synth_1/__synthesis_is_complete__
	new file:   adc_ethernet.runs/afifo_16i_64o_512_synth_1/afifo_16i_64o_512.dcp
	new file:   adc_ethernet.runs/afifo_16i_64o_512_synth_1/afifo_16i_64o_512.tcl
	new file:   adc_ethernet.runs/afifo_16i_64o_512_synth_1/afifo_16i_64o_512.vds
	new file:   adc_ethernet.runs/afifo_16i_64o_512_synth_1/afifo_16i_64o_512_utilization_synth.pb
	new file:   adc_ethernet.runs/afifo_16i_64o_512_synth_1/afifo_16i_64o_512_utilization_synth.rpt
	new file:   adc_ethernet.runs/afifo_16i_64o_512_synth_1/dont_touch.xdc
	new file:   adc_ethernet.runs/afifo_16i_64o_512_synth_1/gen_run.xml
	new file:   adc_ethernet.runs/afifo_16i_64o_512_synth_1/htr.txt
	new file:   adc_ethernet.runs/afifo_16i_64o_512_synth_1/project.wdf
	new file:   adc_ethernet.runs/afifo_16i_64o_512_synth_1/rundef.js
	new file:   adc_ethernet.runs/afifo_16i_64o_512_synth_1/runme.bat
	new file:   adc_ethernet.runs/afifo_16i_64o_512_synth_1/runme.log
	new file:   adc_ethernet.runs/afifo_16i_64o_512_synth_1/runme.sh
	new file:   adc_ethernet.runs/afifo_16i_64o_512_synth_1/vivado.jou
	new file:   adc_ethernet.runs/afifo_16i_64o_512_synth_1/vivado.pb
	new file:   adc_ethernet.runs/afifo_64i_16o_128_synth_1/.Vivado_Synthesis.queue.rst
	new file:   adc_ethernet.runs/afifo_64i_16o_128_synth_1/.Xil/afifo_64i_16o_128_propImpl.xdc
	new file:   adc_ethernet.runs/afifo_64i_16o_128_synth_1/.vivado.begin.rst
	new file:   adc_ethernet.runs/afifo_64i_16o_128_synth_1/.vivado.end.rst
	new file:   adc_ethernet.runs/afifo_64i_16o_128_synth_1/ISEWrap.js
	new file:   adc_ethernet.runs/afifo_64i_16o_128_synth_1/ISEWrap.sh
	new file:   adc_ethernet.runs/afifo_64i_16o_128_synth_1/__synthesis_is_complete__
	new file:   adc_ethernet.runs/afifo_64i_16o_128_synth_1/afifo_64i_16o_128.dcp
	new file:   adc_ethernet.runs/afifo_64i_16o_128_synth_1/afifo_64i_16o_128.tcl
	new file:   adc_ethernet.runs/afifo_64i_16o_128_synth_1/afifo_64i_16o_128.vds
	new file:   adc_ethernet.runs/afifo_64i_16o_128_synth_1/afifo_64i_16o_128_utilization_synth.pb
	new file:   adc_ethernet.runs/afifo_64i_16o_128_synth_1/afifo_64i_16o_128_utilization_synth.rpt
	new file:   adc_ethernet.runs/afifo_64i_16o_128_synth_1/dont_touch.xdc
	new file:   adc_ethernet.runs/afifo_64i_16o_128_synth_1/gen_run.xml
	new file:   adc_ethernet.runs/afifo_64i_16o_128_synth_1/htr.txt
	new file:   adc_ethernet.runs/afifo_64i_16o_128_synth_1/project.wdf
	new file:   adc_ethernet.runs/afifo_64i_16o_128_synth_1/rundef.js
	new file:   adc_ethernet.runs/afifo_64i_16o_128_synth_1/runme.bat
	new file:   adc_ethernet.runs/afifo_64i_16o_128_synth_1/runme.log
	new file:   adc_ethernet.runs/afifo_64i_16o_128_synth_1/runme.sh
	new file:   adc_ethernet.runs/afifo_64i_16o_128_synth_1/vivado.jou
	new file:   adc_ethernet.runs/afifo_64i_16o_128_synth_1/vivado.pb
	new file:   adc_ethernet.runs/cordic_0_synth_1/.Vivado_Synthesis.queue.rst
	new file:   adc_ethernet.runs/cordic_0_synth_1/.vivado.begin.rst
	new file:   adc_ethernet.runs/cordic_0_synth_1/.vivado.end.rst
	new file:   adc_ethernet.runs/cordic_0_synth_1/ISEWrap.js
	new file:   adc_ethernet.runs/cordic_0_synth_1/ISEWrap.sh
	new file:   adc_ethernet.runs/cordic_0_synth_1/__synthesis_is_complete__
	new file:   adc_ethernet.runs/cordic_0_synth_1/cordic_0.dcp
	new file:   adc_ethernet.runs/cordic_0_synth_1/cordic_0.tcl
	new file:   adc_ethernet.runs/cordic_0_synth_1/cordic_0.vds
	new file:   adc_ethernet.runs/cordic_0_synth_1/cordic_0_utilization_synth.pb
	new file:   adc_ethernet.runs/cordic_0_synth_1/cordic_0_utilization_synth.rpt
	new file:   adc_ethernet.runs/cordic_0_synth_1/dont_touch.xdc
	new file:   adc_ethernet.runs/cordic_0_synth_1/gen_run.xml
	new file:   adc_ethernet.runs/cordic_0_synth_1/htr.txt
	new file:   adc_ethernet.runs/cordic_0_synth_1/project.wdf
	new file:   adc_ethernet.runs/cordic_0_synth_1/rundef.js
	new file:   adc_ethernet.runs/cordic_0_synth_1/runme.bat
	new file:   adc_ethernet.runs/cordic_0_synth_1/runme.log
	new file:   adc_ethernet.runs/cordic_0_synth_1/runme.sh
	new file:   adc_ethernet.runs/cordic_0_synth_1/vivado.jou
	new file:   adc_ethernet.runs/cordic_0_synth_1/vivado.pb
	new file:   adc_ethernet.runs/ddr3_synth_1/.Vivado_Synthesis.queue.rst
	new file:   adc_ethernet.runs/ddr3_synth_1/.Xil/ddr3_propImpl.xdc
	new file:   adc_ethernet.runs/ddr3_synth_1/.vivado.begin.rst
	new file:   adc_ethernet.runs/ddr3_synth_1/.vivado.end.rst
	new file:   adc_ethernet.runs/ddr3_synth_1/ISEWrap.js
	new file:   adc_ethernet.runs/ddr3_synth_1/ISEWrap.sh
	new file:   adc_ethernet.runs/ddr3_synth_1/ddr3.dcp
	new file:   adc_ethernet.runs/ddr3_synth_1/ddr3.tcl
	new file:   adc_ethernet.runs/ddr3_synth_1/ddr3.vds
	new file:   adc_ethernet.runs/ddr3_synth_1/ddr3_utilization_synth.pb
	new file:   adc_ethernet.runs/ddr3_synth_1/ddr3_utilization_synth.rpt
	new file:   adc_ethernet.runs/ddr3_synth_1/fsm_encoding.os
	new file:   adc_ethernet.runs/ddr3_synth_1/gen_run.xml
	new file:   adc_ethernet.runs/ddr3_synth_1/htr.txt
	new file:   adc_ethernet.runs/ddr3_synth_1/project.wdf
	new file:   adc_ethernet.runs/ddr3_synth_1/rundef.js
	new file:   adc_ethernet.runs/ddr3_synth_1/runme.bat
	new file:   adc_ethernet.runs/ddr3_synth_1/runme.log
	new file:   adc_ethernet.runs/ddr3_synth_1/runme.sh
	new file:   adc_ethernet.runs/ddr3_synth_1/vivado.jou
	new file:   adc_ethernet.runs/ddr3_synth_1/vivado.pb
	new file:   adc_ethernet.runs/fft_ls_synth_1/.Vivado_Synthesis.queue.rst
	new file:   adc_ethernet.runs/fft_ls_synth_1/.vivado.begin.rst
	new file:   adc_ethernet.runs/fft_ls_synth_1/.vivado.end.rst
	new file:   adc_ethernet.runs/fft_ls_synth_1/ISEWrap.js
	new file:   adc_ethernet.runs/fft_ls_synth_1/ISEWrap.sh
	new file:   adc_ethernet.runs/fft_ls_synth_1/__synthesis_is_complete__
	new file:   adc_ethernet.runs/fft_ls_synth_1/dont_touch.xdc
	new file:   adc_ethernet.runs/fft_ls_synth_1/fft_ls.dcp
	new file:   adc_ethernet.runs/fft_ls_synth_1/fft_ls.tcl
	new file:   adc_ethernet.runs/fft_ls_synth_1/fft_ls.vds
	new file:   adc_ethernet.runs/fft_ls_synth_1/fft_ls_utilization_synth.pb
	new file:   adc_ethernet.runs/fft_ls_synth_1/fft_ls_utilization_synth.rpt
	new file:   adc_ethernet.runs/fft_ls_synth_1/gen_run.xml
	new file:   adc_ethernet.runs/fft_ls_synth_1/htr.txt
	new file:   adc_ethernet.runs/fft_ls_synth_1/project.wdf
	new file:   adc_ethernet.runs/fft_ls_synth_1/rundef.js
	new file:   adc_ethernet.runs/fft_ls_synth_1/runme.bat
	new file:   adc_ethernet.runs/fft_ls_synth_1/runme.log
	new file:   adc_ethernet.runs/fft_ls_synth_1/runme.sh
	new file:   adc_ethernet.runs/fft_ls_synth_1/vivado.jou
	new file:   adc_ethernet.runs/fft_ls_synth_1/vivado.pb
	new file:   adc_ethernet.runs/my_cordic_1_synth_1/.Vivado_Synthesis.queue.rst
	new file:   adc_ethernet.runs/my_cordic_1_synth_1/.vivado.begin.rst
	new file:   adc_ethernet.runs/my_cordic_1_synth_1/.vivado.end.rst
	new file:   adc_ethernet.runs/my_cordic_1_synth_1/ISEWrap.js
	new file:   adc_ethernet.runs/my_cordic_1_synth_1/ISEWrap.sh
	new file:   adc_ethernet.runs/my_cordic_1_synth_1/__synthesis_is_complete__
	new file:   adc_ethernet.runs/my_cordic_1_synth_1/dont_touch.xdc
	new file:   adc_ethernet.runs/my_cordic_1_synth_1/gen_run.xml
	new file:   adc_ethernet.runs/my_cordic_1_synth_1/htr.txt
	new file:   adc_ethernet.runs/my_cordic_1_synth_1/my_cordic_1.dcp
	new file:   adc_ethernet.runs/my_cordic_1_synth_1/my_cordic_1.tcl
	new file:   adc_ethernet.runs/my_cordic_1_synth_1/my_cordic_1.vds
	new file:   adc_ethernet.runs/my_cordic_1_synth_1/my_cordic_1_utilization_synth.pb
	new file:   adc_ethernet.runs/my_cordic_1_synth_1/my_cordic_1_utilization_synth.rpt
	new file:   adc_ethernet.runs/my_cordic_1_synth_1/project.wdf
	new file:   adc_ethernet.runs/my_cordic_1_synth_1/rundef.js
	new file:   adc_ethernet.runs/my_cordic_1_synth_1/runme.bat
	new file:   adc_ethernet.runs/my_cordic_1_synth_1/runme.log
	new file:   adc_ethernet.runs/my_cordic_1_synth_1/runme.sh
	new file:   adc_ethernet.runs/my_cordic_1_synth_1/vivado.jou
	new file:   adc_ethernet.runs/my_cordic_1_synth_1/vivado.pb
	new file:   adc_ethernet.srcs/constrs_1/new/adc_ethernet.xdc
	new file:   adc_ethernet.srcs/sources_1/ad/ad7606_if.v
	new file:   adc_ethernet.srcs/sources_1/ad/ad7606_sample.v
	new file:   adc_ethernet.srcs/sources_1/ad/ad9280_sample.v
	new file:   adc_ethernet.srcs/sources_1/aq_axi_master.v
	new file:   adc_ethernet.srcs/sources_1/cmos_8_16bit.v
	new file:   adc_ethernet.srcs/sources_1/cmos_write_req_gen.v
	new file:   adc_ethernet.srcs/sources_1/color_bar.v
	new file:   adc_ethernet.srcs/sources_1/frame_fifo_read.v
	new file:   adc_ethernet.srcs/sources_1/frame_fifo_write.v
	new file:   adc_ethernet.srcs/sources_1/frame_read_write.v
	new file:   adc_ethernet.srcs/sources_1/i2c_master/i2c_config.v
	new file:   adc_ethernet.srcs/sources_1/i2c_master/i2c_master_bit_ctrl.v
	new file:   adc_ethernet.srcs/sources_1/i2c_master/i2c_master_byte_ctrl.v
	new file:   adc_ethernet.srcs/sources_1/i2c_master/i2c_master_defines.v
	new file:   adc_ethernet.srcs/sources_1/i2c_master/i2c_master_top.v
	new file:   adc_ethernet.srcs/sources_1/i2c_master/timescale.v
	new file:   adc_ethernet.srcs/sources_1/ip/adc_pll/adc_pll.dcp
	new file:   adc_ethernet.srcs/sources_1/ip/adc_pll/adc_pll.v
	new file:   adc_ethernet.srcs/sources_1/ip/adc_pll/adc_pll.veo
	new file:   adc_ethernet.srcs/sources_1/ip/adc_pll/adc_pll.xci
	new file:   adc_ethernet.srcs/sources_1/ip/adc_pll/adc_pll.xdc
	new file:   adc_ethernet.srcs/sources_1/ip/adc_pll/adc_pll.xml
	new file:   adc_ethernet.srcs/sources_1/ip/adc_pll/adc_pll_board.xdc
	new file:   adc_ethernet.srcs/sources_1/ip/adc_pll/adc_pll_clk_wiz.v
	new file:   adc_ethernet.srcs/sources_1/ip/adc_pll/adc_pll_late.xdc
	new file:   adc_ethernet.srcs/sources_1/ip/adc_pll/adc_pll_ooc.xdc
	new file:   adc_ethernet.srcs/sources_1/ip/adc_pll/adc_pll_sim_netlist.v
	new file:   adc_ethernet.srcs/sources_1/ip/adc_pll/adc_pll_sim_netlist.vhdl
	new file:   adc_ethernet.srcs/sources_1/ip/adc_pll/adc_pll_stub.v
	new file:   adc_ethernet.srcs/sources_1/ip/adc_pll/adc_pll_stub.vhdl
	new file:   adc_ethernet.srcs/sources_1/ip/adc_pll/doc/clk_wiz_v6_0_changelog.txt
	new file:   adc_ethernet.srcs/sources_1/ip/adc_pll/mmcm_pll_drp_func_7s_mmcm.vh
	new file:   adc_ethernet.srcs/sources_1/ip/adc_pll/mmcm_pll_drp_func_7s_pll.vh
	new file:   adc_ethernet.srcs/sources_1/ip/adc_pll/mmcm_pll_drp_func_us_mmcm.vh
	new file:   adc_ethernet.srcs/sources_1/ip/adc_pll/mmcm_pll_drp_func_us_pll.vh
	new file:   adc_ethernet.srcs/sources_1/ip/adc_pll/mmcm_pll_drp_func_us_plus_mmcm.vh
	new file:   adc_ethernet.srcs/sources_1/ip/adc_pll/mmcm_pll_drp_func_us_plus_pll.vh
	new file:   adc_ethernet.srcs/sources_1/ip/afifo_16i_64o_512/afifo_16i_64o_512.dcp
	new file:   adc_ethernet.srcs/sources_1/ip/afifo_16i_64o_512/afifo_16i_64o_512.veo
	new file:   adc_ethernet.srcs/sources_1/ip/afifo_16i_64o_512/afifo_16i_64o_512.vho
	new file:   adc_ethernet.srcs/sources_1/ip/afifo_16i_64o_512/afifo_16i_64o_512.xci
	new file:   adc_ethernet.srcs/sources_1/ip/afifo_16i_64o_512/afifo_16i_64o_512.xdc
	new file:   adc_ethernet.srcs/sources_1/ip/afifo_16i_64o_512/afifo_16i_64o_512.xml
	new file:   adc_ethernet.srcs/sources_1/ip/afifo_16i_64o_512/afifo_16i_64o_512_clocks.xdc
	new file:   adc_ethernet.srcs/sources_1/ip/afifo_16i_64o_512/afifo_16i_64o_512_ooc.xdc
	new file:   adc_ethernet.srcs/sources_1/ip/afifo_16i_64o_512/afifo_16i_64o_512_sim_netlist.v
	new file:   adc_ethernet.srcs/sources_1/ip/afifo_16i_64o_512/afifo_16i_64o_512_sim_netlist.vhdl
	new file:   adc_ethernet.srcs/sources_1/ip/afifo_16i_64o_512/afifo_16i_64o_512_stub.v
	new file:   adc_ethernet.srcs/sources_1/ip/afifo_16i_64o_512/afifo_16i_64o_512_stub.vhdl
	new file:   adc_ethernet.srcs/sources_1/ip/afifo_16i_64o_512/doc/fifo_generator_v13_2_changelog.txt
	new file:   adc_ethernet.srcs/sources_1/ip/afifo_16i_64o_512/hdl/blk_mem_gen_v8_4_vhsyn_rfs.vhd
	new file:   adc_ethernet.srcs/sources_1/ip/afifo_16i_64o_512/hdl/fifo_generator_v13_2_rfs.v
	new file:   adc_ethernet.srcs/sources_1/ip/afifo_16i_64o_512/hdl/fifo_generator_v13_2_rfs.vhd
	new file:   adc_ethernet.srcs/sources_1/ip/afifo_16i_64o_512/hdl/fifo_generator_v13_2_vhsyn_rfs.vhd
	new file:   adc_ethernet.srcs/sources_1/ip/afifo_16i_64o_512/sim/afifo_16i_64o_512.v
	new file:   adc_ethernet.srcs/sources_1/ip/afifo_16i_64o_512/simulation/fifo_generator_vlog_beh.v
	new file:   adc_ethernet.srcs/sources_1/ip/afifo_16i_64o_512/synth/afifo_16i_64o_512.vhd
	new file:   adc_ethernet.srcs/sources_1/ip/afifo_64i_16o_128/afifo_64i_16o_128.dcp
	new file:   adc_ethernet.srcs/sources_1/ip/afifo_64i_16o_128/afifo_64i_16o_128.veo
	new file:   adc_ethernet.srcs/sources_1/ip/afifo_64i_16o_128/afifo_64i_16o_128.vho
	new file:   adc_ethernet.srcs/sources_1/ip/afifo_64i_16o_128/afifo_64i_16o_128.xci
	new file:   adc_ethernet.srcs/sources_1/ip/afifo_64i_16o_128/afifo_64i_16o_128.xdc
	new file:   adc_ethernet.srcs/sources_1/ip/afifo_64i_16o_128/afifo_64i_16o_128.xml
	new file:   adc_ethernet.srcs/sources_1/ip/afifo_64i_16o_128/afifo_64i_16o_128_clocks.xdc
	new file:   adc_ethernet.srcs/sources_1/ip/afifo_64i_16o_128/afifo_64i_16o_128_ooc.xdc
	new file:   adc_ethernet.srcs/sources_1/ip/afifo_64i_16o_128/afifo_64i_16o_128_sim_netlist.v
	new file:   adc_ethernet.srcs/sources_1/ip/afifo_64i_16o_128/afifo_64i_16o_128_sim_netlist.vhdl
	new file:   adc_ethernet.srcs/sources_1/ip/afifo_64i_16o_128/afifo_64i_16o_128_stub.v
	new file:   adc_ethernet.srcs/sources_1/ip/afifo_64i_16o_128/afifo_64i_16o_128_stub.vhdl
	new file:   adc_ethernet.srcs/sources_1/ip/afifo_64i_16o_128/doc/fifo_generator_v13_2_changelog.txt
	new file:   adc_ethernet.srcs/sources_1/ip/afifo_64i_16o_128/hdl/blk_mem_gen_v8_4_vhsyn_rfs.vhd
	new file:   adc_ethernet.srcs/sources_1/ip/afifo_64i_16o_128/hdl/fifo_generator_v13_2_rfs.v
	new file:   adc_ethernet.srcs/sources_1/ip/afifo_64i_16o_128/hdl/fifo_generator_v13_2_rfs.vhd
	new file:   adc_ethernet.srcs/sources_1/ip/afifo_64i_16o_128/hdl/fifo_generator_v13_2_vhsyn_rfs.vhd
	new file:   adc_ethernet.srcs/sources_1/ip/afifo_64i_16o_128/sim/afifo_64i_16o_128.v
	new file:   adc_ethernet.srcs/sources_1/ip/afifo_64i_16o_128/simulation/fifo_generator_vlog_beh.v
	new file:   adc_ethernet.srcs/sources_1/ip/afifo_64i_16o_128/synth/afifo_64i_16o_128.vhd
	new file:   adc_ethernet.srcs/sources_1/ip/cordic_0/cmodel/cordic_v6_0_bitacc_cmodel_lin64.zip
	new file:   adc_ethernet.srcs/sources_1/ip/cordic_0/cmodel/cordic_v6_0_bitacc_cmodel_nt64.zip
	new file:   adc_ethernet.srcs/sources_1/ip/cordic_0/cordic_0.dcp
	new file:   adc_ethernet.srcs/sources_1/ip/cordic_0/cordic_0.veo
	new file:   adc_ethernet.srcs/sources_1/ip/cordic_0/cordic_0.vho
	new file:   adc_ethernet.srcs/sources_1/ip/cordic_0/cordic_0.xci
	new file:   adc_ethernet.srcs/sources_1/ip/cordic_0/cordic_0.xml
	new file:   adc_ethernet.srcs/sources_1/ip/cordic_0/cordic_0_ooc.xdc
	new file:   adc_ethernet.srcs/sources_1/ip/cordic_0/cordic_0_sim_netlist.v
	new file:   adc_ethernet.srcs/sources_1/ip/cordic_0/cordic_0_sim_netlist.vhdl
	new file:   adc_ethernet.srcs/sources_1/ip/cordic_0/cordic_0_stub.v
	new file:   adc_ethernet.srcs/sources_1/ip/cordic_0/cordic_0_stub.vhdl
	new file:   adc_ethernet.srcs/sources_1/ip/cordic_0/demo_tb/tb_cordic_0.vhd
	new file:   adc_ethernet.srcs/sources_1/ip/cordic_0/doc/cordic_v6_0_changelog.txt
	new file:   adc_ethernet.srcs/sources_1/ip/cordic_0/hdl/axi_utils_v2_0_vh_rfs.vhd
	new file:   adc_ethernet.srcs/sources_1/ip/cordic_0/hdl/c_addsub_v12_0_vh_rfs.vhd
	new file:   adc_ethernet.srcs/sources_1/ip/cordic_0/hdl/c_reg_fd_v12_0_vh_rfs.vhd
	new file:   adc_ethernet.srcs/sources_1/ip/cordic_0/hdl/cordic_v6_0_vh_rfs.vhd
	new file:   adc_ethernet.srcs/sources_1/ip/cordic_0/hdl/mult_gen_v12_0_vh_rfs.vhd
	new file:   adc_ethernet.srcs/sources_1/ip/cordic_0/hdl/xbip_addsub_v3_0_vh_rfs.vhd
	new file:   adc_ethernet.srcs/sources_1/ip/cordic_0/hdl/xbip_bram18k_v3_0_vh_rfs.vhd
	new file:   adc_ethernet.srcs/sources_1/ip/cordic_0/hdl/xbip_dsp48_addsub_v3_0_vh_rfs.vhd
	new file:   adc_ethernet.srcs/sources_1/ip/cordic_0/hdl/xbip_dsp48_wrapper_v3_0_vh_rfs.vhd
	new file:   adc_ethernet.srcs/sources_1/ip/cordic_0/hdl/xbip_pipe_v3_0_vh_rfs.vhd
	new file:   adc_ethernet.srcs/sources_1/ip/cordic_0/hdl/xbip_utils_v3_0_vh_rfs.vhd
	new file:   adc_ethernet.srcs/sources_1/ip/cordic_0/sim/cordic_0.vhd
	new file:   adc_ethernet.srcs/sources_1/ip/cordic_0/synth/cordic_0.vhd
	new file:   adc_ethernet.srcs/sources_1/ip/ddr3/ddr3.dcp
	new file:   adc_ethernet.srcs/sources_1/ip/ddr3/ddr3.veo
	new file:   adc_ethernet.srcs/sources_1/ip/ddr3/ddr3.xci
	new file:   adc_ethernet.srcs/sources_1/ip/ddr3/ddr3.xml
	new file:   adc_ethernet.srcs/sources_1/ip/ddr3/ddr3/datasheet.txt
	new file:   adc_ethernet.srcs/sources_1/ip/ddr3/ddr3/ddr3.dcp
	new file:   adc_ethernet.srcs/sources_1/ip/ddr3/ddr3/ddr3.veo
	new file:   adc_ethernet.srcs/sources_1/ip/ddr3/ddr3/ddr3.xci
	new file:   adc_ethernet.srcs/sources_1/ip/ddr3/ddr3/ddr3.xml
	new file:   adc_ethernet.srcs/sources_1/ip/ddr3/ddr3/ddr3_sim_netlist.v
	new file:   adc_ethernet.srcs/sources_1/ip/ddr3/ddr3/ddr3_sim_netlist.vhdl
	new file:   adc_ethernet.srcs/sources_1/ip/ddr3/ddr3/ddr3_stub.v
	new file:   adc_ethernet.srcs/sources_1/ip/ddr3/ddr3/ddr3_stub.vhdl
	new file:   adc_ethernet.srcs/sources_1/ip/ddr3/ddr3/ddr3_xmdf.tcl
	new file:   adc_ethernet.srcs/sources_1/ip/ddr3/ddr3/docs/phy_only_support_readme.txt
	new file:   adc_ethernet.srcs/sources_1/ip/ddr3/ddr3/example_design/par/example_top.xdc
	new file:   adc_ethernet.srcs/sources_1/ip/ddr3/ddr3/example_design/par/readme.txt
	new file:   adc_ethernet.srcs/sources_1/ip/ddr3/ddr3/example_design/rtl/example_top.v
	new file:   adc_ethernet.srcs/sources_1/ip/ddr3/ddr3/example_design/rtl/traffic_gen/mig_7series_v4_2_afifo.v
	new file:   adc_ethernet.srcs/sources_1/ip/ddr3/ddr3/example_design/rtl/traffic_gen/mig_7series_v4_2_axi4_tg.v
	new file:   adc_ethernet.srcs/sources_1/ip/ddr3/ddr3/example_design/rtl/traffic_gen/mig_7series_v4_2_axi4_wrapper.v
	new file:   adc_ethernet.srcs/sources_1/ip/ddr3/ddr3/example_design/rtl/traffic_gen/mig_7series_v4_2_cmd_gen.v
	new file:   adc_ethernet.srcs/sources_1/ip/ddr3/ddr3/example_design/rtl/traffic_gen/mig_7series_v4_2_cmd_prbs_gen.v
	new file:   adc_ethernet.srcs/sources_1/ip/ddr3/ddr3/example_design/rtl/traffic_gen/mig_7series_v4_2_cmd_prbs_gen_axi.v
	new file:   adc_ethernet.srcs/sources_1/ip/ddr3/ddr3/example_design/rtl/traffic_gen/mig_7series_v4_2_data_gen_chk.v
	new file:   adc_ethernet.srcs/sources_1/ip/ddr3/ddr3/example_design/rtl/traffic_gen/mig_7series_v4_2_data_prbs_gen.v
	new file:   adc_ethernet.srcs/sources_1/ip/ddr3/ddr3/example_design/rtl/traffic_gen/mig_7series_v4_2_init_mem_pattern_ctr.v
	new file:   adc_ethernet.srcs/sources_1/ip/ddr3/ddr3/example_design/rtl/traffic_gen/mig_7series_v4_2_memc_flow_vcontrol.v
	new file:   adc_ethernet.srcs/sources_1/ip/ddr3/ddr3/example_design/rtl/traffic_gen/mig_7series_v4_2_memc_traffic_gen.v
	new file:   adc_ethernet.srcs/sources_1/ip/ddr3/ddr3/example_design/rtl/traffic_gen/mig_7series_v4_2_rd_data_gen.v
	new file:   adc_ethernet.srcs/sources_1/ip/ddr3/ddr3/example_design/rtl/traffic_gen/mig_7series_v4_2_read_data_path.v
	new file:   adc_ethernet.srcs/sources_1/ip/ddr3/ddr3/example_design/rtl/traffic_gen/mig_7series_v4_2_read_posted_fifo.v
	new file:   adc_ethernet.srcs/sources_1/ip/ddr3/ddr3/example_design/rtl/traffic_gen/mig_7series_v4_2_s7ven_data_gen.v
	new file:   adc_ethernet.srcs/sources_1/ip/ddr3/ddr3/example_design/rtl/traffic_gen/mig_7series_v4_2_tg.v
	new file:   adc_ethernet.srcs/sources_1/ip/ddr3/ddr3/example_design/rtl/traffic_gen/mig_7series_v4_2_tg_prbs_gen.v
	new file:   adc_ethernet.srcs/sources_1/ip/ddr3/ddr3/example_design/rtl/traffic_gen/mig_7series_v4_2_tg_status.v
	new file:   adc_ethernet.srcs/sources_1/ip/ddr3/ddr3/example_design/rtl/traffic_gen/mig_7series_v4_2_traffic_gen_top.v
	new file:   adc_ethernet.srcs/sources_1/ip/ddr3/ddr3/example_design/rtl/traffic_gen/mig_7series_v4_2_vio_init_pattern_bram.v
	new file:   adc_ethernet.srcs/sources_1/ip/ddr3/ddr3/example_design/rtl/traffic_gen/mig_7series_v4_2_wr_data_gen.v
	new file:   adc_ethernet.srcs/sources_1/ip/ddr3/ddr3/example_design/rtl/traffic_gen/mig_7series_v4_2_write_data_path.v
	new file:   adc_ethernet.srcs/sources_1/ip/ddr3/ddr3/example_design/sim/ddr3_model.sv
	new file:   adc_ethernet.srcs/sources_1/ip/ddr3/ddr3/example_design/sim/ddr3_model_parameters.vh
	new file:   adc_ethernet.srcs/sources_1/ip/ddr3/ddr3/example_design/sim/ies_run.sh
	new file:   adc_ethernet.srcs/sources_1/ip/ddr3/ddr3/example_design/sim/readme.txt
	new file:   adc_ethernet.srcs/sources_1/ip/ddr3/ddr3/example_design/sim/sim.do
	new file:   adc_ethernet.srcs/sources_1/ip/ddr3/ddr3/example_design/sim/sim_tb_top.v
	new file:   adc_ethernet.srcs/sources_1/ip/ddr3/ddr3/example_design/sim/vcs_run.sh
	new file:   adc_ethernet.srcs/sources_1/ip/ddr3/ddr3/example_design/sim/wiredly.v
	new file:   adc_ethernet.srcs/sources_1/ip/ddr3/ddr3/example_design/sim/xsim_files.prj
	new file:   adc_ethernet.srcs/sources_1/ip/ddr3/ddr3/example_design/sim/xsim_options.tcl
	new file:   adc_ethernet.srcs/sources_1/ip/ddr3/ddr3/example_design/sim/xsim_run.bat
	new file:   adc_ethernet.srcs/sources_1/ip/ddr3/ddr3/mig.prj
	new file:   adc_ethernet.srcs/sources_1/ip/ddr3/ddr3/mig_a.prj
	new file:   adc_ethernet.srcs/sources_1/ip/ddr3/ddr3/mig_b.prj
	new file:   adc_ethernet.srcs/sources_1/ip/ddr3/ddr3/tcl.log
	new file:   adc_ethernet.srcs/sources_1/ip/ddr3/ddr3/user_design/constraints/ddr3.xdc
	new file:   adc_ethernet.srcs/sources_1/ip/ddr3/ddr3/user_design/constraints/ddr3_ooc.xdc
	new file:   adc_ethernet.srcs/sources_1/ip/ddr3/ddr3/user_design/rtl/axi/mig_7series_v4_2_axi_ctrl_addr_decode.v
	new file:   adc_ethernet.srcs/sources_1/ip/ddr3/ddr3/user_design/rtl/axi/mig_7series_v4_2_axi_ctrl_read.v
	new file:   adc_ethernet.srcs/sources_1/ip/ddr3/ddr3/user_design/rtl/axi/mig_7series_v4_2_axi_ctrl_reg.v
	new file:   adc_ethernet.srcs/sources_1/ip/ddr3/ddr3/user_design/rtl/axi/mig_7series_v4_2_axi_ctrl_reg_bank.v
	new file:   adc_ethernet.srcs/sources_1/ip/ddr3/ddr3/user_design/rtl/axi/mig_7series_v4_2_axi_ctrl_top.v
	new file:   adc_ethernet.srcs/sources_1/ip/ddr3/ddr3/user_design/rtl/axi/mig_7series_v4_2_axi_ctrl_write.v
	new file:   adc_ethernet.srcs/sources_1/ip/ddr3/ddr3/user_design/rtl/axi/mig_7series_v4_2_axi_mc.v
	new file:   adc_ethernet.srcs/sources_1/ip/ddr3/ddr3/user_design/rtl/axi/mig_7series_v4_2_axi_mc_ar_channel.v
	new file:   adc_ethernet.srcs/sources_1/ip/ddr3/ddr3/user_design/rtl/axi/mig_7series_v4_2_axi_mc_aw_channel.v
	new file:   adc_ethernet.srcs/sources_1/ip/ddr3/ddr3/user_design/rtl/axi/mig_7series_v4_2_axi_mc_b_channel.v
	new file:   adc_ethernet.srcs/sources_1/ip/ddr3/ddr3/user_design/rtl/axi/mig_7series_v4_2_axi_mc_cmd_arbiter.v
	new file:   adc_ethernet.srcs/sources_1/ip/ddr3/ddr3/user_design/rtl/axi/mig_7series_v4_2_axi_mc_cmd_fsm.v
	new file:   adc_ethernet.srcs/sources_1/ip/ddr3/ddr3/user_design/rtl/axi/mig_7series_v4_2_axi_mc_cmd_translator.v
	new file:   adc_ethernet.srcs/sources_1/ip/ddr3/ddr3/user_design/rtl/axi/mig_7series_v4_2_axi_mc_fifo.v
	new file:   adc_ethernet.srcs/sources_1/ip/ddr3/ddr3/user_design/rtl/axi/mig_7series_v4_2_axi_mc_incr_cmd.v
	new file:   adc_ethernet.srcs/sources_1/ip/ddr3/ddr3/user_design/rtl/axi/mig_7series_v4_2_axi_mc_r_channel.v
	new file:   adc_ethernet.srcs/sources_1/ip/ddr3/ddr3/user_design/rtl/axi/mig_7series_v4_2_axi_mc_simple_fifo.v
	new file:   adc_ethernet.srcs/sources_1/ip/ddr3/ddr3/user_design/rtl/axi/mig_7series_v4_2_axi_mc_w_channel.v
	new file:   adc_ethernet.srcs/sources_1/ip/ddr3/ddr3/user_design/rtl/axi/mig_7series_v4_2_axi_mc_wr_cmd_fsm.v
	new file:   adc_ethernet.srcs/sources_1/ip/ddr3/ddr3/user_design/rtl/axi/mig_7series_v4_2_axi_mc_wrap_cmd.v
	new file:   adc_ethernet.srcs/sources_1/ip/ddr3/ddr3/user_design/rtl/axi/mig_7series_v4_2_ddr_a_upsizer.v
	new file:   adc_ethernet.srcs/sources_1/ip/ddr3/ddr3/user_design/rtl/axi/mig_7series_v4_2_ddr_axi_register_slice.v
	new file:   adc_ethernet.srcs/sources_1/ip/ddr3/ddr3/user_design/rtl/axi/mig_7series_v4_2_ddr_axi_upsizer.v
	new file:   adc_ethernet.srcs/sources_1/ip/ddr3/ddr3/user_design/rtl/axi/mig_7series_v4_2_ddr_axic_register_slice.v
	new file:   adc_ethernet.srcs/sources_1/ip/ddr3/ddr3/user_design/rtl/axi/mig_7series_v4_2_ddr_carry_and.v
	new file:   adc_ethernet.srcs/sources_1/ip/ddr3/ddr3/user_design/rtl/axi/mig_7series_v4_2_ddr_carry_latch_and.v
	new file:   adc_ethernet.srcs/sources_1/ip/ddr3/ddr3/user_design/rtl/axi/mig_7series_v4_2_ddr_carry_latch_or.v
	new file:   adc_ethernet.srcs/sources_1/ip/ddr3/ddr3/user_design/rtl/axi/mig_7series_v4_2_ddr_carry_or.v
	new file:   adc_ethernet.srcs/sources_1/ip/ddr3/ddr3/user_design/rtl/axi/mig_7series_v4_2_ddr_command_fifo.v
	new file:   adc_ethernet.srcs/sources_1/ip/ddr3/ddr3/user_design/rtl/axi/mig_7series_v4_2_ddr_comparator.v
	new file:   adc_ethernet.srcs/sources_1/ip/ddr3/ddr3/user_design/rtl/axi/mig_7series_v4_2_ddr_comparator_sel.v
	new file:   adc_ethernet.srcs/sources_1/ip/ddr3/ddr3/user_design/rtl/axi/mig_7series_v4_2_ddr_comparator_sel_static.v
	new file:   adc_ethernet.srcs/sources_1/ip/ddr3/ddr3/user_design/rtl/axi/mig_7series_v4_2_ddr_r_upsizer.v
	new file:   adc_ethernet.srcs/sources_1/ip/ddr3/ddr3/user_design/rtl/axi/mig_7series_v4_2_ddr_w_upsizer.v
	new file:   adc_ethernet.srcs/sources_1/ip/ddr3/ddr3/user_design/rtl/clocking/mig_7series_v4_2_clk_ibuf.v
	new file:   adc_ethernet.srcs/sources_1/ip/ddr3/ddr3/user_design/rtl/clocking/mig_7series_v4_2_infrastructure.v
	new file:   adc_ethernet.srcs/sources_1/ip/ddr3/ddr3/user_design/rtl/clocking/mig_7series_v4_2_iodelay_ctrl.v
	new file:   adc_ethernet.srcs/sources_1/ip/ddr3/ddr3/user_design/rtl/clocking/mig_7series_v4_2_tempmon.v
	new file:   adc_ethernet.srcs/sources_1/ip/ddr3/ddr3/user_design/rtl/controller/mig_7series_v4_2_arb_mux.v
	new file:   adc_ethernet.srcs/sources_1/ip/ddr3/ddr3/user_design/rtl/controller/mig_7series_v4_2_arb_row_col.v
	new file:   adc_ethernet.srcs/sources_1/ip/ddr3/ddr3/user_design/rtl/controller/mig_7series_v4_2_arb_select.v
	new file:   adc_ethernet.srcs/sources_1/ip/ddr3/ddr3/user_design/rtl/controller/mig_7series_v4_2_bank_cntrl.v
	new file:   adc_ethernet.srcs/sources_1/ip/ddr3/ddr3/user_design/rtl/controller/mig_7series_v4_2_bank_common.v
	new file:   adc_ethernet.srcs/sources_1/ip/ddr3/ddr3/user_design/rtl/controller/mig_7series_v4_2_bank_compare.v
	new file:   adc_ethernet.srcs/sources_1/ip/ddr3/ddr3/user_design/rtl/controller/mig_7series_v4_2_bank_mach.v
	new file:   adc_ethernet.srcs/sources_1/ip/ddr3/ddr3/user_design/rtl/controller/mig_7series_v4_2_bank_queue.v
	new file:   adc_ethernet.srcs/sources_1/ip/ddr3/ddr3/user_design/rtl/controller/mig_7series_v4_2_bank_state.v
	new file:   adc_ethernet.srcs/sources_1/ip/ddr3/ddr3/user_design/rtl/controller/mig_7series_v4_2_col_mach.v
	new file:   adc_ethernet.srcs/sources_1/ip/ddr3/ddr3/user_design/rtl/controller/mig_7series_v4_2_mc.v
	new file:   adc_ethernet.srcs/sources_1/ip/ddr3/ddr3/user_design/rtl/controller/mig_7series_v4_2_rank_cntrl.v
	new file:   adc_ethernet.srcs/sources_1/ip/ddr3/ddr3/user_design/rtl/controller/mig_7series_v4_2_rank_common.v
	new file:   adc_ethernet.srcs/sources_1/ip/ddr3/ddr3/user_design/rtl/controller/mig_7series_v4_2_rank_mach.v
	new file:   adc_ethernet.srcs/sources_1/ip/ddr3/ddr3/user_design/rtl/controller/mig_7series_v4_2_round_robin_arb.v
	new file:   adc_ethernet.srcs/sources_1/ip/ddr3/ddr3/user_design/rtl/ddr3.v
	new file:   adc_ethernet.srcs/sources_1/ip/ddr3/ddr3/user_design/rtl/ddr3_mig.v
	new file:   adc_ethernet.srcs/sources_1/ip/ddr3/ddr3/user_design/rtl/ddr3_mig_sim.v
	new file:   adc_ethernet.srcs/sources_1/ip/ddr3/ddr3/user_design/rtl/ecc/mig_7series_v4_2_ecc_buf.v
	new file:   adc_ethernet.srcs/sources_1/ip/ddr3/ddr3/user_design/rtl/ecc/mig_7series_v4_2_ecc_dec_fix.v
	new file:   adc_ethernet.srcs/sources_1/ip/ddr3/ddr3/user_design/rtl/ecc/mig_7series_v4_2_ecc_gen.v
	new file:   adc_ethernet.srcs/sources_1/ip/ddr3/ddr3/user_design/rtl/ecc/mig_7series_v4_2_ecc_merge_enc.v
	new file:   adc_ethernet.srcs/sources_1/ip/ddr3/ddr3/user_design/rtl/ecc/mig_7series_v4_2_fi_xor.v
	new file:   adc_ethernet.srcs/sources_1/ip/ddr3/ddr3/user_design/rtl/ip_top/mig_7series_v4_2_mem_intfc.v
	new file:   adc_ethernet.srcs/sources_1/ip/ddr3/ddr3/user_design/rtl/ip_top/mig_7series_v4_2_memc_ui_top_axi.v
	new file:   adc_ethernet.srcs/sources_1/ip/ddr3/ddr3/user_design/rtl/ip_top/mig_7series_v4_2_memc_ui_top_std.v
	new file:   adc_ethernet.srcs/sources_1/ip/ddr3/ddr3/user_design/rtl/phy/mig_7series_v4_2_ddr_byte_group_io.v
	new file:   adc_ethernet.srcs/sources_1/ip/ddr3/ddr3/user_design/rtl/phy/mig_7series_v4_2_ddr_byte_lane.v
	new file:   adc_ethernet.srcs/sources_1/ip/ddr3/ddr3/user_design/rtl/phy/mig_7series_v4_2_ddr_calib_top.v
	new file:   adc_ethernet.srcs/sources_1/ip/ddr3/ddr3/user_design/rtl/phy/mig_7series_v4_2_ddr_if_post_fifo.v
	new file:   adc_ethernet.srcs/sources_1/ip/ddr3/ddr3/user_design/rtl/phy/mig_7series_v4_2_ddr_mc_phy.v
	new file:   adc_ethernet.srcs/sources_1/ip/ddr3/ddr3/user_design/rtl/phy/mig_7series_v4_2_ddr_mc_phy_wrapper.v
	new file:   adc_ethernet.srcs/sources_1/ip/ddr3/ddr3/user_design/rtl/phy/mig_7series_v4_2_ddr_of_pre_fifo.v
	new file:   adc_ethernet.srcs/sources_1/ip/ddr3/ddr3/user_design/rtl/phy/mig_7series_v4_2_ddr_phy_4lanes.v
	new file:   adc_ethernet.srcs/sources_1/ip/ddr3/ddr3/user_design/rtl/phy/mig_7series_v4_2_ddr_phy_ck_addr_cmd_delay.v
	new file:   adc_ethernet.srcs/sources_1/ip/ddr3/ddr3/user_design/rtl/phy/mig_7series_v4_2_ddr_phy_dqs_found_cal.v
	new file:   adc_ethernet.srcs/sources_1/ip/ddr3/ddr3/user_design/rtl/phy/mig_7series_v4_2_ddr_phy_dqs_found_cal_hr.v
	new file:   adc_ethernet.srcs/sources_1/ip/ddr3/ddr3/user_design/rtl/phy/mig_7series_v4_2_ddr_phy_init.v
	new file:   adc_ethernet.srcs/sources_1/ip/ddr3/ddr3/user_design/rtl/phy/mig_7series_v4_2_ddr_phy_ocd_cntlr.v
	new file:   adc_ethernet.srcs/sources_1/ip/ddr3/ddr3/user_design/rtl/phy/mig_7series_v4_2_ddr_phy_ocd_data.v
	new file:   adc_ethernet.srcs/sources_1/ip/ddr3/ddr3/user_design/rtl/phy/mig_7series_v4_2_ddr_phy_ocd_edge.v
	new file:   adc_ethernet.srcs/sources_1/ip/ddr3/ddr3/user_design/rtl/phy/mig_7series_v4_2_ddr_phy_ocd_lim.v
	new file:   adc_ethernet.srcs/sources_1/ip/ddr3/ddr3/user_design/rtl/phy/mig_7series_v4_2_ddr_phy_ocd_mux.v
	new file:   adc_ethernet.srcs/sources_1/ip/ddr3/ddr3/user_design/rtl/phy/mig_7series_v4_2_ddr_phy_ocd_po_cntlr.v
	new file:   adc_ethernet.srcs/sources_1/ip/ddr3/ddr3/user_design/rtl/phy/mig_7series_v4_2_ddr_phy_ocd_samp.v
	new file:   adc_ethernet.srcs/sources_1/ip/ddr3/ddr3/user_design/rtl/phy/mig_7series_v4_2_ddr_phy_oclkdelay_cal.v
	new file:   adc_ethernet.srcs/sources_1/ip/ddr3/ddr3/user_design/rtl/phy/mig_7series_v4_2_ddr_phy_prbs_rdlvl.v
	new file:   adc_ethernet.srcs/sources_1/ip/ddr3/ddr3/user_design/rtl/phy/mig_7series_v4_2_ddr_phy_rdlvl.v
	new file:   adc_ethernet.srcs/sources_1/ip/ddr3/ddr3/user_design/rtl/phy/mig_7series_v4_2_ddr_phy_tempmon.v
	new file:   adc_ethernet.srcs/sources_1/ip/ddr3/ddr3/user_design/rtl/phy/mig_7series_v4_2_ddr_phy_top.v
	new file:   adc_ethernet.srcs/sources_1/ip/ddr3/ddr3/user_design/rtl/phy/mig_7series_v4_2_ddr_phy_wrcal.v
	new file:   adc_ethernet.srcs/sources_1/ip/ddr3/ddr3/user_design/rtl/phy/mig_7series_v4_2_ddr_phy_wrlvl.v
	new file:   adc_ethernet.srcs/sources_1/ip/ddr3/ddr3/user_design/rtl/phy/mig_7series_v4_2_ddr_phy_wrlvl_off_delay.v
	new file:   adc_ethernet.srcs/sources_1/ip/ddr3/ddr3/user_design/rtl/phy/mig_7series_v4_2_ddr_prbs_gen.v
	new file:   adc_ethernet.srcs/sources_1/ip/ddr3/ddr3/user_design/rtl/phy/mig_7series_v4_2_ddr_skip_calib_tap.v
	new file:   adc_ethernet.srcs/sources_1/ip/ddr3/ddr3/user_design/rtl/phy/mig_7series_v4_2_poc_cc.v
	new file:   adc_ethernet.srcs/sources_1/ip/ddr3/ddr3/user_design/rtl/phy/mig_7series_v4_2_poc_edge_store.v
	new file:   adc_ethernet.srcs/sources_1/ip/ddr3/ddr3/user_design/rtl/phy/mig_7series_v4_2_poc_meta.v
	new file:   adc_ethernet.srcs/sources_1/ip/ddr3/ddr3/user_design/rtl/phy/mig_7series_v4_2_poc_pd.v
	new file:   adc_ethernet.srcs/sources_1/ip/ddr3/ddr3/user_design/rtl/phy/mig_7series_v4_2_poc_tap_base.v
	new file:   adc_ethernet.srcs/sources_1/ip/ddr3/ddr3/user_design/rtl/phy/mig_7series_v4_2_poc_top.v
	new file:   adc_ethernet.srcs/sources_1/ip/ddr3/ddr3/user_design/rtl/ui/mig_7series_v4_2_ui_cmd.v
	new file:   adc_ethernet.srcs/sources_1/ip/ddr3/ddr3/user_design/rtl/ui/mig_7series_v4_2_ui_rd_data.v
	new file:   adc_ethernet.srcs/sources_1/ip/ddr3/ddr3/user_design/rtl/ui/mig_7series_v4_2_ui_top.v
	new file:   adc_ethernet.srcs/sources_1/ip/ddr3/ddr3/user_design/rtl/ui/mig_7series_v4_2_ui_wr_data.v
	new file:   adc_ethernet.srcs/sources_1/ip/ddr3/ddr3/xil_txt.in
	new file:   adc_ethernet.srcs/sources_1/ip/ddr3/ddr3/xil_txt.out
	new file:   adc_ethernet.srcs/sources_1/ip/ddr3/ddr3/xil_upgrade.in
	new file:   adc_ethernet.srcs/sources_1/ip/ddr3/ddr3/xil_upgrade.out
	new file:   adc_ethernet.srcs/sources_1/ip/ddr3/ddr3_sim_netlist.v
	new file:   adc_ethernet.srcs/sources_1/ip/ddr3/ddr3_sim_netlist.vhdl
	new file:   adc_ethernet.srcs/sources_1/ip/ddr3/ddr3_stub.v
	new file:   adc_ethernet.srcs/sources_1/ip/ddr3/ddr3_stub.vhdl
	new file:   adc_ethernet.srcs/sources_1/ip/ddr3/ddr3_xmdf.tcl
	new file:   adc_ethernet.srcs/sources_1/ip/ddr3/doc/mig_7series_v4_0_changelog.txt
	new file:   adc_ethernet.srcs/sources_1/ip/ddr3/doc/mig_7series_v4_2_changelog.txt
	new file:   adc_ethernet.srcs/sources_1/ip/ddr3/mig_a.prj
	new file:   adc_ethernet.srcs/sources_1/ip/ddr3/mig_b.prj
	new file:   adc_ethernet.srcs/sources_1/ip/ddr3/tcl.log
	new file:   adc_ethernet.srcs/sources_1/ip/ddr3/xil_txt.in
	new file:   adc_ethernet.srcs/sources_1/ip/ddr3/xil_txt.out
	new file:   adc_ethernet.srcs/sources_1/ip/ddr3/xil_upgrade.in
	new file:   adc_ethernet.srcs/sources_1/ip/ddr3/xil_upgrade.out
	new file:   adc_ethernet.srcs/sources_1/ip/fft_ls/cmodel/xfft_v9_1_bitacc_cmodel_lin64.zip
	new file:   adc_ethernet.srcs/sources_1/ip/fft_ls/cmodel/xfft_v9_1_bitacc_cmodel_nt64.zip
	new file:   adc_ethernet.srcs/sources_1/ip/fft_ls/demo_tb/tb_fft_ls.vhd
	new file:   adc_ethernet.srcs/sources_1/ip/fft_ls/doc/xfft_v9_1_changelog.txt
	new file:   adc_ethernet.srcs/sources_1/ip/fft_ls/fft_ls.dcp
	new file:   adc_ethernet.srcs/sources_1/ip/fft_ls/fft_ls.veo
	new file:   adc_ethernet.srcs/sources_1/ip/fft_ls/fft_ls.vho
	new file:   adc_ethernet.srcs/sources_1/ip/fft_ls/fft_ls.xci
	new file:   adc_ethernet.srcs/sources_1/ip/fft_ls/fft_ls.xml
	new file:   adc_ethernet.srcs/sources_1/ip/fft_ls/fft_ls_ooc.xdc
	new file:   adc_ethernet.srcs/sources_1/ip/fft_ls/fft_ls_sim_netlist.v
	new file:   adc_ethernet.srcs/sources_1/ip/fft_ls/fft_ls_sim_netlist.vhdl
	new file:   adc_ethernet.srcs/sources_1/ip/fft_ls/fft_ls_stub.v
	new file:   adc_ethernet.srcs/sources_1/ip/fft_ls/fft_ls_stub.vhdl
	new file:   adc_ethernet.srcs/sources_1/ip/fft_ls/hdl/axi_utils_v2_0_vh_rfs.vhd
	new file:   adc_ethernet.srcs/sources_1/ip/fft_ls/hdl/c_addsub_v12_0_vh_rfs.vhd
	new file:   adc_ethernet.srcs/sources_1/ip/fft_ls/hdl/c_mux_bit_v12_0_vh_rfs.vhd
	new file:   adc_ethernet.srcs/sources_1/ip/fft_ls/hdl/c_reg_fd_v12_0_vh_rfs.vhd
	new file:   adc_ethernet.srcs/sources_1/ip/fft_ls/hdl/c_shift_ram_v12_0_vh_rfs.vhd
	new file:   adc_ethernet.srcs/sources_1/ip/fft_ls/hdl/cmpy_v6_0_vh_rfs.vhd
	new file:   adc_ethernet.srcs/sources_1/ip/fft_ls/hdl/floating_point_v7_0_vh_rfs.vhd
	new file:   adc_ethernet.srcs/sources_1/ip/fft_ls/hdl/mult_gen_v12_0_vh_rfs.vhd
	new file:   adc_ethernet.srcs/sources_1/ip/fft_ls/hdl/xbip_addsub_v3_0_vh_rfs.vhd
	new file:   adc_ethernet.srcs/sources_1/ip/fft_ls/hdl/xbip_bram18k_v3_0_vh_rfs.vhd
	new file:   adc_ethernet.srcs/sources_1/ip/fft_ls/hdl/xbip_dsp48_addsub_v3_0_vh_rfs.vhd
	new file:   adc_ethernet.srcs/sources_1/ip/fft_ls/hdl/xbip_dsp48_wrapper_v3_0_vh_rfs.vhd
	new file:   adc_ethernet.srcs/sources_1/ip/fft_ls/hdl/xbip_pipe_v3_0_vh_rfs.vhd
	new file:   adc_ethernet.srcs/sources_1/ip/fft_ls/hdl/xbip_utils_v3_0_vh_rfs.vhd
	new file:   adc_ethernet.srcs/sources_1/ip/fft_ls/hdl/xfft_v9_1_vh_rfs.vhd
	new file:   adc_ethernet.srcs/sources_1/ip/fft_ls/sim/fft_ls.vhd
	new file:   adc_ethernet.srcs/sources_1/ip/fft_ls/synth/fft_ls.vhd
	new file:   adc_ethernet.srcs/sources_1/ip/my_cordic_1/cmodel/cordic_v6_0_bitacc_cmodel_lin64.zip
	new file:   adc_ethernet.srcs/sources_1/ip/my_cordic_1/cmodel/cordic_v6_0_bitacc_cmodel_nt64.zip
	new file:   adc_ethernet.srcs/sources_1/ip/my_cordic_1/demo_tb/tb_my_cordic_1.vhd
	new file:   adc_ethernet.srcs/sources_1/ip/my_cordic_1/doc/cordic_v6_0_changelog.txt
	new file:   adc_ethernet.srcs/sources_1/ip/my_cordic_1/hdl/axi_utils_v2_0_vh_rfs.vhd
	new file:   adc_ethernet.srcs/sources_1/ip/my_cordic_1/hdl/c_addsub_v12_0_vh_rfs.vhd
	new file:   adc_ethernet.srcs/sources_1/ip/my_cordic_1/hdl/c_reg_fd_v12_0_vh_rfs.vhd
	new file:   adc_ethernet.srcs/sources_1/ip/my_cordic_1/hdl/cordic_v6_0_vh_rfs.vhd
	new file:   adc_ethernet.srcs/sources_1/ip/my_cordic_1/hdl/mult_gen_v12_0_vh_rfs.vhd
	new file:   adc_ethernet.srcs/sources_1/ip/my_cordic_1/hdl/xbip_addsub_v3_0_vh_rfs.vhd
	new file:   adc_ethernet.srcs/sources_1/ip/my_cordic_1/hdl/xbip_bram18k_v3_0_vh_rfs.vhd
	new file:   adc_ethernet.srcs/sources_1/ip/my_cordic_1/hdl/xbip_dsp48_addsub_v3_0_vh_rfs.vhd
	new file:   adc_ethernet.srcs/sources_1/ip/my_cordic_1/hdl/xbip_dsp48_wrapper_v3_0_vh_rfs.vhd
	new file:   adc_ethernet.srcs/sources_1/ip/my_cordic_1/hdl/xbip_pipe_v3_0_vh_rfs.vhd
	new file:   adc_ethernet.srcs/sources_1/ip/my_cordic_1/hdl/xbip_utils_v3_0_vh_rfs.vhd
	new file:   adc_ethernet.srcs/sources_1/ip/my_cordic_1/my_cordic_1.dcp
	new file:   adc_ethernet.srcs/sources_1/ip/my_cordic_1/my_cordic_1.veo
	new file:   adc_ethernet.srcs/sources_1/ip/my_cordic_1/my_cordic_1.vho
	new file:   adc_ethernet.srcs/sources_1/ip/my_cordic_1/my_cordic_1.xci
	new file:   adc_ethernet.srcs/sources_1/ip/my_cordic_1/my_cordic_1.xml
	new file:   adc_ethernet.srcs/sources_1/ip/my_cordic_1/my_cordic_1_ooc.xdc
	new file:   adc_ethernet.srcs/sources_1/ip/my_cordic_1/my_cordic_1_sim_netlist.v
	new file:   adc_ethernet.srcs/sources_1/ip/my_cordic_1/my_cordic_1_sim_netlist.vhdl
	new file:   adc_ethernet.srcs/sources_1/ip/my_cordic_1/my_cordic_1_stub.v
	new file:   adc_ethernet.srcs/sources_1/ip/my_cordic_1/my_cordic_1_stub.vhdl
	new file:   adc_ethernet.srcs/sources_1/ip/my_cordic_1/sim/my_cordic_1.vhd
	new file:   adc_ethernet.srcs/sources_1/ip/my_cordic_1/synth/my_cordic_1.vhd
	new file:   adc_ethernet.srcs/sources_1/ip/video_pll/doc/clk_wiz_v5_4_changelog.txt
	new file:   adc_ethernet.srcs/sources_1/ip/video_pll/mmcm_pll_drp_func_7s_mmcm.vh
	new file:   adc_ethernet.srcs/sources_1/ip/video_pll/mmcm_pll_drp_func_7s_pll.vh
	new file:   adc_ethernet.srcs/sources_1/ip/video_pll/mmcm_pll_drp_func_us_mmcm.vh
	new file:   adc_ethernet.srcs/sources_1/ip/video_pll/mmcm_pll_drp_func_us_pll.vh
	new file:   adc_ethernet.srcs/sources_1/ip/video_pll/mmcm_pll_drp_func_us_plus_mmcm.vh
	new file:   adc_ethernet.srcs/sources_1/ip/video_pll/mmcm_pll_drp_func_us_plus_pll.vh
	new file:   adc_ethernet.srcs/sources_1/ip/video_pll/video_pll.dcp
	new file:   adc_ethernet.srcs/sources_1/ip/video_pll/video_pll.v
	new file:   adc_ethernet.srcs/sources_1/ip/video_pll/video_pll.veo
	new file:   adc_ethernet.srcs/sources_1/ip/video_pll/video_pll.xci
	new file:   adc_ethernet.srcs/sources_1/ip/video_pll/video_pll.xdc
	new file:   adc_ethernet.srcs/sources_1/ip/video_pll/video_pll.xml
	new file:   adc_ethernet.srcs/sources_1/ip/video_pll/video_pll_board.xdc
	new file:   adc_ethernet.srcs/sources_1/ip/video_pll/video_pll_clk_wiz.v
	new file:   adc_ethernet.srcs/sources_1/ip/video_pll/video_pll_late.xdc
	new file:   adc_ethernet.srcs/sources_1/ip/video_pll/video_pll_ooc.xdc
	new file:   adc_ethernet.srcs/sources_1/ip/video_pll/video_pll_sim_netlist.v
	new file:   adc_ethernet.srcs/sources_1/ip/video_pll/video_pll_sim_netlist.vhdl
	new file:   adc_ethernet.srcs/sources_1/ip/video_pll/video_pll_stub.v
	new file:   adc_ethernet.srcs/sources_1/ip/video_pll/video_pll_stub.vhdl
	new file:   adc_ethernet.srcs/sources_1/lut_ov5640_rgb565_480_272.v
	new file:   adc_ethernet.srcs/sources_1/mac/arp_cache.v
	new file:   adc_ethernet.srcs/sources_1/mac/crc.v
	new file:   adc_ethernet.srcs/sources_1/mac/dpram.v
	new file:   adc_ethernet.srcs/sources_1/mac/eth_cmd.v
	new file:   adc_ethernet.srcs/sources_1/mac/eth_top.v
	new file:   adc_ethernet.srcs/sources_1/mac/icmp_reply.v
	new file:   adc_ethernet.srcs/sources_1/mac/mac_ctrl.v
	new file:   adc_ethernet.srcs/sources_1/mac/mac_top.v
	new file:   adc_ethernet.srcs/sources_1/mac/rx/arp_rx.v
	new file:   adc_ethernet.srcs/sources_1/mac/rx/ip_rx.v
	new file:   adc_ethernet.srcs/sources_1/mac/rx/mac_rx.v
	new file:   adc_ethernet.srcs/sources_1/mac/rx/mac_rx_top.v
	new file:   adc_ethernet.srcs/sources_1/mac/rx/udp_rx.v
	new file:   adc_ethernet.srcs/sources_1/mac/tx/arp_tx.v
	new file:   adc_ethernet.srcs/sources_1/mac/tx/ip_tx.v
	new file:   adc_ethernet.srcs/sources_1/mac/tx/ip_tx_mode.v
	new file:   adc_ethernet.srcs/sources_1/mac/tx/mac_tx.v
	new file:   adc_ethernet.srcs/sources_1/mac/tx/mac_tx_mode.v
	new file:   adc_ethernet.srcs/sources_1/mac/tx/mac_tx_top.v
	new file:   adc_ethernet.srcs/sources_1/mac/tx/udp_tx.v
	new file:   adc_ethernet.srcs/sources_1/mdio/smi_config.v
	new file:   adc_ethernet.srcs/sources_1/mdio/smi_read_write.v
	new file:   adc_ethernet.srcs/sources_1/miim/miim.vhd
	new file:   adc_ethernet.srcs/sources_1/miim/miim_control.vhd
	new file:   adc_ethernet.srcs/sources_1/miim/miim_registers.vhd
	new file:   adc_ethernet.srcs/sources_1/miim/miim_top.vhd
	new file:   adc_ethernet.srcs/sources_1/miim/miim_types.vhd
	new file:   adc_ethernet.srcs/sources_1/miim/utility.vhd
	new file:   adc_ethernet.srcs/sources_1/new/reset.v
	new file:   adc_ethernet.srcs/sources_1/new/u_data_modulus.v
	new file:   adc_ethernet.srcs/sources_1/top.v
	new file:   adc_ethernet.srcs/sources_1/util_gmii_to_rgmii.v
	new file:   adc_ethernet.srcs/sources_1/video_define.v
	new file:   adc_ethernet.srcs/sources_1/video_timing_data.v
	new file:   adc_ethernet.xpr
	new file:   adc_ethernet1.ip_user_files/README.txt
	new file:   adc_ethernet1.ip_user_files/ip/afifo_16i_64o_512/afifo_16i_64o_512.veo
	new file:   adc_ethernet1.ip_user_files/ip/afifo_16i_64o_512/afifo_16i_64o_512.vho
	new file:   adc_ethernet1.ip_user_files/ip/afifo_16i_64o_512/afifo_16i_64o_512_stub.v
	new file:   adc_ethernet1.ip_user_files/ip/afifo_16i_64o_512/afifo_16i_64o_512_stub.vhdl
	new file:   adc_ethernet1.ip_user_files/ip/afifo_64i_16o_128/afifo_64i_16o_128.veo
	new file:   adc_ethernet1.ip_user_files/ip/afifo_64i_16o_128/afifo_64i_16o_128.vho
	new file:   adc_ethernet1.ip_user_files/ip/afifo_64i_16o_128/afifo_64i_16o_128_stub.v
	new file:   adc_ethernet1.ip_user_files/ip/afifo_64i_16o_128/afifo_64i_16o_128_stub.vhdl
	new file:   adc_ethernet1.ip_user_files/ip/ddr3/ddr3.dcp
	new file:   adc_ethernet1.ip_user_files/ip/ddr3/ddr3.veo
	new file:   adc_ethernet1.ip_user_files/ip/ddr3/ddr3.xci
	new file:   adc_ethernet1.ip_user_files/ip/ddr3/ddr3.xml
	new file:   adc_ethernet1.ip_user_files/ip/ddr3/ddr3_sim_netlist.v
	new file:   adc_ethernet1.ip_user_files/ip/ddr3/ddr3_sim_netlist.vhdl
	new file:   adc_ethernet1.ip_user_files/ip/ddr3/ddr3_stub.v
	new file:   adc_ethernet1.ip_user_files/ip/ddr3/ddr3_stub.vhdl
	new file:   adc_ethernet1.ip_user_files/ip/ddr3/ddr3_xmdf.tcl
	new file:   adc_ethernet1.ip_user_files/ip/ddr3/mig_a.prj
	new file:   adc_ethernet1.ip_user_files/ip/ddr3/mig_b.prj
	new file:   adc_ethernet1.ip_user_files/ip/ddr3/tcl.log
	new file:   adc_ethernet1.ip_user_files/ip/ddr3/xil_txt.in
	new file:   adc_ethernet1.ip_user_files/ip/ddr3/xil_txt.out
	new file:   adc_ethernet1.ip_user_files/ip/ddr3/xil_upgrade.in
	new file:   adc_ethernet1.ip_user_files/ip/ddr3/xil_upgrade.out
	new file:   adc_ethernet1.ip_user_files/ip/sys_pll/sys_pll.veo
	new file:   adc_ethernet1.ip_user_files/ip/sys_pll/sys_pll_stub.v
	new file:   adc_ethernet1.ip_user_files/ip/sys_pll/sys_pll_stub.vhdl
	new file:   adc_ethernet1.ip_user_files/ip/video_pll/video_pll.veo
	new file:   adc_ethernet1.ip_user_files/ip/video_pll/video_pll_stub.v
	new file:   adc_ethernet1.ip_user_files/ip/video_pll/video_pll_stub.vhdl
	new file:   adc_ethernet1.ip_user_files/ipstatic/fifo_generator_v13_0_1/hdl/fifo_generator_v13_0_rfs.vhd
	new file:   adc_ethernet1.ip_user_files/ipstatic/fifo_generator_v13_0_1/simulation/fifo_generator_vhdl_beh.vhd
	new file:   adc_ethernet1.ip_user_files/mem_init_files/mig_a.prj
	new file:   adc_ethernet1.ip_user_files/sim_scripts/afifo_16i_64o_512/README.txt
	new file:   adc_ethernet1.ip_user_files/sim_scripts/afifo_16i_64o_512/ies/README.txt
	new file:   adc_ethernet1.ip_user_files/sim_scripts/afifo_16i_64o_512/ies/afifo_16i_64o_512.sh
	new file:   adc_ethernet1.ip_user_files/sim_scripts/afifo_16i_64o_512/ies/file_info.txt
	new file:   adc_ethernet1.ip_user_files/sim_scripts/afifo_16i_64o_512/ies/filelist.f
	new file:   adc_ethernet1.ip_user_files/sim_scripts/afifo_16i_64o_512/ies/filelist_irun.f
	new file:   adc_ethernet1.ip_user_files/sim_scripts/afifo_16i_64o_512/ies/simulate.do
	new file:   adc_ethernet1.ip_user_files/sim_scripts/afifo_16i_64o_512/modelsim/README.txt
	new file:   adc_ethernet1.ip_user_files/sim_scripts/afifo_16i_64o_512/modelsim/afifo_16i_64o_512.sh
	new file:   adc_ethernet1.ip_user_files/sim_scripts/afifo_16i_64o_512/modelsim/afifo_16i_64o_512.udo
	new file:   adc_ethernet1.ip_user_files/sim_scripts/afifo_16i_64o_512/modelsim/compile.do
	new file:   adc_ethernet1.ip_user_files/sim_scripts/afifo_16i_64o_512/modelsim/file_info.txt
	new file:   adc_ethernet1.ip_user_files/sim_scripts/afifo_16i_64o_512/modelsim/filelist.f
	new file:   adc_ethernet1.ip_user_files/sim_scripts/afifo_16i_64o_512/modelsim/simulate.do
	new file:   adc_ethernet1.ip_user_files/sim_scripts/afifo_16i_64o_512/modelsim/wave.do
	new file:   adc_ethernet1.ip_user_files/sim_scripts/afifo_16i_64o_512/questa/README.txt
	new file:   adc_ethernet1.ip_user_files/sim_scripts/afifo_16i_64o_512/questa/afifo_16i_64o_512.sh
	new file:   adc_ethernet1.ip_user_files/sim_scripts/afifo_16i_64o_512/questa/afifo_16i_64o_512.udo
	new file:   adc_ethernet1.ip_user_files/sim_scripts/afifo_16i_64o_512/questa/compile.do
	new file:   adc_ethernet1.ip_user_files/sim_scripts/afifo_16i_64o_512/questa/elaborate.do
	new file:   adc_ethernet1.ip_user_files/sim_scripts/afifo_16i_64o_512/questa/file_info.txt
	new file:   adc_ethernet1.ip_user_files/sim_scripts/afifo_16i_64o_512/questa/filelist.f
	new file:   adc_ethernet1.ip_user_files/sim_scripts/afifo_16i_64o_512/questa/simulate.do
	new file:   adc_ethernet1.ip_user_files/sim_scripts/afifo_16i_64o_512/questa/wave.do
	new file:   adc_ethernet1.ip_user_files/sim_scripts/afifo_16i_64o_512/vcs/README.txt
	new file:   adc_ethernet1.ip_user_files/sim_scripts/afifo_16i_64o_512/vcs/afifo_16i_64o_512.sh
	new file:   adc_ethernet1.ip_user_files/sim_scripts/afifo_16i_64o_512/vcs/file_info.txt
	new file:   adc_ethernet1.ip_user_files/sim_scripts/afifo_16i_64o_512/vcs/filelist.f
	new file:   adc_ethernet1.ip_user_files/sim_scripts/afifo_16i_64o_512/vcs/simulate.do
	new file:   adc_ethernet1.ip_user_files/sim_scripts/afifo_16i_64o_512/xsim/README.txt
	new file:   adc_ethernet1.ip_user_files/sim_scripts/afifo_16i_64o_512/xsim/afifo_16i_64o_512.sh
	new file:   adc_ethernet1.ip_user_files/sim_scripts/afifo_16i_64o_512/xsim/cmd.tcl
	new file:   adc_ethernet1.ip_user_files/sim_scripts/afifo_16i_64o_512/xsim/file_info.txt
	new file:   adc_ethernet1.ip_user_files/sim_scripts/afifo_16i_64o_512/xsim/filelist.f
	new file:   adc_ethernet1.ip_user_files/sim_scripts/afifo_16i_64o_512/xsim/vhdl.prj
	new file:   adc_ethernet1.ip_user_files/sim_scripts/afifo_64i_16o_128/README.txt
	new file:   adc_ethernet1.ip_user_files/sim_scripts/afifo_64i_16o_128/ies/README.txt
	new file:   adc_ethernet1.ip_user_files/sim_scripts/afifo_64i_16o_128/ies/afifo_64i_16o_128.sh
	new file:   adc_ethernet1.ip_user_files/sim_scripts/afifo_64i_16o_128/ies/file_info.txt
	new file:   adc_ethernet1.ip_user_files/sim_scripts/afifo_64i_16o_128/ies/filelist.f
	new file:   adc_ethernet1.ip_user_files/sim_scripts/afifo_64i_16o_128/ies/filelist_irun.f
	new file:   adc_ethernet1.ip_user_files/sim_scripts/afifo_64i_16o_128/ies/simulate.do
	new file:   adc_ethernet1.ip_user_files/sim_scripts/afifo_64i_16o_128/modelsim/README.txt
	new file:   adc_ethernet1.ip_user_files/sim_scripts/afifo_64i_16o_128/modelsim/afifo_64i_16o_128.sh
	new file:   adc_ethernet1.ip_user_files/sim_scripts/afifo_64i_16o_128/modelsim/afifo_64i_16o_128.udo
	new file:   adc_ethernet1.ip_user_files/sim_scripts/afifo_64i_16o_128/modelsim/compile.do
	new file:   adc_ethernet1.ip_user_files/sim_scripts/afifo_64i_16o_128/modelsim/file_info.txt
	new file:   adc_ethernet1.ip_user_files/sim_scripts/afifo_64i_16o_128/modelsim/filelist.f
	new file:   adc_ethernet1.ip_user_files/sim_scripts/afifo_64i_16o_128/modelsim/simulate.do
	new file:   adc_ethernet1.ip_user_files/sim_scripts/afifo_64i_16o_128/modelsim/wave.do
	new file:   adc_ethernet1.ip_user_files/sim_scripts/afifo_64i_16o_128/questa/README.txt
	new file:   adc_ethernet1.ip_user_files/sim_scripts/afifo_64i_16o_128/questa/afifo_64i_16o_128.sh
	new file:   adc_ethernet1.ip_user_files/sim_scripts/afifo_64i_16o_128/questa/afifo_64i_16o_128.udo
	new file:   adc_ethernet1.ip_user_files/sim_scripts/afifo_64i_16o_128/questa/compile.do
	new file:   adc_ethernet1.ip_user_files/sim_scripts/afifo_64i_16o_128/questa/elaborate.do
	new file:   adc_ethernet1.ip_user_files/sim_scripts/afifo_64i_16o_128/questa/file_info.txt
	new file:   adc_ethernet1.ip_user_files/sim_scripts/afifo_64i_16o_128/questa/filelist.f
	new file:   adc_ethernet1.ip_user_files/sim_scripts/afifo_64i_16o_128/questa/simulate.do
	new file:   adc_ethernet1.ip_user_files/sim_scripts/afifo_64i_16o_128/questa/wave.do
	new file:   adc_ethernet1.ip_user_files/sim_scripts/afifo_64i_16o_128/vcs/README.txt
	new file:   adc_ethernet1.ip_user_files/sim_scripts/afifo_64i_16o_128/vcs/afifo_64i_16o_128.sh
	new file:   adc_ethernet1.ip_user_files/sim_scripts/afifo_64i_16o_128/vcs/file_info.txt
	new file:   adc_ethernet1.ip_user_files/sim_scripts/afifo_64i_16o_128/vcs/filelist.f
	new file:   adc_ethernet1.ip_user_files/sim_scripts/afifo_64i_16o_128/vcs/simulate.do
	new file:   adc_ethernet1.ip_user_files/sim_scripts/afifo_64i_16o_128/xsim/README.txt
	new file:   adc_ethernet1.ip_user_files/sim_scripts/afifo_64i_16o_128/xsim/afifo_64i_16o_128.sh
	new file:   adc_ethernet1.ip_user_files/sim_scripts/afifo_64i_16o_128/xsim/cmd.tcl
	new file:   adc_ethernet1.ip_user_files/sim_scripts/afifo_64i_16o_128/xsim/file_info.txt
	new file:   adc_ethernet1.ip_user_files/sim_scripts/afifo_64i_16o_128/xsim/filelist.f
	new file:   adc_ethernet1.ip_user_files/sim_scripts/afifo_64i_16o_128/xsim/vhdl.prj
	new file:   adc_ethernet1.ip_user_files/sim_scripts/ddr3/ddr3.dcp
	new file:   adc_ethernet1.ip_user_files/sim_scripts/ddr3/ddr3.veo
	new file:   adc_ethernet1.ip_user_files/sim_scripts/ddr3/ddr3.xci
	new file:   adc_ethernet1.ip_user_files/sim_scripts/ddr3/ddr3.xml
	new file:   adc_ethernet1.ip_user_files/sim_scripts/ddr3/ddr3_sim_netlist.v
	new file:   adc_ethernet1.ip_user_files/sim_scripts/ddr3/ddr3_sim_netlist.vhdl
	new file:   adc_ethernet1.ip_user_files/sim_scripts/ddr3/ddr3_stub.v
	new file:   adc_ethernet1.ip_user_files/sim_scripts/ddr3/ddr3_stub.vhdl
	new file:   adc_ethernet1.ip_user_files/sim_scripts/ddr3/ddr3_xmdf.tcl
	new file:   adc_ethernet1.ip_user_files/sim_scripts/ddr3/ies/README.txt
	new file:   adc_ethernet1.ip_user_files/sim_scripts/ddr3/ies/ddr3.sh
	new file:   adc_ethernet1.ip_user_files/sim_scripts/ddr3/ies/file_info.txt
	new file:   adc_ethernet1.ip_user_files/sim_scripts/ddr3/ies/filelist.f
	new file:   adc_ethernet1.ip_user_files/sim_scripts/ddr3/ies/filelist_irun.f
	new file:   adc_ethernet1.ip_user_files/sim_scripts/ddr3/ies/glbl.v
	new file:   adc_ethernet1.ip_user_files/sim_scripts/ddr3/ies/mig_a.prj
	new file:   adc_ethernet1.ip_user_files/sim_scripts/ddr3/ies/simulate.do
	new file:   adc_ethernet1.ip_user_files/sim_scripts/ddr3/mig_a.prj
	new file:   adc_ethernet1.ip_user_files/sim_scripts/ddr3/mig_b.prj
	new file:   adc_ethernet1.ip_user_files/sim_scripts/ddr3/modelsim/README.txt
	new file:   adc_ethernet1.ip_user_files/sim_scripts/ddr3/modelsim/compile.do
	new file:   adc_ethernet1.ip_user_files/sim_scripts/ddr3/modelsim/ddr3.sh
	new file:   adc_ethernet1.ip_user_files/sim_scripts/ddr3/modelsim/ddr3.udo
	new file:   adc_ethernet1.ip_user_files/sim_scripts/ddr3/modelsim/file_info.txt
	new file:   adc_ethernet1.ip_user_files/sim_scripts/ddr3/modelsim/filelist.f
	new file:   adc_ethernet1.ip_user_files/sim_scripts/ddr3/modelsim/glbl.v
	new file:   adc_ethernet1.ip_user_files/sim_scripts/ddr3/modelsim/mig_a.prj
	new file:   adc_ethernet1.ip_user_files/sim_scripts/ddr3/modelsim/simulate.do
	new file:   adc_ethernet1.ip_user_files/sim_scripts/ddr3/modelsim/wave.do
	new file:   adc_ethernet1.ip_user_files/sim_scripts/ddr3/questa/README.txt
	new file:   adc_ethernet1.ip_user_files/sim_scripts/ddr3/questa/compile.do
	new file:   adc_ethernet1.ip_user_files/sim_scripts/ddr3/questa/ddr3.sh
	new file:   adc_ethernet1.ip_user_files/sim_scripts/ddr3/questa/ddr3.udo
	new file:   adc_ethernet1.ip_user_files/sim_scripts/ddr3/questa/elaborate.do
	new file:   adc_ethernet1.ip_user_files/sim_scripts/ddr3/questa/file_info.txt
	new file:   adc_ethernet1.ip_user_files/sim_scripts/ddr3/questa/filelist.f
	new file:   adc_ethernet1.ip_user_files/sim_scripts/ddr3/questa/glbl.v
	new file:   adc_ethernet1.ip_user_files/sim_scripts/ddr3/questa/mig_a.prj
	new file:   adc_ethernet1.ip_user_files/sim_scripts/ddr3/questa/simulate.do
	new file:   adc_ethernet1.ip_user_files/sim_scripts/ddr3/questa/wave.do
	new file:   adc_ethernet1.ip_user_files/sim_scripts/ddr3/tcl.log
	new file:   adc_ethernet1.ip_user_files/sim_scripts/ddr3/vcs/README.txt
	new file:   adc_ethernet1.ip_user_files/sim_scripts/ddr3/vcs/ddr3.sh
	new file:   adc_ethernet1.ip_user_files/sim_scripts/ddr3/vcs/file_info.txt
	new file:   adc_ethernet1.ip_user_files/sim_scripts/ddr3/vcs/filelist.f
	new file:   adc_ethernet1.ip_user_files/sim_scripts/ddr3/vcs/glbl.v
	new file:   adc_ethernet1.ip_user_files/sim_scripts/ddr3/vcs/mig_a.prj
	new file:   adc_ethernet1.ip_user_files/sim_scripts/ddr3/vcs/simulate.do
	new file:   adc_ethernet1.ip_user_files/sim_scripts/ddr3/xil_txt.in
	new file:   adc_ethernet1.ip_user_files/sim_scripts/ddr3/xil_txt.out
	new file:   adc_ethernet1.ip_user_files/sim_scripts/ddr3/xil_upgrade.in
	new file:   adc_ethernet1.ip_user_files/sim_scripts/ddr3/xil_upgrade.out
	new file:   adc_ethernet1.ip_user_files/sim_scripts/ddr3/xsim/README.txt
	new file:   adc_ethernet1.ip_user_files/sim_scripts/ddr3/xsim/cmd.tcl
	new file:   adc_ethernet1.ip_user_files/sim_scripts/ddr3/xsim/ddr3.sh
	new file:   adc_ethernet1.ip_user_files/sim_scripts/ddr3/xsim/file_info.txt
	new file:   adc_ethernet1.ip_user_files/sim_scripts/ddr3/xsim/filelist.f
	new file:   adc_ethernet1.ip_user_files/sim_scripts/ddr3/xsim/glbl.v
	new file:   adc_ethernet1.ip_user_files/sim_scripts/ddr3/xsim/mig_a.prj
	new file:   adc_ethernet1.ip_user_files/sim_scripts/ddr3/xsim/vlog.prj
	new file:   adc_ethernet1.ip_user_files/sim_scripts/sys_pll/README.txt
	new file:   adc_ethernet1.ip_user_files/sim_scripts/sys_pll/ies/README.txt
	new file:   adc_ethernet1.ip_user_files/sim_scripts/sys_pll/ies/file_info.txt
	new file:   adc_ethernet1.ip_user_files/sim_scripts/sys_pll/ies/filelist.f
	new file:   adc_ethernet1.ip_user_files/sim_scripts/sys_pll/ies/filelist_irun.f
	new file:   adc_ethernet1.ip_user_files/sim_scripts/sys_pll/ies/glbl.v
	new file:   adc_ethernet1.ip_user_files/sim_scripts/sys_pll/ies/simulate.do
	new file:   adc_ethernet1.ip_user_files/sim_scripts/sys_pll/ies/sys_pll.sh
	new file:   adc_ethernet1.ip_user_files/sim_scripts/sys_pll/modelsim/README.txt
	new file:   adc_ethernet1.ip_user_files/sim_scripts/sys_pll/modelsim/compile.do
	new file:   adc_ethernet1.ip_user_files/sim_scripts/sys_pll/modelsim/file_info.txt
	new file:   adc_ethernet1.ip_user_files/sim_scripts/sys_pll/modelsim/filelist.f
	new file:   adc_ethernet1.ip_user_files/sim_scripts/sys_pll/modelsim/glbl.v
	new file:   adc_ethernet1.ip_user_files/sim_scripts/sys_pll/modelsim/simulate.do
	new file:   adc_ethernet1.ip_user_files/sim_scripts/sys_pll/modelsim/sys_pll.sh
	new file:   adc_ethernet1.ip_user_files/sim_scripts/sys_pll/modelsim/sys_pll.udo
	new file:   adc_ethernet1.ip_user_files/sim_scripts/sys_pll/modelsim/wave.do
	new file:   adc_ethernet1.ip_user_files/sim_scripts/sys_pll/questa/README.txt
	new file:   adc_ethernet1.ip_user_files/sim_scripts/sys_pll/questa/compile.do
	new file:   adc_ethernet1.ip_user_files/sim_scripts/sys_pll/questa/elaborate.do
	new file:   adc_ethernet1.ip_user_files/sim_scripts/sys_pll/questa/file_info.txt
	new file:   adc_ethernet1.ip_user_files/sim_scripts/sys_pll/questa/filelist.f
	new file:   adc_ethernet1.ip_user_files/sim_scripts/sys_pll/questa/glbl.v
	new file:   adc_ethernet1.ip_user_files/sim_scripts/sys_pll/questa/simulate.do
	new file:   adc_ethernet1.ip_user_files/sim_scripts/sys_pll/questa/sys_pll.sh
	new file:   adc_ethernet1.ip_user_files/sim_scripts/sys_pll/questa/sys_pll.udo
	new file:   adc_ethernet1.ip_user_files/sim_scripts/sys_pll/questa/wave.do
	new file:   adc_ethernet1.ip_user_files/sim_scripts/sys_pll/vcs/README.txt
	new file:   adc_ethernet1.ip_user_files/sim_scripts/sys_pll/vcs/file_info.txt
	new file:   adc_ethernet1.ip_user_files/sim_scripts/sys_pll/vcs/filelist.f
	new file:   adc_ethernet1.ip_user_files/sim_scripts/sys_pll/vcs/glbl.v
	new file:   adc_ethernet1.ip_user_files/sim_scripts/sys_pll/vcs/simulate.do
	new file:   adc_ethernet1.ip_user_files/sim_scripts/sys_pll/vcs/sys_pll.sh
	new file:   adc_ethernet1.ip_user_files/sim_scripts/sys_pll/xsim/README.txt
	new file:   adc_ethernet1.ip_user_files/sim_scripts/sys_pll/xsim/cmd.tcl
	new file:   adc_ethernet1.ip_user_files/sim_scripts/sys_pll/xsim/file_info.txt
	new file:   adc_ethernet1.ip_user_files/sim_scripts/sys_pll/xsim/filelist.f
	new file:   adc_ethernet1.ip_user_files/sim_scripts/sys_pll/xsim/glbl.v
	new file:   adc_ethernet1.ip_user_files/sim_scripts/sys_pll/xsim/sys_pll.sh
	new file:   adc_ethernet1.ip_user_files/sim_scripts/sys_pll/xsim/vlog.prj
	new file:   adc_ethernet1.ip_user_files/sim_scripts/video_pll/README.txt
	new file:   adc_ethernet1.ip_user_files/sim_scripts/video_pll/ies/README.txt
	new file:   adc_ethernet1.ip_user_files/sim_scripts/video_pll/ies/file_info.txt
	new file:   adc_ethernet1.ip_user_files/sim_scripts/video_pll/ies/filelist.f
	new file:   adc_ethernet1.ip_user_files/sim_scripts/video_pll/ies/filelist_irun.f
	new file:   adc_ethernet1.ip_user_files/sim_scripts/video_pll/ies/glbl.v
	new file:   adc_ethernet1.ip_user_files/sim_scripts/video_pll/ies/simulate.do
	new file:   adc_ethernet1.ip_user_files/sim_scripts/video_pll/ies/video_pll.sh
	new file:   adc_ethernet1.ip_user_files/sim_scripts/video_pll/modelsim/README.txt
	new file:   adc_ethernet1.ip_user_files/sim_scripts/video_pll/modelsim/compile.do
	new file:   adc_ethernet1.ip_user_files/sim_scripts/video_pll/modelsim/file_info.txt
	new file:   adc_ethernet1.ip_user_files/sim_scripts/video_pll/modelsim/filelist.f
	new file:   adc_ethernet1.ip_user_files/sim_scripts/video_pll/modelsim/glbl.v
	new file:   adc_ethernet1.ip_user_files/sim_scripts/video_pll/modelsim/simulate.do
	new file:   adc_ethernet1.ip_user_files/sim_scripts/video_pll/modelsim/video_pll.sh
	new file:   adc_ethernet1.ip_user_files/sim_scripts/video_pll/modelsim/video_pll.udo
	new file:   adc_ethernet1.ip_user_files/sim_scripts/video_pll/modelsim/wave.do
	new file:   adc_ethernet1.ip_user_files/sim_scripts/video_pll/questa/README.txt
	new file:   adc_ethernet1.ip_user_files/sim_scripts/video_pll/questa/compile.do
	new file:   adc_ethernet1.ip_user_files/sim_scripts/video_pll/questa/elaborate.do
	new file:   adc_ethernet1.ip_user_files/sim_scripts/video_pll/questa/file_info.txt
	new file:   adc_ethernet1.ip_user_files/sim_scripts/video_pll/questa/filelist.f
	new file:   adc_ethernet1.ip_user_files/sim_scripts/video_pll/questa/glbl.v
	new file:   adc_ethernet1.ip_user_files/sim_scripts/video_pll/questa/simulate.do
	new file:   adc_ethernet1.ip_user_files/sim_scripts/video_pll/questa/video_pll.sh
	new file:   adc_ethernet1.ip_user_files/sim_scripts/video_pll/questa/video_pll.udo
	new file:   adc_ethernet1.ip_user_files/sim_scripts/video_pll/questa/wave.do
	new file:   adc_ethernet1.ip_user_files/sim_scripts/video_pll/vcs/README.txt
	new file:   adc_ethernet1.ip_user_files/sim_scripts/video_pll/vcs/file_info.txt
	new file:   adc_ethernet1.ip_user_files/sim_scripts/video_pll/vcs/filelist.f
	new file:   adc_ethernet1.ip_user_files/sim_scripts/video_pll/vcs/glbl.v
	new file:   adc_ethernet1.ip_user_files/sim_scripts/video_pll/vcs/simulate.do
	new file:   adc_ethernet1.ip_user_files/sim_scripts/video_pll/vcs/video_pll.sh
	new file:   adc_ethernet1.ip_user_files/sim_scripts/video_pll/xsim/README.txt
	new file:   adc_ethernet1.ip_user_files/sim_scripts/video_pll/xsim/cmd.tcl
	new file:   adc_ethernet1.ip_user_files/sim_scripts/video_pll/xsim/file_info.txt
	new file:   adc_ethernet1.ip_user_files/sim_scripts/video_pll/xsim/filelist.f
	new file:   adc_ethernet1.ip_user_files/sim_scripts/video_pll/xsim/glbl.v
	new file:   adc_ethernet1.ip_user_files/sim_scripts/video_pll/xsim/video_pll.sh
	new file:   adc_ethernet1.ip_user_files/sim_scripts/video_pll/xsim/vlog.prj
	new file:   ddr3_ov5640_an430_lcd.ip_user_files/README.txt
	new file:   ddr3_ov5640_an430_lcd.ip_user_files/ip/adc_pll/adc_pll.veo
	new file:   ddr3_ov5640_an430_lcd.ip_user_files/ip/adc_pll/adc_pll_stub.v
	new file:   ddr3_ov5640_an430_lcd.ip_user_files/ip/adc_pll/adc_pll_stub.vhdl
	new file:   ddr3_ov5640_an430_lcd.ip_user_files/ip/afifo_16i_64o_512/afifo_16i_64o_512.veo
	new file:   ddr3_ov5640_an430_lcd.ip_user_files/ip/afifo_16i_64o_512/afifo_16i_64o_512.vho
	new file:   ddr3_ov5640_an430_lcd.ip_user_files/ip/afifo_16i_64o_512/afifo_16i_64o_512_stub.v
	new file:   ddr3_ov5640_an430_lcd.ip_user_files/ip/afifo_16i_64o_512/afifo_16i_64o_512_stub.vhdl
	new file:   ddr3_ov5640_an430_lcd.ip_user_files/ip/afifo_64i_16o_128/afifo_64i_16o_128.veo
	new file:   ddr3_ov5640_an430_lcd.ip_user_files/ip/afifo_64i_16o_128/afifo_64i_16o_128.vho
	new file:   ddr3_ov5640_an430_lcd.ip_user_files/ip/afifo_64i_16o_128/afifo_64i_16o_128_stub.v
	new file:   ddr3_ov5640_an430_lcd.ip_user_files/ip/afifo_64i_16o_128/afifo_64i_16o_128_stub.vhdl
	new file:   ddr3_ov5640_an430_lcd.ip_user_files/ip/cordic_0/cordic_0.veo
	new file:   ddr3_ov5640_an430_lcd.ip_user_files/ip/cordic_0/cordic_0.vho
	new file:   ddr3_ov5640_an430_lcd.ip_user_files/ip/cordic_0/cordic_0_stub.v
	new file:   ddr3_ov5640_an430_lcd.ip_user_files/ip/cordic_0/cordic_0_stub.vhdl
	new file:   ddr3_ov5640_an430_lcd.ip_user_files/ip/ddr3/ddr3.dcp
	new file:   ddr3_ov5640_an430_lcd.ip_user_files/ip/ddr3/ddr3.veo
	new file:   ddr3_ov5640_an430_lcd.ip_user_files/ip/ddr3/ddr3.xci
	new file:   ddr3_ov5640_an430_lcd.ip_user_files/ip/ddr3/ddr3.xml
	new file:   ddr3_ov5640_an430_lcd.ip_user_files/ip/ddr3/ddr3_sim_netlist.v
	new file:   ddr3_ov5640_an430_lcd.ip_user_files/ip/ddr3/ddr3_sim_netlist.vhdl
	new file:   ddr3_ov5640_an430_lcd.ip_user_files/ip/ddr3/ddr3_stub.v
	new file:   ddr3_ov5640_an430_lcd.ip_user_files/ip/ddr3/ddr3_stub.vhdl
	new file:   ddr3_ov5640_an430_lcd.ip_user_files/ip/ddr3/ddr3_xmdf.tcl
	new file:   ddr3_ov5640_an430_lcd.ip_user_files/ip/ddr3/mig_a.prj
	new file:   ddr3_ov5640_an430_lcd.ip_user_files/ip/ddr3/mig_b.prj
	new file:   ddr3_ov5640_an430_lcd.ip_user_files/ip/ddr3/tcl.log
	new file:   ddr3_ov5640_an430_lcd.ip_user_files/ip/ddr3/xil_txt.in
	new file:   ddr3_ov5640_an430_lcd.ip_user_files/ip/ddr3/xil_txt.out
	new file:   ddr3_ov5640_an430_lcd.ip_user_files/ip/ddr3/xil_upgrade.in
	new file:   ddr3_ov5640_an430_lcd.ip_user_files/ip/ddr3/xil_upgrade.out
	new file:   ddr3_ov5640_an430_lcd.ip_user_files/ip/fft_ls/fft_ls.veo
	new file:   ddr3_ov5640_an430_lcd.ip_user_files/ip/fft_ls/fft_ls.vho
	new file:   ddr3_ov5640_an430_lcd.ip_user_files/ip/fft_ls/fft_ls_stub.v
	new file:   ddr3_ov5640_an430_lcd.ip_user_files/ip/fft_ls/fft_ls_stub.vhdl
	new file:   ddr3_ov5640_an430_lcd.ip_user_files/ip/my_cordic_1/my_cordic_1.veo
	new file:   ddr3_ov5640_an430_lcd.ip_user_files/ip/my_cordic_1/my_cordic_1.vho
	new file:   ddr3_ov5640_an430_lcd.ip_user_files/ip/my_cordic_1/my_cordic_1_stub.v
	new file:   ddr3_ov5640_an430_lcd.ip_user_files/ip/my_cordic_1/my_cordic_1_stub.vhdl
	new file:   ddr3_ov5640_an430_lcd.ip_user_files/ipstatic/hdl/axi_utils_v2_0_vh_rfs.vhd
	new file:   ddr3_ov5640_an430_lcd.ip_user_files/ipstatic/hdl/c_addsub_v12_0_vh_rfs.vhd
	new file:   ddr3_ov5640_an430_lcd.ip_user_files/ipstatic/hdl/c_mux_bit_v12_0_vh_rfs.vhd
	new file:   ddr3_ov5640_an430_lcd.ip_user_files/ipstatic/hdl/c_reg_fd_v12_0_vh_rfs.vhd
	new file:   ddr3_ov5640_an430_lcd.ip_user_files/ipstatic/hdl/c_shift_ram_v12_0_vh_rfs.vhd
	new file:   ddr3_ov5640_an430_lcd.ip_user_files/ipstatic/hdl/cmpy_v6_0_vh_rfs.vhd
	new file:   ddr3_ov5640_an430_lcd.ip_user_files/ipstatic/hdl/cordic_v6_0_vh_rfs.vhd
	new file:   ddr3_ov5640_an430_lcd.ip_user_files/ipstatic/hdl/fifo_generator_v13_2_rfs.v
	new file:   ddr3_ov5640_an430_lcd.ip_user_files/ipstatic/hdl/fifo_generator_v13_2_rfs.vhd
	new file:   ddr3_ov5640_an430_lcd.ip_user_files/ipstatic/hdl/floating_point_v7_0_vh_rfs.vhd
	new file:   ddr3_ov5640_an430_lcd.ip_user_files/ipstatic/hdl/mult_gen_v12_0_vh_rfs.vhd
	new file:   ddr3_ov5640_an430_lcd.ip_user_files/ipstatic/hdl/xbip_addsub_v3_0_vh_rfs.vhd
	new file:   ddr3_ov5640_an430_lcd.ip_user_files/ipstatic/hdl/xbip_bram18k_v3_0_vh_rfs.vhd
	new file:   ddr3_ov5640_an430_lcd.ip_user_files/ipstatic/hdl/xbip_dsp48_addsub_v3_0_vh_rfs.vhd
	new file:   ddr3_ov5640_an430_lcd.ip_user_files/ipstatic/hdl/xbip_dsp48_wrapper_v3_0_vh_rfs.vhd
	new file:   ddr3_ov5640_an430_lcd.ip_user_files/ipstatic/hdl/xbip_pipe_v3_0_vh_rfs.vhd
	new file:   ddr3_ov5640_an430_lcd.ip_user_files/ipstatic/hdl/xbip_utils_v3_0_vh_rfs.vhd
	new file:   ddr3_ov5640_an430_lcd.ip_user_files/ipstatic/hdl/xfft_v9_1_vh_rfs.vhd
	new file:   ddr3_ov5640_an430_lcd.ip_user_files/ipstatic/simulation/fifo_generator_vlog_beh.v
	new file:   ddr3_ov5640_an430_lcd.ip_user_files/mem_init_files/mig_a.prj
	new file:   ddr3_ov5640_an430_lcd.ip_user_files/mem_init_files/mig_b.prj
	new file:   ddr3_ov5640_an430_lcd.ip_user_files/sim_scripts/adc_pll/README.txt
	new file:   ddr3_ov5640_an430_lcd.ip_user_files/sim_scripts/adc_pll/activehdl/README.txt
	new file:   ddr3_ov5640_an430_lcd.ip_user_files/sim_scripts/adc_pll/activehdl/adc_pll.sh
	new file:   ddr3_ov5640_an430_lcd.ip_user_files/sim_scripts/adc_pll/activehdl/adc_pll.udo
	new file:   ddr3_ov5640_an430_lcd.ip_user_files/sim_scripts/adc_pll/activehdl/compile.do
	new file:   ddr3_ov5640_an430_lcd.ip_user_files/sim_scripts/adc_pll/activehdl/file_info.txt
	new file:   ddr3_ov5640_an430_lcd.ip_user_files/sim_scripts/adc_pll/activehdl/glbl.v
	new file:   ddr3_ov5640_an430_lcd.ip_user_files/sim_scripts/adc_pll/activehdl/simulate.do
	new file:   ddr3_ov5640_an430_lcd.ip_user_files/sim_scripts/adc_pll/activehdl/wave.do
	new file:   ddr3_ov5640_an430_lcd.ip_user_files/sim_scripts/adc_pll/ies/README.txt
	new file:   ddr3_ov5640_an430_lcd.ip_user_files/sim_scripts/adc_pll/ies/adc_pll.sh
	new file:   ddr3_ov5640_an430_lcd.ip_user_files/sim_scripts/adc_pll/ies/file_info.txt
	new file:   ddr3_ov5640_an430_lcd.ip_user_files/sim_scripts/adc_pll/ies/glbl.v
	new file:   ddr3_ov5640_an430_lcd.ip_user_files/sim_scripts/adc_pll/ies/run.f
	new file:   ddr3_ov5640_an430_lcd.ip_user_files/sim_scripts/adc_pll/modelsim/README.txt
	new file:   ddr3_ov5640_an430_lcd.ip_user_files/sim_scripts/adc_pll/modelsim/adc_pll.sh
	new file:   ddr3_ov5640_an430_lcd.ip_user_files/sim_scripts/adc_pll/modelsim/adc_pll.udo
	new file:   ddr3_ov5640_an430_lcd.ip_user_files/sim_scripts/adc_pll/modelsim/compile.do
	new file:   ddr3_ov5640_an430_lcd.ip_user_files/sim_scripts/adc_pll/modelsim/file_info.txt
	new file:   ddr3_ov5640_an430_lcd.ip_user_files/sim_scripts/adc_pll/modelsim/glbl.v
	new file:   ddr3_ov5640_an430_lcd.ip_user_files/sim_scripts/adc_pll/modelsim/simulate.do
	new file:   ddr3_ov5640_an430_lcd.ip_user_files/sim_scripts/adc_pll/modelsim/wave.do
	new file:   ddr3_ov5640_an430_lcd.ip_user_files/sim_scripts/adc_pll/questa/README.txt
	new file:   ddr3_ov5640_an430_lcd.ip_user_files/sim_scripts/adc_pll/questa/adc_pll.sh
	new file:   ddr3_ov5640_an430_lcd.ip_user_files/sim_scripts/adc_pll/questa/adc_pll.udo
	new file:   ddr3_ov5640_an430_lcd.ip_user_files/sim_scripts/adc_pll/questa/compile.do
	new file:   ddr3_ov5640_an430_lcd.ip_user_files/sim_scripts/adc_pll/questa/elaborate.do
	new file:   ddr3_ov5640_an430_lcd.ip_user_files/sim_scripts/adc_pll/questa/file_info.txt
	new file:   ddr3_ov5640_an430_lcd.ip_user_files/sim_scripts/adc_pll/questa/glbl.v
	new file:   ddr3_ov5640_an430_lcd.ip_user_files/sim_scripts/adc_pll/questa/simulate.do
	new file:   ddr3_ov5640_an430_lcd.ip_user_files/sim_scripts/adc_pll/questa/wave.do
	new file:   ddr3_ov5640_an430_lcd.ip_user_files/sim_scripts/adc_pll/riviera/README.txt
	new file:   ddr3_ov5640_an430_lcd.ip_user_files/sim_scripts/adc_pll/riviera/adc_pll.sh
	new file:   ddr3_ov5640_an430_lcd.ip_user_files/sim_scripts/adc_pll/riviera/adc_pll.udo
	new file:   ddr3_ov5640_an430_lcd.ip_user_files/sim_scripts/adc_pll/riviera/compile.do
	new file:   ddr3_ov5640_an430_lcd.ip_user_files/sim_scripts/adc_pll/riviera/file_info.txt
	new file:   ddr3_ov5640_an430_lcd.ip_user_files/sim_scripts/adc_pll/riviera/glbl.v
	new file:   ddr3_ov5640_an430_lcd.ip_user_files/sim_scripts/adc_pll/riviera/simulate.do
	new file:   ddr3_ov5640_an430_lcd.ip_user_files/sim_scripts/adc_pll/riviera/wave.do
	new file:   ddr3_ov5640_an430_lcd.ip_user_files/sim_scripts/adc_pll/vcs/README.txt
	new file:   ddr3_ov5640_an430_lcd.ip_user_files/sim_scripts/adc_pll/vcs/adc_pll.sh
	new file:   ddr3_ov5640_an430_lcd.ip_user_files/sim_scripts/adc_pll/vcs/file_info.txt
	new file:   ddr3_ov5640_an430_lcd.ip_user_files/sim_scripts/adc_pll/vcs/glbl.v
	new file:   ddr3_ov5640_an430_lcd.ip_user_files/sim_scripts/adc_pll/vcs/simulate.do
	new file:   ddr3_ov5640_an430_lcd.ip_user_files/sim_scripts/adc_pll/xcelium/README.txt
	new file:   ddr3_ov5640_an430_lcd.ip_user_files/sim_scripts/adc_pll/xcelium/adc_pll.sh
	new file:   ddr3_ov5640_an430_lcd.ip_user_files/sim_scripts/adc_pll/xcelium/file_info.txt
	new file:   ddr3_ov5640_an430_lcd.ip_user_files/sim_scripts/adc_pll/xcelium/glbl.v
	new file:   ddr3_ov5640_an430_lcd.ip_user_files/sim_scripts/adc_pll/xcelium/run.f
	new file:   ddr3_ov5640_an430_lcd.ip_user_files/sim_scripts/adc_pll/xsim/README.txt
	new file:   ddr3_ov5640_an430_lcd.ip_user_files/sim_scripts/adc_pll/xsim/adc_pll.sh
	new file:   ddr3_ov5640_an430_lcd.ip_user_files/sim_scripts/adc_pll/xsim/cmd.tcl
	new file:   ddr3_ov5640_an430_lcd.ip_user_files/sim_scripts/adc_pll/xsim/elab.opt
	new file:   ddr3_ov5640_an430_lcd.ip_user_files/sim_scripts/adc_pll/xsim/file_info.txt
	new file:   ddr3_ov5640_an430_lcd.ip_user_files/sim_scripts/adc_pll/xsim/glbl.v
	new file:   ddr3_ov5640_an430_lcd.ip_user_files/sim_scripts/adc_pll/xsim/vlog.prj
	new file:   ddr3_ov5640_an430_lcd.ip_user_files/sim_scripts/adc_pll/xsim/xsim.ini
	new file:   ddr3_ov5640_an430_lcd.ip_user_files/sim_scripts/afifo_16i_64o_512/README.txt
	new file:   ddr3_ov5640_an430_lcd.ip_user_files/sim_scripts/afifo_16i_64o_512/activehdl/README.txt
	new file:   ddr3_ov5640_an430_lcd.ip_user_files/sim_scripts/afifo_16i_64o_512/activehdl/afifo_16i_64o_512.sh
	new file:   ddr3_ov5640_an430_lcd.ip_user_files/sim_scripts/afifo_16i_64o_512/activehdl/afifo_16i_64o_512.udo
	new file:   ddr3_ov5640_an430_lcd.ip_user_files/sim_scripts/afifo_16i_64o_512/activehdl/compile.do
	new file:   ddr3_ov5640_an430_lcd.ip_user_files/sim_scripts/afifo_16i_64o_512/activehdl/file_info.txt
	new file:   ddr3_ov5640_an430_lcd.ip_user_files/sim_scripts/afifo_16i_64o_512/activehdl/glbl.v
	new file:   ddr3_ov5640_an430_lcd.ip_user_files/sim_scripts/afifo_16i_64o_512/activehdl/simulate.do
	new file:   ddr3_ov5640_an430_lcd.ip_user_files/sim_scripts/afifo_16i_64o_512/activehdl/wave.do
	new file:   ddr3_ov5640_an430_lcd.ip_user_files/sim_scripts/afifo_16i_64o_512/ies/README.txt
	new file:   ddr3_ov5640_an430_lcd.ip_user_files/sim_scripts/afifo_16i_64o_512/ies/afifo_16i_64o_512.sh
	new file:   ddr3_ov5640_an430_lcd.ip_user_files/sim_scripts/afifo_16i_64o_512/ies/file_info.txt
	new file:   ddr3_ov5640_an430_lcd.ip_user_files/sim_scripts/afifo_16i_64o_512/ies/glbl.v
	new file:   ddr3_ov5640_an430_lcd.ip_user_files/sim_scripts/afifo_16i_64o_512/ies/run.f
	new file:   ddr3_ov5640_an430_lcd.ip_user_files/sim_scripts/afifo_16i_64o_512/modelsim/README.txt
	new file:   ddr3_ov5640_an430_lcd.ip_user_files/sim_scripts/afifo_16i_64o_512/modelsim/afifo_16i_64o_512.sh
	new file:   ddr3_ov5640_an430_lcd.ip_user_files/sim_scripts/afifo_16i_64o_512/modelsim/afifo_16i_64o_512.udo
	new file:   ddr3_ov5640_an430_lcd.ip_user_files/sim_scripts/afifo_16i_64o_512/modelsim/compile.do
	new file:   ddr3_ov5640_an430_lcd.ip_user_files/sim_scripts/afifo_16i_64o_512/modelsim/file_info.txt
	new file:   ddr3_ov5640_an430_lcd.ip_user_files/sim_scripts/afifo_16i_64o_512/modelsim/glbl.v
	new file:   ddr3_ov5640_an430_lcd.ip_user_files/sim_scripts/afifo_16i_64o_512/modelsim/simulate.do
	new file:   ddr3_ov5640_an430_lcd.ip_user_files/sim_scripts/afifo_16i_64o_512/modelsim/wave.do
	new file:   ddr3_ov5640_an430_lcd.ip_user_files/sim_scripts/afifo_16i_64o_512/questa/README.txt
	new file:   ddr3_ov5640_an430_lcd.ip_user_files/sim_scripts/afifo_16i_64o_512/questa/afifo_16i_64o_512.sh
	new file:   ddr3_ov5640_an430_lcd.ip_user_files/sim_scripts/afifo_16i_64o_512/questa/afifo_16i_64o_512.udo
	new file:   ddr3_ov5640_an430_lcd.ip_user_files/sim_scripts/afifo_16i_64o_512/questa/compile.do
	new file:   ddr3_ov5640_an430_lcd.ip_user_files/sim_scripts/afifo_16i_64o_512/questa/elaborate.do
	new file:   ddr3_ov5640_an430_lcd.ip_user_files/sim_scripts/afifo_16i_64o_512/questa/file_info.txt
	new file:   ddr3_ov5640_an430_lcd.ip_user_files/sim_scripts/afifo_16i_64o_512/questa/glbl.v
	new file:   ddr3_ov5640_an430_lcd.ip_user_files/sim_scripts/afifo_16i_64o_512/questa/simulate.do
	new file:   ddr3_ov5640_an430_lcd.ip_user_files/sim_scripts/afifo_16i_64o_512/questa/wave.do
	new file:   ddr3_ov5640_an430_lcd.ip_user_files/sim_scripts/afifo_16i_64o_512/riviera/README.txt
	new file:   ddr3_ov5640_an430_lcd.ip_user_files/sim_scripts/afifo_16i_64o_512/riviera/afifo_16i_64o_512.sh
	new file:   ddr3_ov5640_an430_lcd.ip_user_files/sim_scripts/afifo_16i_64o_512/riviera/afifo_16i_64o_512.udo
	new file:   ddr3_ov5640_an430_lcd.ip_user_files/sim_scripts/afifo_16i_64o_512/riviera/compile.do
	new file:   ddr3_ov5640_an430_lcd.ip_user_files/sim_scripts/afifo_16i_64o_512/riviera/file_info.txt
	new file:   ddr3_ov5640_an430_lcd.ip_user_files/sim_scripts/afifo_16i_64o_512/riviera/glbl.v
	new file:   ddr3_ov5640_an430_lcd.ip_user_files/sim_scripts/afifo_16i_64o_512/riviera/simulate.do
	new file:   ddr3_ov5640_an430_lcd.ip_user_files/sim_scripts/afifo_16i_64o_512/riviera/wave.do
	new file:   ddr3_ov5640_an430_lcd.ip_user_files/sim_scripts/afifo_16i_64o_512/vcs/README.txt
	new file:   ddr3_ov5640_an430_lcd.ip_user_files/sim_scripts/afifo_16i_64o_512/vcs/afifo_16i_64o_512.sh
	new file:   ddr3_ov5640_an430_lcd.ip_user_files/sim_scripts/afifo_16i_64o_512/vcs/file_info.txt
	new file:   ddr3_ov5640_an430_lcd.ip_user_files/sim_scripts/afifo_16i_64o_512/vcs/glbl.v
	new file:   ddr3_ov5640_an430_lcd.ip_user_files/sim_scripts/afifo_16i_64o_512/vcs/simulate.do
	new file:   ddr3_ov5640_an430_lcd.ip_user_files/sim_scripts/afifo_16i_64o_512/xcelium/README.txt
	new file:   ddr3_ov5640_an430_lcd.ip_user_files/sim_scripts/afifo_16i_64o_512/xcelium/afifo_16i_64o_512.sh
	new file:   ddr3_ov5640_an430_lcd.ip_user_files/sim_scripts/afifo_16i_64o_512/xcelium/file_info.txt
	new file:   ddr3_ov5640_an430_lcd.ip_user_files/sim_scripts/afifo_16i_64o_512/xcelium/glbl.v
	new file:   ddr3_ov5640_an430_lcd.ip_user_files/sim_scripts/afifo_16i_64o_512/xcelium/run.f
	new file:   ddr3_ov5640_an430_lcd.ip_user_files/sim_scripts/afifo_16i_64o_512/xsim/README.txt
	new file:   ddr3_ov5640_an430_lcd.ip_user_files/sim_scripts/afifo_16i_64o_512/xsim/afifo_16i_64o_512.sh
	new file:   ddr3_ov5640_an430_lcd.ip_user_files/sim_scripts/afifo_16i_64o_512/xsim/cmd.tcl
	new file:   ddr3_ov5640_an430_lcd.ip_user_files/sim_scripts/afifo_16i_64o_512/xsim/elab.opt
	new file:   ddr3_ov5640_an430_lcd.ip_user_files/sim_scripts/afifo_16i_64o_512/xsim/file_info.txt
	new file:   ddr3_ov5640_an430_lcd.ip_user_files/sim_scripts/afifo_16i_64o_512/xsim/glbl.v
	new file:   ddr3_ov5640_an430_lcd.ip_user_files/sim_scripts/afifo_16i_64o_512/xsim/vhdl.prj
	new file:   ddr3_ov5640_an430_lcd.ip_user_files/sim_scripts/afifo_16i_64o_512/xsim/vlog.prj
	new file:   ddr3_ov5640_an430_lcd.ip_user_files/sim_scripts/afifo_16i_64o_512/xsim/xsim.ini
	new file:   ddr3_ov5640_an430_lcd.ip_user_files/sim_scripts/afifo_64i_16o_128/README.txt
	new file:   ddr3_ov5640_an430_lcd.ip_user_files/sim_scripts/afifo_64i_16o_128/activehdl/README.txt
	new file:   ddr3_ov5640_an430_lcd.ip_user_files/sim_scripts/afifo_64i_16o_128/activehdl/afifo_64i_16o_128.sh
	new file:   ddr3_ov5640_an430_lcd.ip_user_files/sim_scripts/afifo_64i_16o_128/activehdl/afifo_64i_16o_128.udo
	new file:   ddr3_ov5640_an430_lcd.ip_user_files/sim_scripts/afifo_64i_16o_128/activehdl/compile.do
	new file:   ddr3_ov5640_an430_lcd.ip_user_files/sim_scripts/afifo_64i_16o_128/activehdl/file_info.txt
	new file:   ddr3_ov5640_an430_lcd.ip_user_files/sim_scripts/afifo_64i_16o_128/activehdl/glbl.v
	new file:   ddr3_ov5640_an430_lcd.ip_user_files/sim_scripts/afifo_64i_16o_128/activehdl/simulate.do
	new file:   ddr3_ov5640_an430_lcd.ip_user_files/sim_scripts/afifo_64i_16o_128/activehdl/wave.do
	new file:   ddr3_ov5640_an430_lcd.ip_user_files/sim_scripts/afifo_64i_16o_128/ies/README.txt
	new file:   ddr3_ov5640_an430_lcd.ip_user_files/sim_scripts/afifo_64i_16o_128/ies/afifo_64i_16o_128.sh
	new file:   ddr3_ov5640_an430_lcd.ip_user_files/sim_scripts/afifo_64i_16o_128/ies/file_info.txt
	new file:   ddr3_ov5640_an430_lcd.ip_user_files/sim_scripts/afifo_64i_16o_128/ies/glbl.v
	new file:   ddr3_ov5640_an430_lcd.ip_user_files/sim_scripts/afifo_64i_16o_128/ies/run.f
	new file:   ddr3_ov5640_an430_lcd.ip_user_files/sim_scripts/afifo_64i_16o_128/modelsim/README.txt
	new file:   ddr3_ov5640_an430_lcd.ip_user_files/sim_scripts/afifo_64i_16o_128/modelsim/afifo_64i_16o_128.sh
	new file:   ddr3_ov5640_an430_lcd.ip_user_files/sim_scripts/afifo_64i_16o_128/modelsim/afifo_64i_16o_128.udo
	new file:   ddr3_ov5640_an430_lcd.ip_user_files/sim_scripts/afifo_64i_16o_128/modelsim/compile.do
	new file:   ddr3_ov5640_an430_lcd.ip_user_files/sim_scripts/afifo_64i_16o_128/modelsim/file_info.txt
	new file:   ddr3_ov5640_an430_lcd.ip_user_files/sim_scripts/afifo_64i_16o_128/modelsim/glbl.v
	new file:   ddr3_ov5640_an430_lcd.ip_user_files/sim_scripts/afifo_64i_16o_128/modelsim/simulate.do
	new file:   ddr3_ov5640_an430_lcd.ip_user_files/sim_scripts/afifo_64i_16o_128/modelsim/wave.do
	new file:   ddr3_ov5640_an430_lcd.ip_user_files/sim_scripts/afifo_64i_16o_128/questa/README.txt
	new file:   ddr3_ov5640_an430_lcd.ip_user_files/sim_scripts/afifo_64i_16o_128/questa/afifo_64i_16o_128.sh
	new file:   ddr3_ov5640_an430_lcd.ip_user_files/sim_scripts/afifo_64i_16o_128/questa/afifo_64i_16o_128.udo
	new file:   ddr3_ov5640_an430_lcd.ip_user_files/sim_scripts/afifo_64i_16o_128/questa/compile.do
	new file:   ddr3_ov5640_an430_lcd.ip_user_files/sim_scripts/afifo_64i_16o_128/questa/elaborate.do
	new file:   ddr3_ov5640_an430_lcd.ip_user_files/sim_scripts/afifo_64i_16o_128/questa/file_info.txt
	new file:   ddr3_ov5640_an430_lcd.ip_user_files/sim_scripts/afifo_64i_16o_128/questa/glbl.v
	new file:   ddr3_ov5640_an430_lcd.ip_user_files/sim_scripts/afifo_64i_16o_128/questa/simulate.do
	new file:   ddr3_ov5640_an430_lcd.ip_user_files/sim_scripts/afifo_64i_16o_128/questa/wave.do
	new file:   ddr3_ov5640_an430_lcd.ip_user_files/sim_scripts/afifo_64i_16o_128/riviera/README.txt
	new file:   ddr3_ov5640_an430_lcd.ip_user_files/sim_scripts/afifo_64i_16o_128/riviera/afifo_64i_16o_128.sh
	new file:   ddr3_ov5640_an430_lcd.ip_user_files/sim_scripts/afifo_64i_16o_128/riviera/afifo_64i_16o_128.udo
	new file:   ddr3_ov5640_an430_lcd.ip_user_files/sim_scripts/afifo_64i_16o_128/riviera/compile.do
	new file:   ddr3_ov5640_an430_lcd.ip_user_files/sim_scripts/afifo_64i_16o_128/riviera/file_info.txt
	new file:   ddr3_ov5640_an430_lcd.ip_user_files/sim_scripts/afifo_64i_16o_128/riviera/glbl.v
	new file:   ddr3_ov5640_an430_lcd.ip_user_files/sim_scripts/afifo_64i_16o_128/riviera/simulate.do
	new file:   ddr3_ov5640_an430_lcd.ip_user_files/sim_scripts/afifo_64i_16o_128/riviera/wave.do
	new file:   ddr3_ov5640_an430_lcd.ip_user_files/sim_scripts/afifo_64i_16o_128/vcs/README.txt
	new file:   ddr3_ov5640_an430_lcd.ip_user_files/sim_scripts/afifo_64i_16o_128/vcs/afifo_64i_16o_128.sh
	new file:   ddr3_ov5640_an430_lcd.ip_user_files/sim_scripts/afifo_64i_16o_128/vcs/file_info.txt
	new file:   ddr3_ov5640_an430_lcd.ip_user_files/sim_scripts/afifo_64i_16o_128/vcs/glbl.v
	new file:   ddr3_ov5640_an430_lcd.ip_user_files/sim_scripts/afifo_64i_16o_128/vcs/simulate.do
	new file:   ddr3_ov5640_an430_lcd.ip_user_files/sim_scripts/afifo_64i_16o_128/xcelium/README.txt
	new file:   ddr3_ov5640_an430_lcd.ip_user_files/sim_scripts/afifo_64i_16o_128/xcelium/afifo_64i_16o_128.sh
	new file:   ddr3_ov5640_an430_lcd.ip_user_files/sim_scripts/afifo_64i_16o_128/xcelium/file_info.txt
	new file:   ddr3_ov5640_an430_lcd.ip_user_files/sim_scripts/afifo_64i_16o_128/xcelium/glbl.v
	new file:   ddr3_ov5640_an430_lcd.ip_user_files/sim_scripts/afifo_64i_16o_128/xcelium/run.f
	new file:   ddr3_ov5640_an430_lcd.ip_user_files/sim_scripts/afifo_64i_16o_128/xsim/README.txt
	new file:   ddr3_ov5640_an430_lcd.ip_user_files/sim_scripts/afifo_64i_16o_128/xsim/afifo_64i_16o_128.sh
	new file:   ddr3_ov5640_an430_lcd.ip_user_files/sim_scripts/afifo_64i_16o_128/xsim/cmd.tcl
	new file:   ddr3_ov5640_an430_lcd.ip_user_files/sim_scripts/afifo_64i_16o_128/xsim/elab.opt
	new file:   ddr3_ov5640_an430_lcd.ip_user_files/sim_scripts/afifo_64i_16o_128/xsim/file_info.txt
	new file:   ddr3_ov5640_an430_lcd.ip_user_files/sim_scripts/afifo_64i_16o_128/xsim/glbl.v
	new file:   ddr3_ov5640_an430_lcd.ip_user_files/sim_scripts/afifo_64i_16o_128/xsim/vhdl.prj
	new file:   ddr3_ov5640_an430_lcd.ip_user_files/sim_scripts/afifo_64i_16o_128/xsim/vlog.prj
	new file:   ddr3_ov5640_an430_lcd.ip_user_files/sim_scripts/afifo_64i_16o_128/xsim/xsim.ini
	new file:   ddr3_ov5640_an430_lcd.ip_user_files/sim_scripts/cordic_0/README.txt
	new file:   ddr3_ov5640_an430_lcd.ip_user_files/sim_scripts/cordic_0/activehdl/README.txt
	new file:   ddr3_ov5640_an430_lcd.ip_user_files/sim_scripts/cordic_0/activehdl/compile.do
	new file:   ddr3_ov5640_an430_lcd.ip_user_files/sim_scripts/cordic_0/activehdl/cordic_0.sh
	new file:   ddr3_ov5640_an430_lcd.ip_user_files/sim_scripts/cordic_0/activehdl/cordic_0.udo
	new file:   ddr3_ov5640_an430_lcd.ip_user_files/sim_scripts/cordic_0/activehdl/file_info.txt
	new file:   ddr3_ov5640_an430_lcd.ip_user_files/sim_scripts/cordic_0/activehdl/glbl.v
	new file:   ddr3_ov5640_an430_lcd.ip_user_files/sim_scripts/cordic_0/activehdl/simulate.do
	new file:   ddr3_ov5640_an430_lcd.ip_user_files/sim_scripts/cordic_0/activehdl/wave.do
	new file:   ddr3_ov5640_an430_lcd.ip_user_files/sim_scripts/cordic_0/ies/README.txt
	new file:   ddr3_ov5640_an430_lcd.ip_user_files/sim_scripts/cordic_0/ies/cordic_0.sh
	new file:   ddr3_ov5640_an430_lcd.ip_user_files/sim_scripts/cordic_0/ies/file_info.txt
	new file:   ddr3_ov5640_an430_lcd.ip_user_files/sim_scripts/cordic_0/ies/glbl.v
	new file:   ddr3_ov5640_an430_lcd.ip_user_files/sim_scripts/cordic_0/ies/run.f
	new file:   ddr3_ov5640_an430_lcd.ip_user_files/sim_scripts/cordic_0/modelsim/README.txt
	new file:   ddr3_ov5640_an430_lcd.ip_user_files/sim_scripts/cordic_0/modelsim/compile.do
	new file:   ddr3_ov5640_an430_lcd.ip_user_files/sim_scripts/cordic_0/modelsim/cordic_0.sh
	new file:   ddr3_ov5640_an430_lcd.ip_user_files/sim_scripts/cordic_0/modelsim/cordic_0.udo
	new file:   ddr3_ov5640_an430_lcd.ip_user_files/sim_scripts/cordic_0/modelsim/file_info.txt
	new file:   ddr3_ov5640_an430_lcd.ip_user_files/sim_scripts/cordic_0/modelsim/glbl.v
	new file:   ddr3_ov5640_an430_lcd.ip_user_files/sim_scripts/cordic_0/modelsim/simulate.do
	new file:   ddr3_ov5640_an430_lcd.ip_user_files/sim_scripts/cordic_0/modelsim/wave.do
	new file:   ddr3_ov5640_an430_lcd.ip_user_files/sim_scripts/cordic_0/questa/README.txt
	new file:   ddr3_ov5640_an430_lcd.ip_user_files/sim_scripts/cordic_0/questa/compile.do
	new file:   ddr3_ov5640_an430_lcd.ip_user_files/sim_scripts/cordic_0/questa/cordic_0.sh
	new file:   ddr3_ov5640_an430_lcd.ip_user_files/sim_scripts/cordic_0/questa/cordic_0.udo
	new file:   ddr3_ov5640_an430_lcd.ip_user_files/sim_scripts/cordic_0/questa/elaborate.do
	new file:   ddr3_ov5640_an430_lcd.ip_user_files/sim_scripts/cordic_0/questa/file_info.txt
	new file:   ddr3_ov5640_an430_lcd.ip_user_files/sim_scripts/cordic_0/questa/glbl.v
	new file:   ddr3_ov5640_an430_lcd.ip_user_files/sim_scripts/cordic_0/questa/simulate.do
	new file:   ddr3_ov5640_an430_lcd.ip_user_files/sim_scripts/cordic_0/questa/wave.do
	new file:   ddr3_ov5640_an430_lcd.ip_user_files/sim_scripts/cordic_0/riviera/README.txt
	new file:   ddr3_ov5640_an430_lcd.ip_user_files/sim_scripts/cordic_0/riviera/compile.do
	new file:   ddr3_ov5640_an430_lcd.ip_user_files/sim_scripts/cordic_0/riviera/cordic_0.sh
	new file:   ddr3_ov5640_an430_lcd.ip_user_files/sim_scripts/cordic_0/riviera/cordic_0.udo
	new file:   ddr3_ov5640_an430_lcd.ip_user_files/sim_scripts/cordic_0/riviera/file_info.txt
	new file:   ddr3_ov5640_an430_lcd.ip_user_files/sim_scripts/cordic_0/riviera/glbl.v
	new file:   ddr3_ov5640_an430_lcd.ip_user_files/sim_scripts/cordic_0/riviera/simulate.do
	new file:   ddr3_ov5640_an430_lcd.ip_user_files/sim_scripts/cordic_0/riviera/wave.do
	new file:   ddr3_ov5640_an430_lcd.ip_user_files/sim_scripts/cordic_0/vcs/README.txt
	new file:   ddr3_ov5640_an430_lcd.ip_user_files/sim_scripts/cordic_0/vcs/cordic_0.sh
	new file:   ddr3_ov5640_an430_lcd.ip_user_files/sim_scripts/cordic_0/vcs/file_info.txt
	new file:   ddr3_ov5640_an430_lcd.ip_user_files/sim_scripts/cordic_0/vcs/glbl.v
	new file:   ddr3_ov5640_an430_lcd.ip_user_files/sim_scripts/cordic_0/vcs/simulate.do
	new file:   ddr3_ov5640_an430_lcd.ip_user_files/sim_scripts/cordic_0/xcelium/README.txt
	new file:   ddr3_ov5640_an430_lcd.ip_user_files/sim_scripts/cordic_0/xcelium/cordic_0.sh
	new file:   ddr3_ov5640_an430_lcd.ip_user_files/sim_scripts/cordic_0/xcelium/file_info.txt
	new file:   ddr3_ov5640_an430_lcd.ip_user_files/sim_scripts/cordic_0/xcelium/glbl.v
	new file:   ddr3_ov5640_an430_lcd.ip_user_files/sim_scripts/cordic_0/xcelium/run.f
	new file:   ddr3_ov5640_an430_lcd.ip_user_files/sim_scripts/cordic_0/xsim/README.txt
	new file:   ddr3_ov5640_an430_lcd.ip_user_files/sim_scripts/cordic_0/xsim/cmd.tcl
	new file:   ddr3_ov5640_an430_lcd.ip_user_files/sim_scripts/cordic_0/xsim/cordic_0.sh
	new file:   ddr3_ov5640_an430_lcd.ip_user_files/sim_scripts/cordic_0/xsim/elab.opt
	new file:   ddr3_ov5640_an430_lcd.ip_user_files/sim_scripts/cordic_0/xsim/file_info.txt
	new file:   ddr3_ov5640_an430_lcd.ip_user_files/sim_scripts/cordic_0/xsim/glbl.v
	new file:   ddr3_ov5640_an430_lcd.ip_user_files/sim_scripts/cordic_0/xsim/vhdl.prj
	new file:   ddr3_ov5640_an430_lcd.ip_user_files/sim_scripts/cordic_0/xsim/vlog.prj
	new file:   ddr3_ov5640_an430_lcd.ip_user_files/sim_scripts/cordic_0/xsim/xsim.ini
	new file:   ddr3_ov5640_an430_lcd.ip_user_files/sim_scripts/ddr3/activehdl/README.txt
	new file:   ddr3_ov5640_an430_lcd.ip_user_files/sim_scripts/ddr3/activehdl/compile.do
	new file:   ddr3_ov5640_an430_lcd.ip_user_files/sim_scripts/ddr3/activehdl/ddr3.sh
	new file:   ddr3_ov5640_an430_lcd.ip_user_files/sim_scripts/ddr3/activehdl/ddr3.udo
	new file:   ddr3_ov5640_an430_lcd.ip_user_files/sim_scripts/ddr3/activehdl/file_info.txt
	new file:   ddr3_ov5640_an430_lcd.ip_user_files/sim_scripts/ddr3/activehdl/glbl.v
	new file:   ddr3_ov5640_an430_lcd.ip_user_files/sim_scripts/ddr3/activehdl/mig_a.prj
	new file:   ddr3_ov5640_an430_lcd.ip_user_files/sim_scripts/ddr3/activehdl/simulate.do
	new file:   ddr3_ov5640_an430_lcd.ip_user_files/sim_scripts/ddr3/activehdl/wave.do
	new file:   ddr3_ov5640_an430_lcd.ip_user_files/sim_scripts/ddr3/ddr3.dcp
	new file:   ddr3_ov5640_an430_lcd.ip_user_files/sim_scripts/ddr3/ddr3.veo
	new file:   ddr3_ov5640_an430_lcd.ip_user_files/sim_scripts/ddr3/ddr3.xci
	new file:   ddr3_ov5640_an430_lcd.ip_user_files/sim_scripts/ddr3/ddr3.xml
	new file:   ddr3_ov5640_an430_lcd.ip_user_files/sim_scripts/ddr3/ddr3_sim_netlist.v
	new file:   ddr3_ov5640_an430_lcd.ip_user_files/sim_scripts/ddr3/ddr3_sim_netlist.vhdl
	new file:   ddr3_ov5640_an430_lcd.ip_user_files/sim_scripts/ddr3/ddr3_stub.v
	new file:   ddr3_ov5640_an430_lcd.ip_user_files/sim_scripts/ddr3/ddr3_stub.vhdl
	new file:   ddr3_ov5640_an430_lcd.ip_user_files/sim_scripts/ddr3/ddr3_xmdf.tcl
	new file:   ddr3_ov5640_an430_lcd.ip_user_files/sim_scripts/ddr3/ies/README.txt
	new file:   ddr3_ov5640_an430_lcd.ip_user_files/sim_scripts/ddr3/ies/ddr3.sh
	new file:   ddr3_ov5640_an430_lcd.ip_user_files/sim_scripts/ddr3/ies/file_info.txt
	new file:   ddr3_ov5640_an430_lcd.ip_user_files/sim_scripts/ddr3/ies/glbl.v
	new file:   ddr3_ov5640_an430_lcd.ip_user_files/sim_scripts/ddr3/ies/mig_a.prj
	new file:   ddr3_ov5640_an430_lcd.ip_user_files/sim_scripts/ddr3/ies/run.f
	new file:   ddr3_ov5640_an430_lcd.ip_user_files/sim_scripts/ddr3/mig_a.prj
	new file:   ddr3_ov5640_an430_lcd.ip_user_files/sim_scripts/ddr3/mig_b.prj
	new file:   ddr3_ov5640_an430_lcd.ip_user_files/sim_scripts/ddr3/modelsim/README.txt
	new file:   ddr3_ov5640_an430_lcd.ip_user_files/sim_scripts/ddr3/modelsim/compile.do
	new file:   ddr3_ov5640_an430_lcd.ip_user_files/sim_scripts/ddr3/modelsim/ddr3.sh
	new file:   ddr3_ov5640_an430_lcd.ip_user_files/sim_scripts/ddr3/modelsim/ddr3.udo
	new file:   ddr3_ov5640_an430_lcd.ip_user_files/sim_scripts/ddr3/modelsim/file_info.txt
	new file:   ddr3_ov5640_an430_lcd.ip_user_files/sim_scripts/ddr3/modelsim/glbl.v
	new file:   ddr3_ov5640_an430_lcd.ip_user_files/sim_scripts/ddr3/modelsim/mig_a.prj
	new file:   ddr3_ov5640_an430_lcd.ip_user_files/sim_scripts/ddr3/modelsim/simulate.do
	new file:   ddr3_ov5640_an430_lcd.ip_user_files/sim_scripts/ddr3/modelsim/wave.do
	new file:   ddr3_ov5640_an430_lcd.ip_user_files/sim_scripts/ddr3/questa/README.txt
	new file:   ddr3_ov5640_an430_lcd.ip_user_files/sim_scripts/ddr3/questa/compile.do
	new file:   ddr3_ov5640_an430_lcd.ip_user_files/sim_scripts/ddr3/questa/ddr3.sh
	new file:   ddr3_ov5640_an430_lcd.ip_user_files/sim_scripts/ddr3/questa/ddr3.udo
	new file:   ddr3_ov5640_an430_lcd.ip_user_files/sim_scripts/ddr3/questa/elaborate.do
	new file:   ddr3_ov5640_an430_lcd.ip_user_files/sim_scripts/ddr3/questa/file_info.txt
	new file:   ddr3_ov5640_an430_lcd.ip_user_files/sim_scripts/ddr3/questa/glbl.v
	new file:   ddr3_ov5640_an430_lcd.ip_user_files/sim_scripts/ddr3/questa/mig_a.prj
	new file:   ddr3_ov5640_an430_lcd.ip_user_files/sim_scripts/ddr3/questa/simulate.do
	new file:   ddr3_ov5640_an430_lcd.ip_user_files/sim_scripts/ddr3/questa/wave.do
	new file:   ddr3_ov5640_an430_lcd.ip_user_files/sim_scripts/ddr3/riviera/README.txt
	new file:   ddr3_ov5640_an430_lcd.ip_user_files/sim_scripts/ddr3/riviera/compile.do
	new file:   ddr3_ov5640_an430_lcd.ip_user_files/sim_scripts/ddr3/riviera/ddr3.sh
	new file:   ddr3_ov5640_an430_lcd.ip_user_files/sim_scripts/ddr3/riviera/ddr3.udo
	new file:   ddr3_ov5640_an430_lcd.ip_user_files/sim_scripts/ddr3/riviera/file_info.txt
	new file:   ddr3_ov5640_an430_lcd.ip_user_files/sim_scripts/ddr3/riviera/glbl.v
	new file:   ddr3_ov5640_an430_lcd.ip_user_files/sim_scripts/ddr3/riviera/mig_a.prj
	new file:   ddr3_ov5640_an430_lcd.ip_user_files/sim_scripts/ddr3/riviera/simulate.do
	new file:   ddr3_ov5640_an430_lcd.ip_user_files/sim_scripts/ddr3/riviera/wave.do
	new file:   ddr3_ov5640_an430_lcd.ip_user_files/sim_scripts/ddr3/tcl.log
	new file:   ddr3_ov5640_an430_lcd.ip_user_files/sim_scripts/ddr3/vcs/README.txt
	new file:   ddr3_ov5640_an430_lcd.ip_user_files/sim_scripts/ddr3/vcs/ddr3.sh
	new file:   ddr3_ov5640_an430_lcd.ip_user_files/sim_scripts/ddr3/vcs/file_info.txt
	new file:   ddr3_ov5640_an430_lcd.ip_user_files/sim_scripts/ddr3/vcs/glbl.v
	new file:   ddr3_ov5640_an430_lcd.ip_user_files/sim_scripts/ddr3/vcs/mig_a.prj
	new file:   ddr3_ov5640_an430_lcd.ip_user_files/sim_scripts/ddr3/vcs/simulate.do
	new file:   ddr3_ov5640_an430_lcd.ip_user_files/sim_scripts/ddr3/xil_txt.in
	new file:   ddr3_ov5640_an430_lcd.ip_user_files/sim_scripts/ddr3/xil_txt.out
	new file:   ddr3_ov5640_an430_lcd.ip_user_files/sim_scripts/ddr3/xil_upgrade.in
	new file:   ddr3_ov5640_an430_lcd.ip_user_files/sim_scripts/ddr3/xil_upgrade.out
	new file:   ddr3_ov5640_an430_lcd.ip_user_files/sim_scripts/ddr3/xsim/README.txt
	new file:   ddr3_ov5640_an430_lcd.ip_user_files/sim_scripts/ddr3/xsim/cmd.tcl
	new file:   ddr3_ov5640_an430_lcd.ip_user_files/sim_scripts/ddr3/xsim/ddr3.sh
	new file:   ddr3_ov5640_an430_lcd.ip_user_files/sim_scripts/ddr3/xsim/elab.opt
	new file:   ddr3_ov5640_an430_lcd.ip_user_files/sim_scripts/ddr3/xsim/file_info.txt
	new file:   ddr3_ov5640_an430_lcd.ip_user_files/sim_scripts/ddr3/xsim/glbl.v
	new file:   ddr3_ov5640_an430_lcd.ip_user_files/sim_scripts/ddr3/xsim/mig_a.prj
	new file:   ddr3_ov5640_an430_lcd.ip_user_files/sim_scripts/ddr3/xsim/vlog.prj
	new file:   ddr3_ov5640_an430_lcd.ip_user_files/sim_scripts/ddr3/xsim/xsim.ini
	new file:   ddr3_ov5640_an430_lcd.ip_user_files/sim_scripts/fft_ls/README.txt
	new file:   ddr3_ov5640_an430_lcd.ip_user_files/sim_scripts/fft_ls/activehdl/README.txt
	new file:   ddr3_ov5640_an430_lcd.ip_user_files/sim_scripts/fft_ls/activehdl/compile.do
	new file:   ddr3_ov5640_an430_lcd.ip_user_files/sim_scripts/fft_ls/activehdl/fft_ls.sh
	new file:   ddr3_ov5640_an430_lcd.ip_user_files/sim_scripts/fft_ls/activehdl/fft_ls.udo
	new file:   ddr3_ov5640_an430_lcd.ip_user_files/sim_scripts/fft_ls/activehdl/file_info.txt
	new file:   ddr3_ov5640_an430_lcd.ip_user_files/sim_scripts/fft_ls/activehdl/glbl.v
	new file:   ddr3_ov5640_an430_lcd.ip_user_files/sim_scripts/fft_ls/activehdl/simulate.do
	new file:   ddr3_ov5640_an430_lcd.ip_user_files/sim_scripts/fft_ls/activehdl/wave.do
	new file:   ddr3_ov5640_an430_lcd.ip_user_files/sim_scripts/fft_ls/ies/README.txt
	new file:   ddr3_ov5640_an430_lcd.ip_user_files/sim_scripts/fft_ls/ies/fft_ls.sh
	new file:   ddr3_ov5640_an430_lcd.ip_user_files/sim_scripts/fft_ls/ies/file_info.txt
	new file:   ddr3_ov5640_an430_lcd.ip_user_files/sim_scripts/fft_ls/ies/glbl.v
	new file:   ddr3_ov5640_an430_lcd.ip_user_files/sim_scripts/fft_ls/ies/run.f
	new file:   ddr3_ov5640_an430_lcd.ip_user_files/sim_scripts/fft_ls/modelsim/README.txt
	new file:   ddr3_ov5640_an430_lcd.ip_user_files/sim_scripts/fft_ls/modelsim/compile.do
	new file:   ddr3_ov5640_an430_lcd.ip_user_files/sim_scripts/fft_ls/modelsim/fft_ls.sh
	new file:   ddr3_ov5640_an430_lcd.ip_user_files/sim_scripts/fft_ls/modelsim/fft_ls.udo
	new file:   ddr3_ov5640_an430_lcd.ip_user_files/sim_scripts/fft_ls/modelsim/file_info.txt
	new file:   ddr3_ov5640_an430_lcd.ip_user_files/sim_scripts/fft_ls/modelsim/glbl.v
	new file:   ddr3_ov5640_an430_lcd.ip_user_files/sim_scripts/fft_ls/modelsim/simulate.do
	new file:   ddr3_ov5640_an430_lcd.ip_user_files/sim_scripts/fft_ls/modelsim/wave.do
	new file:   ddr3_ov5640_an430_lcd.ip_user_files/sim_scripts/fft_ls/questa/README.txt
	new file:   ddr3_ov5640_an430_lcd.ip_user_files/sim_scripts/fft_ls/questa/compile.do
	new file:   ddr3_ov5640_an430_lcd.ip_user_files/sim_scripts/fft_ls/questa/elaborate.do
	new file:   ddr3_ov5640_an430_lcd.ip_user_files/sim_scripts/fft_ls/questa/fft_ls.sh
	new file:   ddr3_ov5640_an430_lcd.ip_user_files/sim_scripts/fft_ls/questa/fft_ls.udo
	new file:   ddr3_ov5640_an430_lcd.ip_user_files/sim_scripts/fft_ls/questa/file_info.txt
	new file:   ddr3_ov5640_an430_lcd.ip_user_files/sim_scripts/fft_ls/questa/glbl.v
	new file:   ddr3_ov5640_an430_lcd.ip_user_files/sim_scripts/fft_ls/questa/simulate.do
	new file:   ddr3_ov5640_an430_lcd.ip_user_files/sim_scripts/fft_ls/questa/wave.do
	new file:   ddr3_ov5640_an430_lcd.ip_user_files/sim_scripts/fft_ls/riviera/README.txt
	new file:   ddr3_ov5640_an430_lcd.ip_user_files/sim_scripts/fft_ls/riviera/compile.do
	new file:   ddr3_ov5640_an430_lcd.ip_user_files/sim_scripts/fft_ls/riviera/fft_ls.sh
	new file:   ddr3_ov5640_an430_lcd.ip_user_files/sim_scripts/fft_ls/riviera/fft_ls.udo
	new file:   ddr3_ov5640_an430_lcd.ip_user_files/sim_scripts/fft_ls/riviera/file_info.txt
	new file:   ddr3_ov5640_an430_lcd.ip_user_files/sim_scripts/fft_ls/riviera/glbl.v
	new file:   ddr3_ov5640_an430_lcd.ip_user_files/sim_scripts/fft_ls/riviera/simulate.do
	new file:   ddr3_ov5640_an430_lcd.ip_user_files/sim_scripts/fft_ls/riviera/wave.do
	new file:   ddr3_ov5640_an430_lcd.ip_user_files/sim_scripts/fft_ls/vcs/README.txt
	new file:   ddr3_ov5640_an430_lcd.ip_user_files/sim_scripts/fft_ls/vcs/fft_ls.sh
	new file:   ddr3_ov5640_an430_lcd.ip_user_files/sim_scripts/fft_ls/vcs/file_info.txt
	new file:   ddr3_ov5640_an430_lcd.ip_user_files/sim_scripts/fft_ls/vcs/glbl.v
	new file:   ddr3_ov5640_an430_lcd.ip_user_files/sim_scripts/fft_ls/vcs/simulate.do
	new file:   ddr3_ov5640_an430_lcd.ip_user_files/sim_scripts/fft_ls/xcelium/README.txt
	new file:   ddr3_ov5640_an430_lcd.ip_user_files/sim_scripts/fft_ls/xcelium/fft_ls.sh
	new file:   ddr3_ov5640_an430_lcd.ip_user_files/sim_scripts/fft_ls/xcelium/file_info.txt
	new file:   ddr3_ov5640_an430_lcd.ip_user_files/sim_scripts/fft_ls/xcelium/glbl.v
	new file:   ddr3_ov5640_an430_lcd.ip_user_files/sim_scripts/fft_ls/xcelium/run.f
	new file:   ddr3_ov5640_an430_lcd.ip_user_files/sim_scripts/fft_ls/xsim/README.txt
	new file:   ddr3_ov5640_an430_lcd.ip_user_files/sim_scripts/fft_ls/xsim/cmd.tcl
	new file:   ddr3_ov5640_an430_lcd.ip_user_files/sim_scripts/fft_ls/xsim/elab.opt
	new file:   ddr3_ov5640_an430_lcd.ip_user_files/sim_scripts/fft_ls/xsim/fft_ls.sh
	new file:   ddr3_ov5640_an430_lcd.ip_user_files/sim_scripts/fft_ls/xsim/file_info.txt
	new file:   ddr3_ov5640_an430_lcd.ip_user_files/sim_scripts/fft_ls/xsim/glbl.v
	new file:   ddr3_ov5640_an430_lcd.ip_user_files/sim_scripts/fft_ls/xsim/vhdl.prj
	new file:   ddr3_ov5640_an430_lcd.ip_user_files/sim_scripts/fft_ls/xsim/vlog.prj
	new file:   ddr3_ov5640_an430_lcd.ip_user_files/sim_scripts/fft_ls/xsim/xsim.ini
	new file:   ddr3_ov5640_an430_lcd.ip_user_files/sim_scripts/my_cordic_1/README.txt
	new file:   ddr3_ov5640_an430_lcd.ip_user_files/sim_scripts/my_cordic_1/activehdl/README.txt
	new file:   ddr3_ov5640_an430_lcd.ip_user_files/sim_scripts/my_cordic_1/activehdl/compile.do
	new file:   ddr3_ov5640_an430_lcd.ip_user_files/sim_scripts/my_cordic_1/activehdl/file_info.txt
	new file:   ddr3_ov5640_an430_lcd.ip_user_files/sim_scripts/my_cordic_1/activehdl/glbl.v
	new file:   ddr3_ov5640_an430_lcd.ip_user_files/sim_scripts/my_cordic_1/activehdl/my_cordic_1.sh
	new file:   ddr3_ov5640_an430_lcd.ip_user_files/sim_scripts/my_cordic_1/activehdl/my_cordic_1.udo
	new file:   ddr3_ov5640_an430_lcd.ip_user_files/sim_scripts/my_cordic_1/activehdl/simulate.do
	new file:   ddr3_ov5640_an430_lcd.ip_user_files/sim_scripts/my_cordic_1/activehdl/wave.do
	new file:   ddr3_ov5640_an430_lcd.ip_user_files/sim_scripts/my_cordic_1/ies/README.txt
	new file:   ddr3_ov5640_an430_lcd.ip_user_files/sim_scripts/my_cordic_1/ies/file_info.txt
	new file:   ddr3_ov5640_an430_lcd.ip_user_files/sim_scripts/my_cordic_1/ies/glbl.v
	new file:   ddr3_ov5640_an430_lcd.ip_user_files/sim_scripts/my_cordic_1/ies/my_cordic_1.sh
	new file:   ddr3_ov5640_an430_lcd.ip_user_files/sim_scripts/my_cordic_1/ies/run.f
	new file:   ddr3_ov5640_an430_lcd.ip_user_files/sim_scripts/my_cordic_1/modelsim/README.txt
	new file:   ddr3_ov5640_an430_lcd.ip_user_files/sim_scripts/my_cordic_1/modelsim/compile.do
	new file:   ddr3_ov5640_an430_lcd.ip_user_files/sim_scripts/my_cordic_1/modelsim/file_info.txt
	new file:   ddr3_ov5640_an430_lcd.ip_user_files/sim_scripts/my_cordic_1/modelsim/glbl.v
	new file:   ddr3_ov5640_an430_lcd.ip_user_files/sim_scripts/my_cordic_1/modelsim/my_cordic_1.sh
	new file:   ddr3_ov5640_an430_lcd.ip_user_files/sim_scripts/my_cordic_1/modelsim/my_cordic_1.udo
	new file:   ddr3_ov5640_an430_lcd.ip_user_files/sim_scripts/my_cordic_1/modelsim/simulate.do
	new file:   ddr3_ov5640_an430_lcd.ip_user_files/sim_scripts/my_cordic_1/modelsim/wave.do
	new file:   ddr3_ov5640_an430_lcd.ip_user_files/sim_scripts/my_cordic_1/questa/README.txt
	new file:   ddr3_ov5640_an430_lcd.ip_user_files/sim_scripts/my_cordic_1/questa/compile.do
	new file:   ddr3_ov5640_an430_lcd.ip_user_files/sim_scripts/my_cordic_1/questa/elaborate.do
	new file:   ddr3_ov5640_an430_lcd.ip_user_files/sim_scripts/my_cordic_1/questa/file_info.txt
	new file:   ddr3_ov5640_an430_lcd.ip_user_files/sim_scripts/my_cordic_1/questa/glbl.v
	new file:   ddr3_ov5640_an430_lcd.ip_user_files/sim_scripts/my_cordic_1/questa/my_cordic_1.sh
	new file:   ddr3_ov5640_an430_lcd.ip_user_files/sim_scripts/my_cordic_1/questa/my_cordic_1.udo
	new file:   ddr3_ov5640_an430_lcd.ip_user_files/sim_scripts/my_cordic_1/questa/simulate.do
	new file:   ddr3_ov5640_an430_lcd.ip_user_files/sim_scripts/my_cordic_1/questa/wave.do
	new file:   ddr3_ov5640_an430_lcd.ip_user_files/sim_scripts/my_cordic_1/riviera/README.txt
	new file:   ddr3_ov5640_an430_lcd.ip_user_files/sim_scripts/my_cordic_1/riviera/compile.do
	new file:   ddr3_ov5640_an430_lcd.ip_user_files/sim_scripts/my_cordic_1/riviera/file_info.txt
	new file:   ddr3_ov5640_an430_lcd.ip_user_files/sim_scripts/my_cordic_1/riviera/glbl.v
	new file:   ddr3_ov5640_an430_lcd.ip_user_files/sim_scripts/my_cordic_1/riviera/my_cordic_1.sh
	new file:   ddr3_ov5640_an430_lcd.ip_user_files/sim_scripts/my_cordic_1/riviera/my_cordic_1.udo
	new file:   ddr3_ov5640_an430_lcd.ip_user_files/sim_scripts/my_cordic_1/riviera/simulate.do
	new file:   ddr3_ov5640_an430_lcd.ip_user_files/sim_scripts/my_cordic_1/riviera/wave.do
	new file:   ddr3_ov5640_an430_lcd.ip_user_files/sim_scripts/my_cordic_1/vcs/README.txt
	new file:   ddr3_ov5640_an430_lcd.ip_user_files/sim_scripts/my_cordic_1/vcs/file_info.txt
	new file:   ddr3_ov5640_an430_lcd.ip_user_files/sim_scripts/my_cordic_1/vcs/glbl.v
	new file:   ddr3_ov5640_an430_lcd.ip_user_files/sim_scripts/my_cordic_1/vcs/my_cordic_1.sh
	new file:   ddr3_ov5640_an430_lcd.ip_user_files/sim_scripts/my_cordic_1/vcs/simulate.do
	new file:   ddr3_ov5640_an430_lcd.ip_user_files/sim_scripts/my_cordic_1/xcelium/README.txt
	new file:   ddr3_ov5640_an430_lcd.ip_user_files/sim_scripts/my_cordic_1/xcelium/file_info.txt
	new file:   ddr3_ov5640_an430_lcd.ip_user_files/sim_scripts/my_cordic_1/xcelium/glbl.v
	new file:   ddr3_ov5640_an430_lcd.ip_user_files/sim_scripts/my_cordic_1/xcelium/my_cordic_1.sh
	new file:   ddr3_ov5640_an430_lcd.ip_user_files/sim_scripts/my_cordic_1/xcelium/run.f
	new file:   ddr3_ov5640_an430_lcd.ip_user_files/sim_scripts/my_cordic_1/xsim/README.txt
	new file:   ddr3_ov5640_an430_lcd.ip_user_files/sim_scripts/my_cordic_1/xsim/cmd.tcl
	new file:   ddr3_ov5640_an430_lcd.ip_user_files/sim_scripts/my_cordic_1/xsim/elab.opt
	new file:   ddr3_ov5640_an430_lcd.ip_user_files/sim_scripts/my_cordic_1/xsim/file_info.txt
	new file:   ddr3_ov5640_an430_lcd.ip_user_files/sim_scripts/my_cordic_1/xsim/glbl.v
	new file:   ddr3_ov5640_an430_lcd.ip_user_files/sim_scripts/my_cordic_1/xsim/my_cordic_1.sh
	new file:   ddr3_ov5640_an430_lcd.ip_user_files/sim_scripts/my_cordic_1/xsim/vhdl.prj
	new file:   ddr3_ov5640_an430_lcd.ip_user_files/sim_scripts/my_cordic_1/xsim/vlog.prj
	new file:   ddr3_ov5640_an430_lcd.ip_user_files/sim_scripts/my_cordic_1/xsim/xsim.ini
	new file:   impl_1/.Vivado_Implementation.queue.rst
	new file:   impl_1/.init_design.begin.rst
	new file:   impl_1/.init_design.end.rst
	new file:   impl_1/.opt_design.begin.rst
	new file:   impl_1/.opt_design.end.rst
	new file:   impl_1/.place_design.begin.rst
	new file:   impl_1/.place_design.end.rst
	new file:   impl_1/.route_design.begin.rst
	new file:   impl_1/.route_design.end.rst
	new file:   impl_1/.vivado.begin.rst
	new file:   impl_1/.vivado.end.rst
	new file:   impl_1/.write_bitstream.begin.rst
	new file:   impl_1/.write_bitstream.end.rst
	new file:   impl_1/ISEWrap.js
	new file:   impl_1/ISEWrap.sh
	new file:   impl_1/gen_run.xml
	new file:   impl_1/htr.txt
	new file:   impl_1/init_design.pb
	new file:   impl_1/opt_design.pb
	new file:   impl_1/place_design.pb
	new file:   impl_1/project.wdf
	new file:   impl_1/route_design.pb
	new file:   impl_1/rundef.js
	new file:   impl_1/runme.bat
	new file:   impl_1/runme.log
	new file:   impl_1/runme.sh
	new file:   impl_1/top.bit
	new file:   impl_1/top.tcl
	new file:   impl_1/top.vdi
	new file:   impl_1/top_bus_skew_routed.pb
	new file:   impl_1/top_bus_skew_routed.rpt
	new file:   impl_1/top_bus_skew_routed.rpx
	new file:   impl_1/top_clock_utilization_routed.rpt
	new file:   impl_1/top_control_sets_placed.rpt
	new file:   impl_1/top_drc_opted.pb
	new file:   impl_1/top_drc_opted.rpt
	new file:   impl_1/top_drc_opted.rpx
	new file:   impl_1/top_drc_routed.pb
	new file:   impl_1/top_drc_routed.rpt
	new file:   impl_1/top_drc_routed.rpx
	new file:   impl_1/top_io_placed.rpt
	new file:   impl_1/top_methodology_drc_routed.pb
	new file:   impl_1/top_methodology_drc_routed.rpt
	new file:   impl_1/top_methodology_drc_routed.rpx
	new file:   impl_1/top_opt.dcp
	new file:   impl_1/top_placed.dcp
	new file:   impl_1/top_power_routed.rpt
	new file:   impl_1/top_power_routed.rpx
	new file:   impl_1/top_power_summary_routed.pb
	new file:   impl_1/top_route_status.pb
	new file:   impl_1/top_route_status.rpt
	new file:   impl_1/top_routed.dcp
	new file:   impl_1/top_timing_summary_routed.pb
	new file:   impl_1/top_timing_summary_routed.rpt
	new file:   impl_1/top_timing_summary_routed.rpx
	new file:   impl_1/top_utilization_placed.pb
	new file:   impl_1/top_utilization_placed.rpt
	new file:   impl_1/vivado.jou
	new file:   impl_1/vivado.pb
	new file:   impl_1/vivado_17676.backup.jou
	new file:   impl_1/vivado_35236.backup.jou
	new file:   impl_1/write_bitstream.pb
	new file:   ip_upgrade.log
	new file:   synth_1/.Vivado_Synthesis.queue.rst
	new file:   synth_1/.Xil/top_propImpl.xdc
	new file:   synth_1/.vivado.begin.rst
	new file:   synth_1/.vivado.end.rst
	new file:   synth_1/ISEWrap.js
	new file:   synth_1/ISEWrap.sh
	new file:   synth_1/__synthesis_is_complete__
	new file:   synth_1/gen_run.xml
	new file:   synth_1/htr.txt
	new file:   synth_1/rundef.js
	new file:   synth_1/runme.bat
	new file:   synth_1/runme.log
	new file:   synth_1/runme.sh
	new file:   synth_1/top.dcp
	new file:   synth_1/top.tcl
	new file:   synth_1/top.vds
	new file:   synth_1/top_utilization_synth.pb
	new file:   synth_1/top_utilization_synth.rpt
	new file:   synth_1/vivado.jou
	new file:   synth_1/vivado.pb
	new file:   vivado.jou
	new file:   vivado.log
	new file:   vivado_10992.backup.jou
	new file:   vivado_10992.backup.log
	new file:   vivado_13024.backup.jou
	new file:   vivado_13024.backup.log
	new file:   vivado_26276.backup.jou
	new file:   vivado_26276.backup.log
	new file:   vivado_45204.backup.jou
	new file:   vivado_45204.backup.log
	new file:   vivado_9164.backup.jou
	new file:   vivado_9164.backup.log
	new file:   vivado_pid26960.str
	new file:   vivado_pid45204.str

Changes not staged for commit:
  (use "git add <file>..." to update what will be committed)
  (use "git restore <file>..." to discard changes in working directory)
	modified:   vivado.jou
	modified:   vivado.log
	modified:   vivado_pid26960.str
git commit -m "hxl ≥ı ºªØÃ·Ωª4.14"
WARNING: [Common 17-259] Unknown Tcl command 'git commit -m hxl ÂàùÂßãÂåñÊèê‰∫§4.14' sending command to the OS shell for execution. It is recommended to use 'exec' to send the command to the OS shell.
[master (root-commit) d78a2f2] hxl ÂàùÂ°ÏãÂåñÊèê‰∫§4.14
 1838 files changed, 6405827 insertions(+)
 create mode 100644 .Xil/Vivado-26960-FranklinY9000P/elab.rtd
 create mode 100644 .Xil/Vivado-26960-FranklinY9000P/realtime/adc_pll_stub.v
 create mode 100644 .Xil/Vivado-26960-FranklinY9000P/realtime/afifo_16i_64o_512_stub.v
 create mode 100644 .Xil/Vivado-26960-FranklinY9000P/realtime/afifo_64i_16o_128_stub.v
 create mode 100644 .Xil/Vivado-26960-FranklinY9000P/realtime/ddr3_stub.v
 create mode 100644 .Xil/Vivado-26960-FranklinY9000P/realtime/dupFiles.rpt
 create mode 100644 .Xil/Vivado-26960-FranklinY9000P/realtime/fft_ls_stub.v
 create mode 100644 .Xil/Vivado-26960-FranklinY9000P/realtime/my_cordic_1_stub.v
 create mode 100644 .Xil/Vivado-26960-FranklinY9000P/realtime/top.tcl
 create mode 100644 .Xil/top_propImpl.xdc
 create mode 100644 .jobs/vrs_config_1.xml
 create mode 100644 .jobs/vrs_config_2.xml
 create mode 100644 .jobs/vrs_config_3.xml
 create mode 100644 adc_ethernet.cache/wt/gui_handlers.wdf
 create mode 100644 adc_ethernet.cache/wt/java_command_handlers.wdf
 create mode 100644 adc_ethernet.cache/wt/project.wpc
 create mode 100644 adc_ethernet.cache/wt/synthesis.wdf
 create mode 100644 adc_ethernet.cache/wt/synthesis_details.wdf
 create mode 100644 adc_ethernet.cache/wt/webtalk_pa.xml
 create mode 100644 adc_ethernet.hw/adc_ethernet.lpr
 create mode 100644 adc_ethernet.hw/backup/hw_ila_data_1.ila
 create mode 100644 adc_ethernet.hw/ddr3_an5642_an430_lcd.lpr
 create mode 100644 adc_ethernet.hw/ddr3_ov5640_an430_lcd.lpr
 create mode 100644 adc_ethernet.hw/hw_1/hw.xml
 create mode 100644 adc_ethernet.hw/hw_1/wave/hw_ila_data_1/hw_ila_data_1.wcfg
 create mode 100644 adc_ethernet.hw/hw_1/wave/hw_ila_data_1/hw_ila_data_1.wdb
 create mode 100644 adc_ethernet.hw/webtalk/.xsim_webtallk.info
 create mode 100644 adc_ethernet.hw/webtalk/labtool_webtalk.log
 create mode 100644 adc_ethernet.hw/webtalk/usage_statistics_ext_labtool.html
 create mode 100644 adc_ethernet.hw/webtalk/usage_statistics_ext_labtool.xml
 create mode 100644 adc_ethernet.ip_user_files/README.txt
 create mode 100644 adc_ethernet.ip_user_files/ip/adc_pll/adc_pll.veo
 create mode 100644 adc_ethernet.ip_user_files/ip/adc_pll/adc_pll_stub.v
 create mode 100644 adc_ethernet.ip_user_files/ip/adc_pll/adc_pll_stub.vhdl
 create mode 100644 adc_ethernet.ip_user_files/ip/afifo_16i_64o_512/afifo_16i_64o_512.veo
 create mode 100644 adc_ethernet.ip_user_files/ip/afifo_16i_64o_512/afifo_16i_64o_512.vho
 create mode 100644 adc_ethernet.ip_user_files/ip/afifo_16i_64o_512/afifo_16i_64o_512_stub.v
 create mode 100644 adc_ethernet.ip_user_files/ip/afifo_16i_64o_512/afifo_16i_64o_512_stub.vhdl
 create mode 100644 adc_ethernet.ip_user_files/ip/afifo_64i_16o_128/afifo_64i_16o_128.veo
 create mode 100644 adc_ethernet.ip_user_files/ip/afifo_64i_16o_128/afifo_64i_16o_128.vho
 create mode 100644 adc_ethernet.ip_user_files/ip/afifo_64i_16o_128/afifo_64i_16o_128_stub.v
 create mode 100644 adc_ethernet.ip_user_files/ip/afifo_64i_16o_128/afifo_64i_16o_128_stub.vhdl
 create mode 100644 adc_ethernet.ip_user_files/ip/ddr3/ddr3.dcp
 create mode 100644 adc_ethernet.ip_user_files/ip/ddr3/ddr3.veo
 create mode 100644 adc_ethernet.ip_user_files/ip/ddr3/ddr3.xci
 create mode 100644 adc_ethernet.ip_user_files/ip/ddr3/ddr3.xml
 create mode 100644 adc_ethernet.ip_user_files/ip/ddr3/ddr3_sim_netlist.v
 create mode 100644 adc_ethernet.ip_user_files/ip/ddr3/ddr3_sim_netlist.vhdl
 create mode 100644 adc_ethernet.ip_user_files/ip/ddr3/ddr3_stub.v
 create mode 100644 adc_ethernet.ip_user_files/ip/ddr3/ddr3_stub.vhdl
 create mode 100644 adc_ethernet.ip_user_files/ip/ddr3/ddr3_xmdf.tcl
 create mode 100644 adc_ethernet.ip_user_files/ip/ddr3/mig_a.prj
 create mode 100644 adc_ethernet.ip_user_files/ip/ddr3/mig_b.prj
 create mode 100644 adc_ethernet.ip_user_files/ip/ddr3/tcl.log
 create mode 100644 adc_ethernet.ip_user_files/ip/ddr3/xil_txt.in
 create mode 100644 adc_ethernet.ip_user_files/ip/ddr3/xil_txt.out
 create mode 100644 adc_ethernet.ip_user_files/ip/ddr3/xil_upgrade.in
 create mode 100644 adc_ethernet.ip_user_files/ip/ddr3/xil_upgrade.out
 create mode 100644 adc_ethernet.ip_user_files/ip/sys_pll/sys_pll.veo
 create mode 100644 adc_ethernet.ip_user_files/ip/sys_pll/sys_pll_stub.v
 create mode 100644 adc_ethernet.ip_user_files/ip/sys_pll/sys_pll_stub.vhdl
 create mode 100644 adc_ethernet.ip_user_files/ipstatic/hdl/fifo_generator_v13_2_rfs.v
 create mode 100644 adc_ethernet.ip_user_files/ipstatic/hdl/fifo_generator_v13_2_rfs.vhd
 create mode 100644 adc_ethernet.ip_user_files/ipstatic/simulation/fifo_generator_vlog_beh.v
 create mode 100644 adc_ethernet.ip_user_files/mem_init_files/mig_a.prj
 create mode 100644 adc_ethernet.ip_user_files/sim_scripts/adc_pll/README.txt
 create mode 100644 adc_ethernet.ip_user_files/sim_scripts/adc_pll/activehdl/README.txt
 create mode 100644 adc_ethernet.ip_user_files/sim_scripts/adc_pll/activehdl/adc_pll.sh
 create mode 100644 adc_ethernet.ip_user_files/sim_scripts/adc_pll/activehdl/adc_pll.udo
 create mode 100644 adc_ethernet.ip_user_files/sim_scripts/adc_pll/activehdl/compile.do
 create mode 100644 adc_ethernet.ip_user_files/sim_scripts/adc_pll/activehdl/file_info.txt
 create mode 100644 adc_ethernet.ip_user_files/sim_scripts/adc_pll/activehdl/glbl.v
 create mode 100644 adc_ethernet.ip_user_files/sim_scripts/adc_pll/activehdl/simulate.do
 create mode 100644 adc_ethernet.ip_user_files/sim_scripts/adc_pll/activehdl/wave.do
 create mode 100644 adc_ethernet.ip_user_files/sim_scripts/adc_pll/ies/README.txt
 create mode 100644 adc_ethernet.ip_user_files/sim_scripts/adc_pll/ies/adc_pll.sh
 create mode 100644 adc_ethernet.ip_user_files/sim_scripts/adc_pll/ies/file_info.txt
 create mode 100644 adc_ethernet.ip_user_files/sim_scripts/adc_pll/ies/glbl.v
 create mode 100644 adc_ethernet.ip_user_files/sim_scripts/adc_pll/ies/run.f
 create mode 100644 adc_ethernet.ip_user_files/sim_scripts/adc_pll/modelsim/README.txt
 create mode 100644 adc_ethernet.ip_user_files/sim_scripts/adc_pll/modelsim/adc_pll.sh
 create mode 100644 adc_ethernet.ip_user_files/sim_scripts/adc_pll/modelsim/adc_pll.udo
 create mode 100644 adc_ethernet.ip_user_files/sim_scripts/adc_pll/modelsim/compile.do
 create mode 100644 adc_ethernet.ip_user_files/sim_scripts/adc_pll/modelsim/file_info.txt
 create mode 100644 adc_ethernet.ip_user_files/sim_scripts/adc_pll/modelsim/glbl.v
 create mode 100644 adc_ethernet.ip_user_files/sim_scripts/adc_pll/modelsim/simulate.do
 create mode 100644 adc_ethernet.ip_user_files/sim_scripts/adc_pll/modelsim/wave.do
 create mode 100644 adc_ethernet.ip_user_files/sim_scripts/adc_pll/questa/README.txt
 create mode 100644 adc_ethernet.ip_user_files/sim_scripts/adc_pll/questa/adc_pll.sh
 create mode 100644 adc_ethernet.ip_user_files/sim_scripts/adc_pll/questa/adc_pll.udo
 create mode 100644 adc_ethernet.ip_user_files/sim_scripts/adc_pll/questa/compile.do
 create mode 100644 adc_ethernet.ip_user_files/sim_scripts/adc_pll/questa/elaborate.do
 create mode 100644 adc_ethernet.ip_user_files/sim_scripts/adc_pll/questa/file_info.txt
 create mode 100644 adc_ethernet.ip_user_files/sim_scripts/adc_pll/questa/glbl.v
 create mode 100644 adc_ethernet.ip_user_files/sim_scripts/adc_pll/questa/simulate.do
 create mode 100644 adc_ethernet.ip_user_files/sim_scripts/adc_pll/questa/wave.do
 create mode 100644 adc_ethernet.ip_user_files/sim_scripts/adc_pll/riviera/README.txt
 create mode 100644 adc_ethernet.ip_user_files/sim_scripts/adc_pll/riviera/adc_pll.sh
 create mode 100644 adc_ethernet.ip_user_files/sim_scripts/adc_pll/riviera/adc_pll.udo
 create mode 100644 adc_ethernet.ip_user_files/sim_scripts/adc_pll/riviera/compile.do
 create mode 100644 adc_ethernet.ip_user_files/sim_scripts/adc_pll/riviera/file_info.txt
 create mode 100644 adc_ethernet.ip_user_files/sim_scripts/adc_pll/riviera/glbl.v
 create mode 100644 adc_ethernet.ip_user_files/sim_scripts/adc_pll/riviera/simulate.do
 create mode 100644 adc_ethernet.ip_user_files/sim_scripts/adc_pll/riviera/wave.do
 create mode 100644 adc_ethernet.ip_user_files/sim_scripts/adc_pll/vcs/README.txt
 create mode 100644 adc_ethernet.ip_user_files/sim_scripts/adc_pll/vcs/adc_pll.sh
 create mode 100644 adc_ethernet.ip_user_files/sim_scripts/adc_pll/vcs/file_info.txt
 create mode 100644 adc_ethernet.ip_user_files/sim_scripts/adc_pll/vcs/glbl.v
 create mode 100644 adc_ethernet.ip_user_files/sim_scripts/adc_pll/vcs/simulate.do
 create mode 100644 adc_ethernet.ip_user_files/sim_scripts/adc_pll/xsim/README.txt
 create mode 100644 adc_ethernet.ip_user_files/sim_scripts/adc_pll/xsim/adc_pll.sh
 create mode 100644 adc_ethernet.ip_user_files/sim_scripts/adc_pll/xsim/cmd.tcl
 create mode 100644 adc_ethernet.ip_user_files/sim_scripts/adc_pll/xsim/elab.opt
 create mode 100644 adc_ethernet.ip_user_files/sim_scripts/adc_pll/xsim/file_info.txt
 create mode 100644 adc_ethernet.ip_user_files/sim_scripts/adc_pll/xsim/glbl.v
 create mode 100644 adc_ethernet.ip_user_files/sim_scripts/adc_pll/xsim/vlog.prj
 create mode 100644 adc_ethernet.ip_user_files/sim_scripts/adc_pll/xsim/xsim.ini
 create mode 100644 adc_ethernet.ip_user_files/sim_scripts/afifo_16i_64o_512/README.txt
 create mode 100644 adc_ethernet.ip_user_files/sim_scripts/afifo_16i_64o_512/activehdl/README.txt
 create mode 100644 adc_ethernet.ip_user_files/sim_scripts/afifo_16i_64o_512/activehdl/afifo_16i_64o_512.sh
 create mode 100644 adc_ethernet.ip_user_files/sim_scripts/afifo_16i_64o_512/activehdl/afifo_16i_64o_512.udo
 create mode 100644 adc_ethernet.ip_user_files/sim_scripts/afifo_16i_64o_512/activehdl/compile.do
 create mode 100644 adc_ethernet.ip_user_files/sim_scripts/afifo_16i_64o_512/activehdl/file_info.txt
 create mode 100644 adc_ethernet.ip_user_files/sim_scripts/afifo_16i_64o_512/activehdl/glbl.v
 create mode 100644 adc_ethernet.ip_user_files/sim_scripts/afifo_16i_64o_512/activehdl/simulate.do
 create mode 100644 adc_ethernet.ip_user_files/sim_scripts/afifo_16i_64o_512/activehdl/wave.do
 create mode 100644 adc_ethernet.ip_user_files/sim_scripts/afifo_16i_64o_512/ies/README.txt
 create mode 100644 adc_ethernet.ip_user_files/sim_scripts/afifo_16i_64o_512/ies/afifo_16i_64o_512.sh
 create mode 100644 adc_ethernet.ip_user_files/sim_scripts/afifo_16i_64o_512/ies/file_info.txt
 create mode 100644 adc_ethernet.ip_user_files/sim_scripts/afifo_16i_64o_512/ies/glbl.v
 create mode 100644 adc_ethernet.ip_user_files/sim_scripts/afifo_16i_64o_512/ies/run.f
 create mode 100644 adc_ethernet.ip_user_files/sim_scripts/afifo_16i_64o_512/modelsim/README.txt
 create mode 100644 adc_ethernet.ip_user_files/sim_scripts/afifo_16i_64o_512/modelsim/afifo_16i_64o_512.sh
 create mode 100644 adc_ethernet.ip_user_files/sim_scripts/afifo_16i_64o_512/modelsim/afifo_16i_64o_512.udo
 create mode 100644 adc_ethernet.ip_user_files/sim_scripts/afifo_16i_64o_512/modelsim/compile.do
 create mode 100644 adc_ethernet.ip_user_files/sim_scripts/afifo_16i_64o_512/modelsim/file_info.txt
 create mode 100644 adc_ethernet.ip_user_files/sim_scripts/afifo_16i_64o_512/modelsim/glbl.v
 create mode 100644 adc_ethernet.ip_user_files/sim_scripts/afifo_16i_64o_512/modelsim/simulate.do
 create mode 100644 adc_ethernet.ip_user_files/sim_scripts/afifo_16i_64o_512/modelsim/wave.do
 create mode 100644 adc_ethernet.ip_user_files/sim_scripts/afifo_16i_64o_512/questa/README.txt
 create mode 100644 adc_ethernet.ip_user_files/sim_scripts/afifo_16i_64o_512/questa/afifo_16i_64o_512.sh
 create mode 100644 adc_ethernet.ip_user_files/sim_scripts/afifo_16i_64o_512/questa/afifo_16i_64o_512.udo
 create mode 100644 adc_ethernet.ip_user_files/sim_scripts/afifo_16i_64o_512/questa/compile.do
 create mode 100644 adc_ethernet.ip_user_files/sim_scripts/afifo_16i_64o_512/questa/elaborate.do
 create mode 100644 adc_ethernet.ip_user_files/sim_scripts/afifo_16i_64o_512/questa/file_info.txt
 create mode 100644 adc_ethernet.ip_user_files/sim_scripts/afifo_16i_64o_512/questa/glbl.v
 create mode 100644 adc_ethernet.ip_user_files/sim_scripts/afifo_16i_64o_512/questa/simulate.do
 create mode 100644 adc_ethernet.ip_user_files/sim_scripts/afifo_16i_64o_512/questa/wave.do
 create mode 100644 adc_ethernet.ip_user_files/sim_scripts/afifo_16i_64o_512/riviera/README.txt
 create mode 100644 adc_ethernet.ip_user_files/sim_scripts/afifo_16i_64o_512/riviera/afifo_16i_64o_512.sh
 create mode 100644 adc_ethernet.ip_user_files/sim_scripts/afifo_16i_64o_512/riviera/afifo_16i_64o_512.udo
 create mode 100644 adc_ethernet.ip_user_files/sim_scripts/afifo_16i_64o_512/riviera/compile.do
 create mode 100644 adc_ethernet.ip_user_files/sim_scripts/afifo_16i_64o_512/riviera/file_info.txt
 create mode 100644 adc_ethernet.ip_user_files/sim_scripts/afifo_16i_64o_512/riviera/glbl.v
 create mode 100644 adc_ethernet.ip_user_files/sim_scripts/afifo_16i_64o_512/riviera/simulate.do
 create mode 100644 adc_ethernet.ip_user_files/sim_scripts/afifo_16i_64o_512/riviera/wave.do
 create mode 100644 adc_ethernet.ip_user_files/sim_scripts/afifo_16i_64o_512/vcs/README.txt
 create mode 100644 adc_ethernet.ip_user_files/sim_scripts/afifo_16i_64o_512/vcs/afifo_16i_64o_512.sh
 create mode 100644 adc_ethernet.ip_user_files/sim_scripts/afifo_16i_64o_512/vcs/file_info.txt
 create mode 100644 adc_ethernet.ip_user_files/sim_scripts/afifo_16i_64o_512/vcs/glbl.v
 create mode 100644 adc_ethernet.ip_user_files/sim_scripts/afifo_16i_64o_512/vcs/simulate.do
 create mode 100644 adc_ethernet.ip_user_files/sim_scripts/afifo_16i_64o_512/xsim/README.txt
 create mode 100644 adc_ethernet.ip_user_files/sim_scripts/afifo_16i_64o_512/xsim/afifo_16i_64o_512.sh
 create mode 100644 adc_ethernet.ip_user_files/sim_scripts/afifo_16i_64o_512/xsim/cmd.tcl
 create mode 100644 adc_ethernet.ip_user_files/sim_scripts/afifo_16i_64o_512/xsim/elab.opt
 create mode 100644 adc_ethernet.ip_user_files/sim_scripts/afifo_16i_64o_512/xsim/file_info.txt
 create mode 100644 adc_ethernet.ip_user_files/sim_scripts/afifo_16i_64o_512/xsim/glbl.v
 create mode 100644 adc_ethernet.ip_user_files/sim_scripts/afifo_16i_64o_512/xsim/vhdl.prj
 create mode 100644 adc_ethernet.ip_user_files/sim_scripts/afifo_16i_64o_512/xsim/vlog.prj
 create mode 100644 adc_ethernet.ip_user_files/sim_scripts/afifo_16i_64o_512/xsim/xsim.ini
 create mode 100644 adc_ethernet.ip_user_files/sim_scripts/afifo_64i_16o_128/README.txt
 create mode 100644 adc_ethernet.ip_user_files/sim_scripts/afifo_64i_16o_128/activehdl/README.txt
 create mode 100644 adc_ethernet.ip_user_files/sim_scripts/afifo_64i_16o_128/activehdl/afifo_64i_16o_128.sh
 create mode 100644 adc_ethernet.ip_user_files/sim_scripts/afifo_64i_16o_128/activehdl/afifo_64i_16o_128.udo
 create mode 100644 adc_ethernet.ip_user_files/sim_scripts/afifo_64i_16o_128/activehdl/compile.do
 create mode 100644 adc_ethernet.ip_user_files/sim_scripts/afifo_64i_16o_128/activehdl/file_info.txt
 create mode 100644 adc_ethernet.ip_user_files/sim_scripts/afifo_64i_16o_128/activehdl/glbl.v
 create mode 100644 adc_ethernet.ip_user_files/sim_scripts/afifo_64i_16o_128/activehdl/simulate.do
 create mode 100644 adc_ethernet.ip_user_files/sim_scripts/afifo_64i_16o_128/activehdl/wave.do
 create mode 100644 adc_ethernet.ip_user_files/sim_scripts/afifo_64i_16o_128/ies/README.txt
 create mode 100644 adc_ethernet.ip_user_files/sim_scripts/afifo_64i_16o_128/ies/afifo_64i_16o_128.sh
 create mode 100644 adc_ethernet.ip_user_files/sim_scripts/afifo_64i_16o_128/ies/file_info.txt
 create mode 100644 adc_ethernet.ip_user_files/sim_scripts/afifo_64i_16o_128/ies/glbl.v
 create mode 100644 adc_ethernet.ip_user_files/sim_scripts/afifo_64i_16o_128/ies/run.f
 create mode 100644 adc_ethernet.ip_user_files/sim_scripts/afifo_64i_16o_128/modelsim/README.txt
 create mode 100644 adc_ethernet.ip_user_files/sim_scripts/afifo_64i_16o_128/modelsim/afifo_64i_16o_128.sh
 create mode 100644 adc_ethernet.ip_user_files/sim_scripts/afifo_64i_16o_128/modelsim/afifo_64i_16o_128.udo
 create mode 100644 adc_ethernet.ip_user_files/sim_scripts/afifo_64i_16o_128/modelsim/compile.do
 create mode 100644 adc_ethernet.ip_user_files/sim_scripts/afifo_64i_16o_128/modelsim/file_info.txt
 create mode 100644 adc_ethernet.ip_user_files/sim_scripts/afifo_64i_16o_128/modelsim/glbl.v
 create mode 100644 adc_ethernet.ip_user_files/sim_scripts/afifo_64i_16o_128/modelsim/simulate.do
 create mode 100644 adc_ethernet.ip_user_files/sim_scripts/afifo_64i_16o_128/modelsim/wave.do
 create mode 100644 adc_ethernet.ip_user_files/sim_scripts/afifo_64i_16o_128/questa/README.txt
 create mode 100644 adc_ethernet.ip_user_files/sim_scripts/afifo_64i_16o_128/questa/afifo_64i_16o_128.sh
 create mode 100644 adc_ethernet.ip_user_files/sim_scripts/afifo_64i_16o_128/questa/afifo_64i_16o_128.udo
 create mode 100644 adc_ethernet.ip_user_files/sim_scripts/afifo_64i_16o_128/questa/compile.do
 create mode 100644 adc_ethernet.ip_user_files/sim_scripts/afifo_64i_16o_128/questa/elaborate.do
 create mode 100644 adc_ethernet.ip_user_files/sim_scripts/afifo_64i_16o_128/questa/file_info.txt
 create mode 100644 adc_ethernet.ip_user_files/sim_scripts/afifo_64i_16o_128/questa/glbl.v
 create mode 100644 adc_ethernet.ip_user_files/sim_scripts/afifo_64i_16o_128/questa/simulate.do
 create mode 100644 adc_ethernet.ip_user_files/sim_scripts/afifo_64i_16o_128/questa/wave.do
 create mode 100644 adc_ethernet.ip_user_files/sim_scripts/afifo_64i_16o_128/riviera/README.txt
 create mode 100644 adc_ethernet.ip_user_files/sim_scripts/afifo_64i_16o_128/riviera/afifo_64i_16o_128.sh
 create mode 100644 adc_ethernet.ip_user_files/sim_scripts/afifo_64i_16o_128/riviera/afifo_64i_16o_128.udo
 create mode 100644 adc_ethernet.ip_user_files/sim_scripts/afifo_64i_16o_128/riviera/compile.do
 create mode 100644 adc_ethernet.ip_user_files/sim_scripts/afifo_64i_16o_128/riviera/file_info.txt
 create mode 100644 adc_ethernet.ip_user_files/sim_scripts/afifo_64i_16o_128/riviera/glbl.v
 create mode 100644 adc_ethernet.ip_user_files/sim_scripts/afifo_64i_16o_128/riviera/simulate.do
 create mode 100644 adc_ethernet.ip_user_files/sim_scripts/afifo_64i_16o_128/riviera/wave.do
 create mode 100644 adc_ethernet.ip_user_files/sim_scripts/afifo_64i_16o_128/vcs/README.txt
 create mode 100644 adc_ethernet.ip_user_files/sim_scripts/afifo_64i_16o_128/vcs/afifo_64i_16o_128.sh
 create mode 100644 adc_ethernet.ip_user_files/sim_scripts/afifo_64i_16o_128/vcs/file_info.txt
 create mode 100644 adc_ethernet.ip_user_files/sim_scripts/afifo_64i_16o_128/vcs/glbl.v
 create mode 100644 adc_ethernet.ip_user_files/sim_scripts/afifo_64i_16o_128/vcs/simulate.do
 create mode 100644 adc_ethernet.ip_user_files/sim_scripts/afifo_64i_16o_128/xsim/README.txt
 create mode 100644 adc_ethernet.ip_user_files/sim_scripts/afifo_64i_16o_128/xsim/afifo_64i_16o_128.sh
 create mode 100644 adc_ethernet.ip_user_files/sim_scripts/afifo_64i_16o_128/xsim/cmd.tcl
 create mode 100644 adc_ethernet.ip_user_files/sim_scripts/afifo_64i_16o_128/xsim/elab.opt
 create mode 100644 adc_ethernet.ip_user_files/sim_scripts/afifo_64i_16o_128/xsim/file_info.txt
 create mode 100644 adc_ethernet.ip_user_files/sim_scripts/afifo_64i_16o_128/xsim/glbl.v
 create mode 100644 adc_ethernet.ip_user_files/sim_scripts/afifo_64i_16o_128/xsim/vhdl.prj
 create mode 100644 adc_ethernet.ip_user_files/sim_scripts/afifo_64i_16o_128/xsim/vlog.prj
 create mode 100644 adc_ethernet.ip_user_files/sim_scripts/afifo_64i_16o_128/xsim/xsim.ini
 create mode 100644 adc_ethernet.ip_user_files/sim_scripts/ddr3/activehdl/README.txt
 create mode 100644 adc_ethernet.ip_user_files/sim_scripts/ddr3/activehdl/compile.do
 create mode 100644 adc_ethernet.ip_user_files/sim_scripts/ddr3/activehdl/ddr3.sh
 create mode 100644 adc_ethernet.ip_user_files/sim_scripts/ddr3/activehdl/ddr3.udo
 create mode 100644 adc_ethernet.ip_user_files/sim_scripts/ddr3/activehdl/file_info.txt
 create mode 100644 adc_ethernet.ip_user_files/sim_scripts/ddr3/activehdl/glbl.v
 create mode 100644 adc_ethernet.ip_user_files/sim_scripts/ddr3/activehdl/mig_a.prj
 create mode 100644 adc_ethernet.ip_user_files/sim_scripts/ddr3/activehdl/simulate.do
 create mode 100644 adc_ethernet.ip_user_files/sim_scripts/ddr3/activehdl/wave.do
 create mode 100644 adc_ethernet.ip_user_files/sim_scripts/ddr3/ddr3.dcp
 create mode 100644 adc_ethernet.ip_user_files/sim_scripts/ddr3/ddr3.veo
 create mode 100644 adc_ethernet.ip_user_files/sim_scripts/ddr3/ddr3.xci
 create mode 100644 adc_ethernet.ip_user_files/sim_scripts/ddr3/ddr3.xml
 create mode 100644 adc_ethernet.ip_user_files/sim_scripts/ddr3/ddr3_sim_netlist.v
 create mode 100644 adc_ethernet.ip_user_files/sim_scripts/ddr3/ddr3_sim_netlist.vhdl
 create mode 100644 adc_ethernet.ip_user_files/sim_scripts/ddr3/ddr3_stub.v
 create mode 100644 adc_ethernet.ip_user_files/sim_scripts/ddr3/ddr3_stub.vhdl
 create mode 100644 adc_ethernet.ip_user_files/sim_scripts/ddr3/ddr3_xmdf.tcl
 create mode 100644 adc_ethernet.ip_user_files/sim_scripts/ddr3/ies/README.txt
 create mode 100644 adc_ethernet.ip_user_files/sim_scripts/ddr3/ies/ddr3.sh
 create mode 100644 adc_ethernet.ip_user_files/sim_scripts/ddr3/ies/file_info.txt
 create mode 100644 adc_ethernet.ip_user_files/sim_scripts/ddr3/ies/glbl.v
 create mode 100644 adc_ethernet.ip_user_files/sim_scripts/ddr3/ies/mig_a.prj
 create mode 100644 adc_ethernet.ip_user_files/sim_scripts/ddr3/ies/run.f
 create mode 100644 adc_ethernet.ip_user_files/sim_scripts/ddr3/mig_a.prj
 create mode 100644 adc_ethernet.ip_user_files/sim_scripts/ddr3/mig_b.prj
 create mode 100644 adc_ethernet.ip_user_files/sim_scripts/ddr3/modelsim/README.txt
 create mode 100644 adc_ethernet.ip_user_files/sim_scripts/ddr3/modelsim/compile.do
 create mode 100644 adc_ethernet.ip_user_files/sim_scripts/ddr3/modelsim/ddr3.sh
 create mode 100644 adc_ethernet.ip_user_files/sim_scripts/ddr3/modelsim/ddr3.udo
 create mode 100644 adc_ethernet.ip_user_files/sim_scripts/ddr3/modelsim/file_info.txt
 create mode 100644 adc_ethernet.ip_user_files/sim_scripts/ddr3/modelsim/glbl.v
 create mode 100644 adc_ethernet.ip_user_files/sim_scripts/ddr3/modelsim/mig_a.prj
 create mode 100644 adc_ethernet.ip_user_files/sim_scripts/ddr3/modelsim/simulate.do
 create mode 100644 adc_ethernet.ip_user_files/sim_scripts/ddr3/modelsim/wave.do
 create mode 100644 adc_ethernet.ip_user_files/sim_scripts/ddr3/questa/README.txt
 create mode 100644 adc_ethernet.ip_user_files/sim_scripts/ddr3/questa/compile.do
 create mode 100644 adc_ethernet.ip_user_files/sim_scripts/ddr3/questa/ddr3.sh
 create mode 100644 adc_ethernet.ip_user_files/sim_scripts/ddr3/questa/ddr3.udo
 create mode 100644 adc_ethernet.ip_user_files/sim_scripts/ddr3/questa/elaborate.do
 create mode 100644 adc_ethernet.ip_user_files/sim_scripts/ddr3/questa/file_info.txt
 create mode 100644 adc_ethernet.ip_user_files/sim_scripts/ddr3/questa/glbl.v
 create mode 100644 adc_ethernet.ip_user_files/sim_scripts/ddr3/questa/mig_a.prj
 create mode 100644 adc_ethernet.ip_user_files/sim_scripts/ddr3/questa/simulate.do
 create mode 100644 adc_ethernet.ip_user_files/sim_scripts/ddr3/questa/wave.do
 create mode 100644 adc_ethernet.ip_user_files/sim_scripts/ddr3/riviera/README.txt
 create mode 100644 adc_ethernet.ip_user_files/sim_scripts/ddr3/riviera/compile.do
 create mode 100644 adc_ethernet.ip_user_files/sim_scripts/ddr3/riviera/ddr3.sh
 create mode 100644 adc_ethernet.ip_user_files/sim_scripts/ddr3/riviera/ddr3.udo
 create mode 100644 adc_ethernet.ip_user_files/sim_scripts/ddr3/riviera/file_info.txt
 create mode 100644 adc_ethernet.ip_user_files/sim_scripts/ddr3/riviera/glbl.v
 create mode 100644 adc_ethernet.ip_user_files/sim_scripts/ddr3/riviera/mig_a.prj
 create mode 100644 adc_ethernet.ip_user_files/sim_scripts/ddr3/riviera/simulate.do
 create mode 100644 adc_ethernet.ip_user_files/sim_scripts/ddr3/riviera/wave.do
 create mode 100644 adc_ethernet.ip_user_files/sim_scripts/ddr3/tcl.log
 create mode 100644 adc_ethernet.ip_user_files/sim_scripts/ddr3/vcs/README.txt
 create mode 100644 adc_ethernet.ip_user_files/sim_scripts/ddr3/vcs/ddr3.sh
 create mode 100644 adc_ethernet.ip_user_files/sim_scripts/ddr3/vcs/file_info.txt
 create mode 100644 adc_ethernet.ip_user_files/sim_scripts/ddr3/vcs/glbl.v
 create mode 100644 adc_ethernet.ip_user_files/sim_scripts/ddr3/vcs/mig_a.prj
 create mode 100644 adc_ethernet.ip_user_files/sim_scripts/ddr3/vcs/simulate.do
 create mode 100644 adc_ethernet.ip_user_files/sim_scripts/ddr3/xil_txt.in
 create mode 100644 adc_ethernet.ip_user_files/sim_scripts/ddr3/xil_txt.out
 create mode 100644 adc_ethernet.ip_user_files/sim_scripts/ddr3/xil_upgrade.in
 create mode 100644 adc_ethernet.ip_user_files/sim_scripts/ddr3/xil_upgrade.out
 create mode 100644 adc_ethernet.ip_user_files/sim_scripts/ddr3/xsim/README.txt
 create mode 100644 adc_ethernet.ip_user_files/sim_scripts/ddr3/xsim/cmd.tcl
 create mode 100644 adc_ethernet.ip_user_files/sim_scripts/ddr3/xsim/ddr3.sh
 create mode 100644 adc_ethernet.ip_user_files/sim_scripts/ddr3/xsim/elab.opt
 create mode 100644 adc_ethernet.ip_user_files/sim_scripts/ddr3/xsim/file_info.txt
 create mode 100644 adc_ethernet.ip_user_files/sim_scripts/ddr3/xsim/glbl.v
 create mode 100644 adc_ethernet.ip_user_files/sim_scripts/ddr3/xsim/mig_a.prj
 create mode 100644 adc_ethernet.ip_user_files/sim_scripts/ddr3/xsim/vlog.prj
 create mode 100644 adc_ethernet.ip_user_files/sim_scripts/ddr3/xsim/xsim.ini
 create mode 100644 adc_ethernet.ip_user_files/sim_scripts/sys_pll/README.txt
 create mode 100644 adc_ethernet.ip_user_files/sim_scripts/sys_pll/activehdl/README.txt
 create mode 100644 adc_ethernet.ip_user_files/sim_scripts/sys_pll/activehdl/compile.do
 create mode 100644 adc_ethernet.ip_user_files/sim_scripts/sys_pll/activehdl/file_info.txt
 create mode 100644 adc_ethernet.ip_user_files/sim_scripts/sys_pll/activehdl/glbl.v
 create mode 100644 adc_ethernet.ip_user_files/sim_scripts/sys_pll/activehdl/simulate.do
 create mode 100644 adc_ethernet.ip_user_files/sim_scripts/sys_pll/activehdl/sys_pll.sh
 create mode 100644 adc_ethernet.ip_user_files/sim_scripts/sys_pll/activehdl/sys_pll.udo
 create mode 100644 adc_ethernet.ip_user_files/sim_scripts/sys_pll/activehdl/wave.do
 create mode 100644 adc_ethernet.ip_user_files/sim_scripts/sys_pll/ies/README.txt
 create mode 100644 adc_ethernet.ip_user_files/sim_scripts/sys_pll/ies/file_info.txt
 create mode 100644 adc_ethernet.ip_user_files/sim_scripts/sys_pll/ies/glbl.v
 create mode 100644 adc_ethernet.ip_user_files/sim_scripts/sys_pll/ies/run.f
 create mode 100644 adc_ethernet.ip_user_files/sim_scripts/sys_pll/ies/sys_pll.sh
 create mode 100644 adc_ethernet.ip_user_files/sim_scripts/sys_pll/modelsim/README.txt
 create mode 100644 adc_ethernet.ip_user_files/sim_scripts/sys_pll/modelsim/compile.do
 create mode 100644 adc_ethernet.ip_user_files/sim_scripts/sys_pll/modelsim/file_info.txt
 create mode 100644 adc_ethernet.ip_user_files/sim_scripts/sys_pll/modelsim/glbl.v
 create mode 100644 adc_ethernet.ip_user_files/sim_scripts/sys_pll/modelsim/simulate.do
 create mode 100644 adc_ethernet.ip_user_files/sim_scripts/sys_pll/modelsim/sys_pll.sh
 create mode 100644 adc_ethernet.ip_user_files/sim_scripts/sys_pll/modelsim/sys_pll.udo
 create mode 100644 adc_ethernet.ip_user_files/sim_scripts/sys_pll/modelsim/wave.do
 create mode 100644 adc_ethernet.ip_user_files/sim_scripts/sys_pll/questa/README.txt
 create mode 100644 adc_ethernet.ip_user_files/sim_scripts/sys_pll/questa/compile.do
 create mode 100644 adc_ethernet.ip_user_files/sim_scripts/sys_pll/questa/elaborate.do
 create mode 100644 adc_ethernet.ip_user_files/sim_scripts/sys_pll/questa/file_info.txt
 create mode 100644 adc_ethernet.ip_user_files/sim_scripts/sys_pll/questa/glbl.v
 create mode 100644 adc_ethernet.ip_user_files/sim_scripts/sys_pll/questa/simulate.do
 create mode 100644 adc_ethernet.ip_user_files/sim_scripts/sys_pll/questa/sys_pll.sh
 create mode 100644 adc_ethernet.ip_user_files/sim_scripts/sys_pll/questa/sys_pll.udo
 create mode 100644 adc_ethernet.ip_user_files/sim_scripts/sys_pll/questa/wave.do
 create mode 100644 adc_ethernet.ip_user_files/sim_scripts/sys_pll/riviera/README.txt
 create mode 100644 adc_ethernet.ip_user_files/sim_scripts/sys_pll/riviera/compile.do
 create mode 100644 adc_ethernet.ip_user_files/sim_scripts/sys_pll/riviera/file_info.txt
 create mode 100644 adc_ethernet.ip_user_files/sim_scripts/sys_pll/riviera/glbl.v
 create mode 100644 adc_ethernet.ip_user_files/sim_scripts/sys_pll/riviera/simulate.do
 create mode 100644 adc_ethernet.ip_user_files/sim_scripts/sys_pll/riviera/sys_pll.sh
 create mode 100644 adc_ethernet.ip_user_files/sim_scripts/sys_pll/riviera/sys_pll.udo
 create mode 100644 adc_ethernet.ip_user_files/sim_scripts/sys_pll/riviera/wave.do
 create mode 100644 adc_ethernet.ip_user_files/sim_scripts/sys_pll/vcs/README.txt
 create mode 100644 adc_ethernet.ip_user_files/sim_scripts/sys_pll/vcs/file_info.txt
 create mode 100644 adc_ethernet.ip_user_files/sim_scripts/sys_pll/vcs/glbl.v
 create mode 100644 adc_ethernet.ip_user_files/sim_scripts/sys_pll/vcs/simulate.do
 create mode 100644 adc_ethernet.ip_user_files/sim_scripts/sys_pll/vcs/sys_pll.sh
 create mode 100644 adc_ethernet.ip_user_files/sim_scripts/sys_pll/xsim/README.txt
 create mode 100644 adc_ethernet.ip_user_files/sim_scripts/sys_pll/xsim/cmd.tcl
 create mode 100644 adc_ethernet.ip_user_files/sim_scripts/sys_pll/xsim/elab.opt
 create mode 100644 adc_ethernet.ip_user_files/sim_scripts/sys_pll/xsim/file_info.txt
 create mode 100644 adc_ethernet.ip_user_files/sim_scripts/sys_pll/xsim/glbl.v
 create mode 100644 adc_ethernet.ip_user_files/sim_scripts/sys_pll/xsim/sys_pll.sh
 create mode 100644 adc_ethernet.ip_user_files/sim_scripts/sys_pll/xsim/vlog.prj
 create mode 100644 adc_ethernet.ip_user_files/sim_scripts/sys_pll/xsim/xsim.ini
 create mode 100644 adc_ethernet.runs/.jobs/vrs_config_1.xml
 create mode 100644 adc_ethernet.runs/.jobs/vrs_config_10.xml
 create mode 100644 adc_ethernet.runs/.jobs/vrs_config_100.xml
 create mode 100644 adc_ethernet.runs/.jobs/vrs_config_101.xml
 create mode 100644 adc_ethernet.runs/.jobs/vrs_config_102.xml
 create mode 100644 adc_ethernet.runs/.jobs/vrs_config_103.xml
 create mode 100644 adc_ethernet.runs/.jobs/vrs_config_104.xml
 create mode 100644 adc_ethernet.runs/.jobs/vrs_config_105.xml
 create mode 100644 adc_ethernet.runs/.jobs/vrs_config_106.xml
 create mode 100644 adc_ethernet.runs/.jobs/vrs_config_107.xml
 create mode 100644 adc_ethernet.runs/.jobs/vrs_config_108.xml
 create mode 100644 adc_ethernet.runs/.jobs/vrs_config_109.xml
 create mode 100644 adc_ethernet.runs/.jobs/vrs_config_11.xml
 create mode 100644 adc_ethernet.runs/.jobs/vrs_config_110.xml
 create mode 100644 adc_ethernet.runs/.jobs/vrs_config_111.xml
 create mode 100644 adc_ethernet.runs/.jobs/vrs_config_112.xml
 create mode 100644 adc_ethernet.runs/.jobs/vrs_config_113.xml
 create mode 100644 adc_ethernet.runs/.jobs/vrs_config_114.xml
 create mode 100644 adc_ethernet.runs/.jobs/vrs_config_115.xml
 create mode 100644 adc_ethernet.runs/.jobs/vrs_config_116.xml
 create mode 100644 adc_ethernet.runs/.jobs/vrs_config_117.xml
 create mode 100644 adc_ethernet.runs/.jobs/vrs_config_118.xml
 create mode 100644 adc_ethernet.runs/.jobs/vrs_config_119.xml
 create mode 100644 adc_ethernet.runs/.jobs/vrs_config_12.xml
 create mode 100644 adc_ethernet.runs/.jobs/vrs_config_13.xml
 create mode 100644 adc_ethernet.runs/.jobs/vrs_config_14.xml
 create mode 100644 adc_ethernet.runs/.jobs/vrs_config_15.xml
 create mode 100644 adc_ethernet.runs/.jobs/vrs_config_16.xml
 create mode 100644 adc_ethernet.runs/.jobs/vrs_config_17.xml
 create mode 100644 adc_ethernet.runs/.jobs/vrs_config_18.xml
 create mode 100644 adc_ethernet.runs/.jobs/vrs_config_19.xml
 create mode 100644 adc_ethernet.runs/.jobs/vrs_config_2.xml
 create mode 100644 adc_ethernet.runs/.jobs/vrs_config_20.xml
 create mode 100644 adc_ethernet.runs/.jobs/vrs_config_21.xml
 create mode 100644 adc_ethernet.runs/.jobs/vrs_config_22.xml
 create mode 100644 adc_ethernet.runs/.jobs/vrs_config_23.xml
 create mode 100644 adc_ethernet.runs/.jobs/vrs_config_24.xml
 create mode 100644 adc_ethernet.runs/.jobs/vrs_config_25.xml
 create mode 100644 adc_ethernet.runs/.jobs/vrs_config_26.xml
 create mode 100644 adc_ethernet.runs/.jobs/vrs_config_27.xml
 create mode 100644 adc_ethernet.runs/.jobs/vrs_config_28.xml
 create mode 100644 adc_ethernet.runs/.jobs/vrs_config_29.xml
 create mode 100644 adc_ethernet.runs/.jobs/vrs_config_3.xml
 create mode 100644 adc_ethernet.runs/.jobs/vrs_config_30.xml
 create mode 100644 adc_ethernet.runs/.jobs/vrs_config_31.xml
 create mode 100644 adc_ethernet.runs/.jobs/vrs_config_32.xml
 create mode 100644 adc_ethernet.runs/.jobs/vrs_config_33.xml
 create mode 100644 adc_ethernet.runs/.jobs/vrs_config_34.xml
 create mode 100644 adc_ethernet.runs/.jobs/vrs_config_35.xml
 create mode 100644 adc_ethernet.runs/.jobs/vrs_config_36.xml
 create mode 100644 adc_ethernet.runs/.jobs/vrs_config_37.xml
 create mode 100644 adc_ethernet.runs/.jobs/vrs_config_38.xml
 create mode 100644 adc_ethernet.runs/.jobs/vrs_config_39.xml
 create mode 100644 adc_ethernet.runs/.jobs/vrs_config_4.xml
 create mode 100644 adc_ethernet.runs/.jobs/vrs_config_40.xml
 create mode 100644 adc_ethernet.runs/.jobs/vrs_config_41.xml
 create mode 100644 adc_ethernet.runs/.jobs/vrs_config_42.xml
 create mode 100644 adc_ethernet.runs/.jobs/vrs_config_43.xml
 create mode 100644 adc_ethernet.runs/.jobs/vrs_config_44.xml
 create mode 100644 adc_ethernet.runs/.jobs/vrs_config_45.xml
 create mode 100644 adc_ethernet.runs/.jobs/vrs_config_46.xml
 create mode 100644 adc_ethernet.runs/.jobs/vrs_config_47.xml
 create mode 100644 adc_ethernet.runs/.jobs/vrs_config_48.xml
 create mode 100644 adc_ethernet.runs/.jobs/vrs_config_49.xml
 create mode 100644 adc_ethernet.runs/.jobs/vrs_config_5.xml
 create mode 100644 adc_ethernet.runs/.jobs/vrs_config_50.xml
 create mode 100644 adc_ethernet.runs/.jobs/vrs_config_51.xml
 create mode 100644 adc_ethernet.runs/.jobs/vrs_config_52.xml
 create mode 100644 adc_ethernet.runs/.jobs/vrs_config_53.xml
 create mode 100644 adc_ethernet.runs/.jobs/vrs_config_54.xml
 create mode 100644 adc_ethernet.runs/.jobs/vrs_config_55.xml
 create mode 100644 adc_ethernet.runs/.jobs/vrs_config_56.xml
 create mode 100644 adc_ethernet.runs/.jobs/vrs_config_57.xml
 create mode 100644 adc_ethernet.runs/.jobs/vrs_config_58.xml
 create mode 100644 adc_ethernet.runs/.jobs/vrs_config_59.xml
 create mode 100644 adc_ethernet.runs/.jobs/vrs_config_6.xml
 create mode 100644 adc_ethernet.runs/.jobs/vrs_config_60.xml
 create mode 100644 adc_ethernet.runs/.jobs/vrs_config_61.xml
 create mode 100644 adc_ethernet.runs/.jobs/vrs_config_62.xml
 create mode 100644 adc_ethernet.runs/.jobs/vrs_config_63.xml
 create mode 100644 adc_ethernet.runs/.jobs/vrs_config_64.xml
 create mode 100644 adc_ethernet.runs/.jobs/vrs_config_65.xml
 create mode 100644 adc_ethernet.runs/.jobs/vrs_config_66.xml
 create mode 100644 adc_ethernet.runs/.jobs/vrs_config_67.xml
 create mode 100644 adc_ethernet.runs/.jobs/vrs_config_68.xml
 create mode 100644 adc_ethernet.runs/.jobs/vrs_config_69.xml
 create mode 100644 adc_ethernet.runs/.jobs/vrs_config_7.xml
 create mode 100644 adc_ethernet.runs/.jobs/vrs_config_70.xml
 create mode 100644 adc_ethernet.runs/.jobs/vrs_config_71.xml
 create mode 100644 adc_ethernet.runs/.jobs/vrs_config_72.xml
 create mode 100644 adc_ethernet.runs/.jobs/vrs_config_73.xml
 create mode 100644 adc_ethernet.runs/.jobs/vrs_config_74.xml
 create mode 100644 adc_ethernet.runs/.jobs/vrs_config_75.xml
 create mode 100644 adc_ethernet.runs/.jobs/vrs_config_76.xml
 create mode 100644 adc_ethernet.runs/.jobs/vrs_config_77.xml
 create mode 100644 adc_ethernet.runs/.jobs/vrs_config_78.xml
 create mode 100644 adc_ethernet.runs/.jobs/vrs_config_79.xml
 create mode 100644 adc_ethernet.runs/.jobs/vrs_config_8.xml
 create mode 100644 adc_ethernet.runs/.jobs/vrs_config_80.xml
 create mode 100644 adc_ethernet.runs/.jobs/vrs_config_81.xml
 create mode 100644 adc_ethernet.runs/.jobs/vrs_config_82.xml
 create mode 100644 adc_ethernet.runs/.jobs/vrs_config_83.xml
 create mode 100644 adc_ethernet.runs/.jobs/vrs_config_84.xml
 create mode 100644 adc_ethernet.runs/.jobs/vrs_config_85.xml
 create mode 100644 adc_ethernet.runs/.jobs/vrs_config_86.xml
 create mode 100644 adc_ethernet.runs/.jobs/vrs_config_87.xml
 create mode 100644 adc_ethernet.runs/.jobs/vrs_config_88.xml
 create mode 100644 adc_ethernet.runs/.jobs/vrs_config_89.xml
 create mode 100644 adc_ethernet.runs/.jobs/vrs_config_9.xml
 create mode 100644 adc_ethernet.runs/.jobs/vrs_config_90.xml
 create mode 100644 adc_ethernet.runs/.jobs/vrs_config_91.xml
 create mode 100644 adc_ethernet.runs/.jobs/vrs_config_92.xml
 create mode 100644 adc_ethernet.runs/.jobs/vrs_config_93.xml
 create mode 100644 adc_ethernet.runs/.jobs/vrs_config_94.xml
 create mode 100644 adc_ethernet.runs/.jobs/vrs_config_95.xml
 create mode 100644 adc_ethernet.runs/.jobs/vrs_config_96.xml
 create mode 100644 adc_ethernet.runs/.jobs/vrs_config_97.xml
 create mode 100644 adc_ethernet.runs/.jobs/vrs_config_98.xml
 create mode 100644 adc_ethernet.runs/.jobs/vrs_config_99.xml
 create mode 100644 adc_ethernet.runs/adc_pll_synth_1/.Vivado_Synthesis.queue.rst
 create mode 100644 adc_ethernet.runs/adc_pll_synth_1/.vivado.begin.rst
 create mode 100644 adc_ethernet.runs/adc_pll_synth_1/.vivado.end.rst
 create mode 100644 adc_ethernet.runs/adc_pll_synth_1/ISEWrap.js
 create mode 100644 adc_ethernet.runs/adc_pll_synth_1/ISEWrap.sh
 create mode 100644 adc_ethernet.runs/adc_pll_synth_1/__synthesis_is_complete__
 create mode 100644 adc_ethernet.runs/adc_pll_synth_1/adc_pll.dcp
 create mode 100644 adc_ethernet.runs/adc_pll_synth_1/adc_pll.tcl
 create mode 100644 adc_ethernet.runs/adc_pll_synth_1/adc_pll.vds
 create mode 100644 adc_ethernet.runs/adc_pll_synth_1/adc_pll_utilization_synth.pb
 create mode 100644 adc_ethernet.runs/adc_pll_synth_1/adc_pll_utilization_synth.rpt
 create mode 100644 adc_ethernet.runs/adc_pll_synth_1/dont_touch.xdc
 create mode 100644 adc_ethernet.runs/adc_pll_synth_1/gen_run.xml
 create mode 100644 adc_ethernet.runs/adc_pll_synth_1/htr.txt
 create mode 100644 adc_ethernet.runs/adc_pll_synth_1/project.wdf
 create mode 100644 adc_ethernet.runs/adc_pll_synth_1/rundef.js
 create mode 100644 adc_ethernet.runs/adc_pll_synth_1/runme.bat
 create mode 100644 adc_ethernet.runs/adc_pll_synth_1/runme.log
 create mode 100644 adc_ethernet.runs/adc_pll_synth_1/runme.sh
 create mode 100644 adc_ethernet.runs/adc_pll_synth_1/vivado.jou
 create mode 100644 adc_ethernet.runs/adc_pll_synth_1/vivado.pb
 create mode 100644 adc_ethernet.runs/afifo_16i_64o_512_synth_1/.Vivado_Synthesis.queue.rst
 create mode 100644 adc_ethernet.runs/afifo_16i_64o_512_synth_1/.Xil/afifo_16i_64o_512_propImpl.xdc
 create mode 100644 adc_ethernet.runs/afifo_16i_64o_512_synth_1/.vivado.begin.rst
 create mode 100644 adc_ethernet.runs/afifo_16i_64o_512_synth_1/.vivado.end.rst
 create mode 100644 adc_ethernet.runs/afifo_16i_64o_512_synth_1/ISEWrap.js
 create mode 100644 adc_ethernet.runs/afifo_16i_64o_512_synth_1/ISEWrap.sh
 create mode 100644 adc_ethernet.runs/afifo_16i_64o_512_synth_1/__synthesis_is_complete__
 create mode 100644 adc_ethernet.runs/afifo_16i_64o_512_synth_1/afifo_16i_64o_512.dcp
 create mode 100644 adc_ethernet.runs/afifo_16i_64o_512_synth_1/afifo_16i_64o_512.tcl
 create mode 100644 adc_ethernet.runs/afifo_16i_64o_512_synth_1/afifo_16i_64o_512.vds
 create mode 100644 adc_ethernet.runs/afifo_16i_64o_512_synth_1/afifo_16i_64o_512_utilization_synth.pb
 create mode 100644 adc_ethernet.runs/afifo_16i_64o_512_synth_1/afifo_16i_64o_512_utilization_synth.rpt
 create mode 100644 adc_ethernet.runs/afifo_16i_64o_512_synth_1/dont_touch.xdc
 create mode 100644 adc_ethernet.runs/afifo_16i_64o_512_synth_1/gen_run.xml
 create mode 100644 adc_ethernet.runs/afifo_16i_64o_512_synth_1/htr.txt
 create mode 100644 adc_ethernet.runs/afifo_16i_64o_512_synth_1/project.wdf
 create mode 100644 adc_ethernet.runs/afifo_16i_64o_512_synth_1/rundef.js
 create mode 100644 adc_ethernet.runs/afifo_16i_64o_512_synth_1/runme.bat
 create mode 100644 adc_ethernet.runs/afifo_16i_64o_512_synth_1/runme.log
 create mode 100644 adc_ethernet.runs/afifo_16i_64o_512_synth_1/runme.sh
 create mode 100644 adc_ethernet.runs/afifo_16i_64o_512_synth_1/vivado.jou
 create mode 100644 adc_ethernet.runs/afifo_16i_64o_512_synth_1/vivado.pb
 create mode 100644 adc_ethernet.runs/afifo_64i_16o_128_synth_1/.Vivado_Synthesis.queue.rst
 create mode 100644 adc_ethernet.runs/afifo_64i_16o_128_synth_1/.Xil/afifo_64i_16o_128_propImpl.xdc
 create mode 100644 adc_ethernet.runs/afifo_64i_16o_128_synth_1/.vivado.begin.rst
 create mode 100644 adc_ethernet.runs/afifo_64i_16o_128_synth_1/.vivado.end.rst
 create mode 100644 adc_ethernet.runs/afifo_64i_16o_128_synth_1/ISEWrap.js
 create mode 100644 adc_ethernet.runs/afifo_64i_16o_128_synth_1/ISEWrap.sh
 create mode 100644 adc_ethernet.runs/afifo_64i_16o_128_synth_1/__synthesis_is_complete__
 create mode 100644 adc_ethernet.runs/afifo_64i_16o_128_synth_1/afifo_64i_16o_128.dcp
 create mode 100644 adc_ethernet.runs/afifo_64i_16o_128_synth_1/afifo_64i_16o_128.tcl
 create mode 100644 adc_ethernet.runs/afifo_64i_16o_128_synth_1/afifo_64i_16o_128.vds
 create mode 100644 adc_ethernet.runs/afifo_64i_16o_128_synth_1/afifo_64i_16o_128_utilization_synth.pb
 create mode 100644 adc_ethernet.runs/afifo_64i_16o_128_synth_1/afifo_64i_16o_128_utilization_synth.rpt
 create mode 100644 adc_ethernet.runs/afifo_64i_16o_128_synth_1/dont_touch.xdc
 create mode 100644 adc_ethernet.runs/afifo_64i_16o_128_synth_1/gen_run.xml
 create mode 100644 adc_ethernet.runs/afifo_64i_16o_128_synth_1/htr.txt
 create mode 100644 adc_ethernet.runs/afifo_64i_16o_128_synth_1/project.wdf
 create mode 100644 adc_ethernet.runs/afifo_64i_16o_128_synth_1/rundef.js
 create mode 100644 adc_ethernet.runs/afifo_64i_16o_128_synth_1/runme.bat
 create mode 100644 adc_ethernet.runs/afifo_64i_16o_128_synth_1/runme.log
 create mode 100644 adc_ethernet.runs/afifo_64i_16o_128_synth_1/runme.sh
 create mode 100644 adc_ethernet.runs/afifo_64i_16o_128_synth_1/vivado.jou
 create mode 100644 adc_ethernet.runs/afifo_64i_16o_128_synth_1/vivado.pb
 create mode 100644 adc_ethernet.runs/cordic_0_synth_1/.Vivado_Synthesis.queue.rst
 create mode 100644 adc_ethernet.runs/cordic_0_synth_1/.vivado.begin.rst
 create mode 100644 adc_ethernet.runs/cordic_0_synth_1/.vivado.end.rst
 create mode 100644 adc_ethernet.runs/cordic_0_synth_1/ISEWrap.js
 create mode 100644 adc_ethernet.runs/cordic_0_synth_1/ISEWrap.sh
 create mode 100644 adc_ethernet.runs/cordic_0_synth_1/__synthesis_is_complete__
 create mode 100644 adc_ethernet.runs/cordic_0_synth_1/cordic_0.dcp
 create mode 100644 adc_ethernet.runs/cordic_0_synth_1/cordic_0.tcl
 create mode 100644 adc_ethernet.runs/cordic_0_synth_1/cordic_0.vds
 create mode 100644 adc_ethernet.runs/cordic_0_synth_1/cordic_0_utilization_synth.pb
 create mode 100644 adc_ethernet.runs/cordic_0_synth_1/cordic_0_utilization_synth.rpt
 create mode 100644 adc_ethernet.runs/cordic_0_synth_1/dont_touch.xdc
 create mode 100644 adc_ethernet.runs/cordic_0_synth_1/gen_run.xml
 create mode 100644 adc_ethernet.runs/cordic_0_synth_1/htr.txt
 create mode 100644 adc_ethernet.runs/cordic_0_synth_1/project.wdf
 create mode 100644 adc_ethernet.runs/cordic_0_synth_1/rundef.js
 create mode 100644 adc_ethernet.runs/cordic_0_synth_1/runme.bat
 create mode 100644 adc_ethernet.runs/cordic_0_synth_1/runme.log
 create mode 100644 adc_ethernet.runs/cordic_0_synth_1/runme.sh
 create mode 100644 adc_ethernet.runs/cordic_0_synth_1/vivado.jou
 create mode 100644 adc_ethernet.runs/cordic_0_synth_1/vivado.pb
 create mode 100644 adc_ethernet.runs/ddr3_synth_1/.Vivado_Synthesis.queue.rst
 create mode 100644 adc_ethernet.runs/ddr3_synth_1/.Xil/ddr3_propImpl.xdc
 create mode 100644 adc_ethernet.runs/ddr3_synth_1/.vivado.begin.rst
 create mode 100644 adc_ethernet.runs/ddr3_synth_1/.vivado.end.rst
 create mode 100644 adc_ethernet.runs/ddr3_synth_1/ISEWrap.js
 create mode 100644 adc_ethernet.runs/ddr3_synth_1/ISEWrap.sh
 create mode 100644 adc_ethernet.runs/ddr3_synth_1/ddr3.dcp
 create mode 100644 adc_ethernet.runs/ddr3_synth_1/ddr3.tcl
 create mode 100644 adc_ethernet.runs/ddr3_synth_1/ddr3.vds
 create mode 100644 adc_ethernet.runs/ddr3_synth_1/ddr3_utilization_synth.pb
 create mode 100644 adc_ethernet.runs/ddr3_synth_1/ddr3_utilization_synth.rpt
 create mode 100644 adc_ethernet.runs/ddr3_synth_1/fsm_encoding.os
 create mode 100644 adc_ethernet.runs/ddr3_synth_1/gen_run.xml
 create mode 100644 adc_ethernet.runs/ddr3_synth_1/htr.txt
 create mode 100644 adc_ethernet.runs/ddr3_synth_1/project.wdf
 create mode 100644 adc_ethernet.runs/ddr3_synth_1/rundef.js
 create mode 100644 adc_ethernet.runs/ddr3_synth_1/runme.bat
 create mode 100644 adc_ethernet.runs/ddr3_synth_1/runme.log
 create mode 100644 adc_ethernet.runs/ddr3_synth_1/runme.sh
 create mode 100644 adc_ethernet.runs/ddr3_synth_1/vivado.jou
 create mode 100644 adc_ethernet.runs/ddr3_synth_1/vivado.pb
 create mode 100644 adc_ethernet.runs/fft_ls_synth_1/.Vivado_Synthesis.queue.rst
 create mode 100644 adc_ethernet.runs/fft_ls_synth_1/.vivado.begin.rst
 create mode 100644 adc_ethernet.runs/fft_ls_synth_1/.vivado.end.rst
 create mode 100644 adc_ethernet.runs/fft_ls_synth_1/ISEWrap.js
 create mode 100644 adc_ethernet.runs/fft_ls_synth_1/ISEWrap.sh
 create mode 100644 adc_ethernet.runs/fft_ls_synth_1/__synthesis_is_complete__
 create mode 100644 adc_ethernet.runs/fft_ls_synth_1/dont_touch.xdc
 create mode 100644 adc_ethernet.runs/fft_ls_synth_1/fft_ls.dcp
 create mode 100644 adc_ethernet.runs/fft_ls_synth_1/fft_ls.tcl
 create mode 100644 adc_ethernet.runs/fft_ls_synth_1/fft_ls.vds
 create mode 100644 adc_ethernet.runs/fft_ls_synth_1/fft_ls_utilization_synth.pb
 create mode 100644 adc_ethernet.runs/fft_ls_synth_1/fft_ls_utilization_synth.rpt
 create mode 100644 adc_ethernet.runs/fft_ls_synth_1/gen_run.xml
 create mode 100644 adc_ethernet.runs/fft_ls_synth_1/htr.txt
 create mode 100644 adc_ethernet.runs/fft_ls_synth_1/project.wdf
 create mode 100644 adc_ethernet.runs/fft_ls_synth_1/rundef.js
 create mode 100644 adc_ethernet.runs/fft_ls_synth_1/runme.bat
 create mode 100644 adc_ethernet.runs/fft_ls_synth_1/runme.log
 create mode 100644 adc_ethernet.runs/fft_ls_synth_1/runme.sh
 create mode 100644 adc_ethernet.runs/fft_ls_synth_1/vivado.jou
 create mode 100644 adc_ethernet.runs/fft_ls_synth_1/vivado.pb
 create mode 100644 adc_ethernet.runs/my_cordic_1_synth_1/.Vivado_Synthesis.queue.rst
 create mode 100644 adc_ethernet.runs/my_cordic_1_synth_1/.vivado.begin.rst
 create mode 100644 adc_ethernet.runs/my_cordic_1_synth_1/.vivado.end.rst
 create mode 100644 adc_ethernet.runs/my_cordic_1_synth_1/ISEWrap.js
 create mode 100644 adc_ethernet.runs/my_cordic_1_synth_1/ISEWrap.sh
 create mode 100644 adc_ethernet.runs/my_cordic_1_synth_1/__synthesis_is_complete__
 create mode 100644 adc_ethernet.runs/my_cordic_1_synth_1/dont_touch.xdc
 create mode 100644 adc_ethernet.runs/my_cordic_1_synth_1/gen_run.xml
 create mode 100644 adc_ethernet.runs/my_cordic_1_synth_1/htr.txt
 create mode 100644 adc_ethernet.runs/my_cordic_1_synth_1/my_cordic_1.dcp
 create mode 100644 adc_ethernet.runs/my_cordic_1_synth_1/my_cordic_1.tcl
 create mode 100644 adc_ethernet.runs/my_cordic_1_synth_1/my_cordic_1.vds
 create mode 100644 adc_ethernet.runs/my_cordic_1_synth_1/my_cordic_1_utilization_synth.pb
 create mode 100644 adc_ethernet.runs/my_cordic_1_synth_1/my_cordic_1_utilization_synth.rpt
 create mode 100644 adc_ethernet.runs/my_cordic_1_synth_1/project.wdf
 create mode 100644 adc_ethernet.runs/my_cordic_1_synth_1/rundef.js
 create mode 100644 adc_ethernet.runs/my_cordic_1_synth_1/runme.bat
 create mode 100644 adc_ethernet.runs/my_cordic_1_synth_1/runme.log
 create mode 100644 adc_ethernet.runs/my_cordic_1_synth_1/runme.sh
 create mode 100644 adc_ethernet.runs/my_cordic_1_synth_1/vivado.jou
 create mode 100644 adc_ethernet.runs/my_cordic_1_synth_1/vivado.pb
 create mode 100644 adc_ethernet.srcs/constrs_1/new/adc_ethernet.xdc
 create mode 100644 adc_ethernet.srcs/sources_1/ad/ad7606_if.v
 create mode 100644 adc_ethernet.srcs/sources_1/ad/ad7606_sample.v
 create mode 100644 adc_ethernet.srcs/sources_1/ad/ad9280_sample.v
 create mode 100644 adc_ethernet.srcs/sources_1/aq_axi_master.v
 create mode 100644 adc_ethernet.srcs/sources_1/cmos_8_16bit.v
 create mode 100644 adc_ethernet.srcs/sources_1/cmos_write_req_gen.v
 create mode 100644 adc_ethernet.srcs/sources_1/color_bar.v
 create mode 100644 adc_ethernet.srcs/sources_1/frame_fifo_read.v
 create mode 100644 adc_ethernet.srcs/sources_1/frame_fifo_write.v
 create mode 100644 adc_ethernet.srcs/sources_1/frame_read_write.v
 create mode 100644 adc_ethernet.srcs/sources_1/i2c_master/i2c_config.v
 create mode 100644 adc_ethernet.srcs/sources_1/i2c_master/i2c_master_bit_ctrl.v
 create mode 100644 adc_ethernet.srcs/sources_1/i2c_master/i2c_master_byte_ctrl.v
 create mode 100644 adc_ethernet.srcs/sources_1/i2c_master/i2c_master_defines.v
 create mode 100644 adc_ethernet.srcs/sources_1/i2c_master/i2c_master_top.v
 create mode 100644 adc_ethernet.srcs/sources_1/i2c_master/timescale.v
 create mode 100644 adc_ethernet.srcs/sources_1/ip/adc_pll/adc_pll.dcp
 create mode 100644 adc_ethernet.srcs/sources_1/ip/adc_pll/adc_pll.v
 create mode 100644 adc_ethernet.srcs/sources_1/ip/adc_pll/adc_pll.veo
 create mode 100644 adc_ethernet.srcs/sources_1/ip/adc_pll/adc_pll.xci
 create mode 100644 adc_ethernet.srcs/sources_1/ip/adc_pll/adc_pll.xdc
 create mode 100644 adc_ethernet.srcs/sources_1/ip/adc_pll/adc_pll.xml
 create mode 100644 adc_ethernet.srcs/sources_1/ip/adc_pll/adc_pll_board.xdc
 create mode 100644 adc_ethernet.srcs/sources_1/ip/adc_pll/adc_pll_clk_wiz.v
 create mode 100644 adc_ethernet.srcs/sources_1/ip/adc_pll/adc_pll_late.xdc
 create mode 100644 adc_ethernet.srcs/sources_1/ip/adc_pll/adc_pll_ooc.xdc
 create mode 100644 adc_ethernet.srcs/sources_1/ip/adc_pll/adc_pll_sim_netlist.v
 create mode 100644 adc_ethernet.srcs/sources_1/ip/adc_pll/adc_pll_sim_netlist.vhdl
 create mode 100644 adc_ethernet.srcs/sources_1/ip/adc_pll/adc_pll_stub.v
 create mode 100644 adc_ethernet.srcs/sources_1/ip/adc_pll/adc_pll_stub.vhdl
 create mode 100644 adc_ethernet.srcs/sources_1/ip/adc_pll/doc/clk_wiz_v6_0_changelog.txt
 create mode 100644 adc_ethernet.srcs/sources_1/ip/adc_pll/mmcm_pll_drp_func_7s_mmcm.vh
 create mode 100644 adc_ethernet.srcs/sources_1/ip/adc_pll/mmcm_pll_drp_func_7s_pll.vh
 create mode 100644 adc_ethernet.srcs/sources_1/ip/adc_pll/mmcm_pll_drp_func_us_mmcm.vh
 create mode 100644 adc_ethernet.srcs/sources_1/ip/adc_pll/mmcm_pll_drp_func_us_pll.vh
 create mode 100644 adc_ethernet.srcs/sources_1/ip/adc_pll/mmcm_pll_drp_func_us_plus_mmcm.vh
 create mode 100644 adc_ethernet.srcs/sources_1/ip/adc_pll/mmcm_pll_drp_func_us_plus_pll.vh
 create mode 100644 adc_ethernet.srcs/sources_1/ip/afifo_16i_64o_512/afifo_16i_64o_512.dcp
 create mode 100644 adc_ethernet.srcs/sources_1/ip/afifo_16i_64o_512/afifo_16i_64o_512.veo
 create mode 100644 adc_ethernet.srcs/sources_1/ip/afifo_16i_64o_512/afifo_16i_64o_512.vho
 create mode 100644 adc_ethernet.srcs/sources_1/ip/afifo_16i_64o_512/afifo_16i_64o_512.xci
 create mode 100644 adc_ethernet.srcs/sources_1/ip/afifo_16i_64o_512/afifo_16i_64o_512.xdc
 create mode 100644 adc_ethernet.srcs/sources_1/ip/afifo_16i_64o_512/afifo_16i_64o_512.xml
 create mode 100644 adc_ethernet.srcs/sources_1/ip/afifo_16i_64o_512/afifo_16i_64o_512_clocks.xdc
 create mode 100644 adc_ethernet.srcs/sources_1/ip/afifo_16i_64o_512/afifo_16i_64o_512_ooc.xdc
 create mode 100644 adc_ethernet.srcs/sources_1/ip/afifo_16i_64o_512/afifo_16i_64o_512_sim_netlist.v
 create mode 100644 adc_ethernet.srcs/sources_1/ip/afifo_16i_64o_512/afifo_16i_64o_512_sim_netlist.vhdl
 create mode 100644 adc_ethernet.srcs/sources_1/ip/afifo_16i_64o_512/afifo_16i_64o_512_stub.v
 create mode 100644 adc_ethernet.srcs/sources_1/ip/afifo_16i_64o_512/afifo_16i_64o_512_stub.vhdl
 create mode 100644 adc_ethernet.srcs/sources_1/ip/afifo_16i_64o_512/doc/fifo_generator_v13_2_changelog.txt
 create mode 100644 adc_ethernet.srcs/sources_1/ip/afifo_16i_64o_512/hdl/blk_mem_gen_v8_4_vhsyn_rfs.vhd
 create mode 100644 adc_ethernet.srcs/sources_1/ip/afifo_16i_64o_512/hdl/fifo_generator_v13_2_rfs.v
 create mode 100644 adc_ethernet.srcs/sources_1/ip/afifo_16i_64o_512/hdl/fifo_generator_v13_2_rfs.vhd
 create mode 100644 adc_ethernet.srcs/sources_1/ip/afifo_16i_64o_512/hdl/fifo_generator_v13_2_vhsyn_rfs.vhd
 create mode 100644 adc_ethernet.srcs/sources_1/ip/afifo_16i_64o_512/sim/afifo_16i_64o_512.v
 create mode 100644 adc_ethernet.srcs/sources_1/ip/afifo_16i_64o_512/simulation/fifo_generator_vlog_beh.v
 create mode 100644 adc_ethernet.srcs/sources_1/ip/afifo_16i_64o_512/synth/afifo_16i_64o_512.vhd
 create mode 100644 adc_ethernet.srcs/sources_1/ip/afifo_64i_16o_128/afifo_64i_16o_128.dcp
 create mode 100644 adc_ethernet.srcs/sources_1/ip/afifo_64i_16o_128/afifo_64i_16o_128.veo
 create mode 100644 adc_ethernet.srcs/sources_1/ip/afifo_64i_16o_128/afifo_64i_16o_128.vho
 create mode 100644 adc_ethernet.srcs/sources_1/ip/afifo_64i_16o_128/afifo_64i_16o_128.xci
 create mode 100644 adc_ethernet.srcs/sources_1/ip/afifo_64i_16o_128/afifo_64i_16o_128.xdc
 create mode 100644 adc_ethernet.srcs/sources_1/ip/afifo_64i_16o_128/afifo_64i_16o_128.xml
 create mode 100644 adc_ethernet.srcs/sources_1/ip/afifo_64i_16o_128/afifo_64i_16o_128_clocks.xdc
 create mode 100644 adc_ethernet.srcs/sources_1/ip/afifo_64i_16o_128/afifo_64i_16o_128_ooc.xdc
 create mode 100644 adc_ethernet.srcs/sources_1/ip/afifo_64i_16o_128/afifo_64i_16o_128_sim_netlist.v
 create mode 100644 adc_ethernet.srcs/sources_1/ip/afifo_64i_16o_128/afifo_64i_16o_128_sim_netlist.vhdl
 create mode 100644 adc_ethernet.srcs/sources_1/ip/afifo_64i_16o_128/afifo_64i_16o_128_stub.v
 create mode 100644 adc_ethernet.srcs/sources_1/ip/afifo_64i_16o_128/afifo_64i_16o_128_stub.vhdl
 create mode 100644 adc_ethernet.srcs/sources_1/ip/afifo_64i_16o_128/doc/fifo_generator_v13_2_changelog.txt
 create mode 100644 adc_ethernet.srcs/sources_1/ip/afifo_64i_16o_128/hdl/blk_mem_gen_v8_4_vhsyn_rfs.vhd
 create mode 100644 adc_ethernet.srcs/sources_1/ip/afifo_64i_16o_128/hdl/fifo_generator_v13_2_rfs.v
 create mode 100644 adc_ethernet.srcs/sources_1/ip/afifo_64i_16o_128/hdl/fifo_generator_v13_2_rfs.vhd
 create mode 100644 adc_ethernet.srcs/sources_1/ip/afifo_64i_16o_128/hdl/fifo_generator_v13_2_vhsyn_rfs.vhd
 create mode 100644 adc_ethernet.srcs/sources_1/ip/afifo_64i_16o_128/sim/afifo_64i_16o_128.v
 create mode 100644 adc_ethernet.srcs/sources_1/ip/afifo_64i_16o_128/simulation/fifo_generator_vlog_beh.v
 create mode 100644 adc_ethernet.srcs/sources_1/ip/afifo_64i_16o_128/synth/afifo_64i_16o_128.vhd
 create mode 100644 adc_ethernet.srcs/sources_1/ip/cordic_0/cmodel/cordic_v6_0_bitacc_cmodel_lin64.zip
 create mode 100644 adc_ethernet.srcs/sources_1/ip/cordic_0/cmodel/cordic_v6_0_bitacc_cmodel_nt64.zip
 create mode 100644 adc_ethernet.srcs/sources_1/ip/cordic_0/cordic_0.dcp
 create mode 100644 adc_ethernet.srcs/sources_1/ip/cordic_0/cordic_0.veo
 create mode 100644 adc_ethernet.srcs/sources_1/ip/cordic_0/cordic_0.vho
 create mode 100644 adc_ethernet.srcs/sources_1/ip/cordic_0/cordic_0.xci
 create mode 100644 adc_ethernet.srcs/sources_1/ip/cordic_0/cordic_0.xml
 create mode 100644 adc_ethernet.srcs/sources_1/ip/cordic_0/cordic_0_ooc.xdc
 create mode 100644 adc_ethernet.srcs/sources_1/ip/cordic_0/cordic_0_sim_netlist.v
 create mode 100644 adc_ethernet.srcs/sources_1/ip/cordic_0/cordic_0_sim_netlist.vhdl
 create mode 100644 adc_ethernet.srcs/sources_1/ip/cordic_0/cordic_0_stub.v
 create mode 100644 adc_ethernet.srcs/sources_1/ip/cordic_0/cordic_0_stub.vhdl
 create mode 100644 adc_ethernet.srcs/sources_1/ip/cordic_0/demo_tb/tb_cordic_0.vhd
 create mode 100644 adc_ethernet.srcs/sources_1/ip/cordic_0/doc/cordic_v6_0_changelog.txt
 create mode 100644 adc_ethernet.srcs/sources_1/ip/cordic_0/hdl/axi_utils_v2_0_vh_rfs.vhd
 create mode 100644 adc_ethernet.srcs/sources_1/ip/cordic_0/hdl/c_addsub_v12_0_vh_rfs.vhd
 create mode 100644 adc_ethernet.srcs/sources_1/ip/cordic_0/hdl/c_reg_fd_v12_0_vh_rfs.vhd
 create mode 100644 adc_ethernet.srcs/sources_1/ip/cordic_0/hdl/cordic_v6_0_vh_rfs.vhd
 create mode 100644 adc_ethernet.srcs/sources_1/ip/cordic_0/hdl/mult_gen_v12_0_vh_rfs.vhd
 create mode 100644 adc_ethernet.srcs/sources_1/ip/cordic_0/hdl/xbip_addsub_v3_0_vh_rfs.vhd
 create mode 100644 adc_ethernet.srcs/sources_1/ip/cordic_0/hdl/xbip_bram18k_v3_0_vh_rfs.vhd
 create mode 100644 adc_ethernet.srcs/sources_1/ip/cordic_0/hdl/xbip_dsp48_addsub_v3_0_vh_rfs.vhd
 create mode 100644 adc_ethernet.srcs/sources_1/ip/cordic_0/hdl/xbip_dsp48_wrapper_v3_0_vh_rfs.vhd
 create mode 100644 adc_ethernet.srcs/sources_1/ip/cordic_0/hdl/xbip_pipe_v3_0_vh_rfs.vhd
 create mode 100644 adc_ethernet.srcs/sources_1/ip/cordic_0/hdl/xbip_utils_v3_0_vh_rfs.vhd
 create mode 100644 adc_ethernet.srcs/sources_1/ip/cordic_0/sim/cordic_0.vhd
 create mode 100644 adc_ethernet.srcs/sources_1/ip/cordic_0/synth/cordic_0.vhd
 create mode 100644 adc_ethernet.srcs/sources_1/ip/ddr3/ddr3.dcp
 create mode 100644 adc_ethernet.srcs/sources_1/ip/ddr3/ddr3.veo
 create mode 100644 adc_ethernet.srcs/sources_1/ip/ddr3/ddr3.xci
 create mode 100644 adc_ethernet.srcs/sources_1/ip/ddr3/ddr3.xml
 create mode 100644 adc_ethernet.srcs/sources_1/ip/ddr3/ddr3/datasheet.txt
 create mode 100644 adc_ethernet.srcs/sources_1/ip/ddr3/ddr3/ddr3.dcp
 create mode 100644 adc_ethernet.srcs/sources_1/ip/ddr3/ddr3/ddr3.veo
 create mode 100644 adc_ethernet.srcs/sources_1/ip/ddr3/ddr3/ddr3.xci
 create mode 100644 adc_ethernet.srcs/sources_1/ip/ddr3/ddr3/ddr3.xml
 create mode 100644 adc_ethernet.srcs/sources_1/ip/ddr3/ddr3/ddr3_sim_netlist.v
 create mode 100644 adc_ethernet.srcs/sources_1/ip/ddr3/ddr3/ddr3_sim_netlist.vhdl
 create mode 100644 adc_ethernet.srcs/sources_1/ip/ddr3/ddr3/ddr3_stub.v
 create mode 100644 adc_ethernet.srcs/sources_1/ip/ddr3/ddr3/ddr3_stub.vhdl
 create mode 100644 adc_ethernet.srcs/sources_1/ip/ddr3/ddr3/ddr3_xmdf.tcl
 create mode 100644 adc_ethernet.srcs/sources_1/ip/ddr3/ddr3/docs/phy_only_support_readme.txt
 create mode 100644 adc_ethernet.srcs/sources_1/ip/ddr3/ddr3/example_design/par/example_top.xdc
 create mode 100644 adc_ethernet.srcs/sources_1/ip/ddr3/ddr3/example_design/par/readme.txt
 create mode 100644 adc_ethernet.srcs/sources_1/ip/ddr3/ddr3/example_design/rtl/example_top.v
 create mode 100644 adc_ethernet.srcs/sources_1/ip/ddr3/ddr3/example_design/rtl/traffic_gen/mig_7series_v4_2_afifo.v
 create mode 100644 adc_ethernet.srcs/sources_1/ip/ddr3/ddr3/example_design/rtl/traffic_gen/mig_7series_v4_2_axi4_tg.v
 create mode 100644 adc_ethernet.srcs/sources_1/ip/ddr3/ddr3/example_design/rtl/traffic_gen/mig_7series_v4_2_axi4_wrapper.v
 create mode 100644 adc_ethernet.srcs/sources_1/ip/ddr3/ddr3/example_design/rtl/traffic_gen/mig_7series_v4_2_cmd_gen.v
 create mode 100644 adc_ethernet.srcs/sources_1/ip/ddr3/ddr3/example_design/rtl/traffic_gen/mig_7series_v4_2_cmd_prbs_gen.v
 create mode 100644 adc_ethernet.srcs/sources_1/ip/ddr3/ddr3/example_design/rtl/traffic_gen/mig_7series_v4_2_cmd_prbs_gen_axi.v
 create mode 100644 adc_ethernet.srcs/sources_1/ip/ddr3/ddr3/example_design/rtl/traffic_gen/mig_7series_v4_2_data_gen_chk.v
 create mode 100644 adc_ethernet.srcs/sources_1/ip/ddr3/ddr3/example_design/rtl/traffic_gen/mig_7series_v4_2_data_prbs_gen.v
 create mode 100644 adc_ethernet.srcs/sources_1/ip/ddr3/ddr3/example_design/rtl/traffic_gen/mig_7series_v4_2_init_mem_pattern_ctr.v
 create mode 100644 adc_ethernet.srcs/sources_1/ip/ddr3/ddr3/example_design/rtl/traffic_gen/mig_7series_v4_2_memc_flow_vcontrol.v
 create mode 100644 adc_ethernet.srcs/sources_1/ip/ddr3/ddr3/example_design/rtl/traffic_gen/mig_7series_v4_2_memc_traffic_gen.v
 create mode 100644 adc_ethernet.srcs/sources_1/ip/ddr3/ddr3/example_design/rtl/traffic_gen/mig_7series_v4_2_rd_data_gen.v
 create mode 100644 adc_ethernet.srcs/sources_1/ip/ddr3/ddr3/example_design/rtl/traffic_gen/mig_7series_v4_2_read_data_path.v
 create mode 100644 adc_ethernet.srcs/sources_1/ip/ddr3/ddr3/example_design/rtl/traffic_gen/mig_7series_v4_2_read_posted_fifo.v
 create mode 100644 adc_ethernet.srcs/sources_1/ip/ddr3/ddr3/example_design/rtl/traffic_gen/mig_7series_v4_2_s7ven_data_gen.v
 create mode 100644 adc_ethernet.srcs/sources_1/ip/ddr3/ddr3/example_design/rtl/traffic_gen/mig_7series_v4_2_tg.v
 create mode 100644 adc_ethernet.srcs/sources_1/ip/ddr3/ddr3/example_design/rtl/traffic_gen/mig_7series_v4_2_tg_prbs_gen.v
 create mode 100644 adc_ethernet.srcs/sources_1/ip/ddr3/ddr3/example_design/rtl/traffic_gen/mig_7series_v4_2_tg_status.v
 create mode 100644 adc_ethernet.srcs/sources_1/ip/ddr3/ddr3/example_design/rtl/traffic_gen/mig_7series_v4_2_traffic_gen_top.v
 create mode 100644 adc_ethernet.srcs/sources_1/ip/ddr3/ddr3/example_design/rtl/traffic_gen/mig_7series_v4_2_vio_init_pattern_bram.v
 create mode 100644 adc_ethernet.srcs/sources_1/ip/ddr3/ddr3/example_design/rtl/traffic_gen/mig_7series_v4_2_wr_data_gen.v
 create mode 100644 adc_ethernet.srcs/sources_1/ip/ddr3/ddr3/example_design/rtl/traffic_gen/mig_7series_v4_2_write_data_path.v
 create mode 100644 adc_ethernet.srcs/sources_1/ip/ddr3/ddr3/example_design/sim/ddr3_model.sv
 create mode 100644 adc_ethernet.srcs/sources_1/ip/ddr3/ddr3/example_design/sim/ddr3_model_parameters.vh
 create mode 100644 adc_ethernet.srcs/sources_1/ip/ddr3/ddr3/example_design/sim/ies_run.sh
 create mode 100644 adc_ethernet.srcs/sources_1/ip/ddr3/ddr3/example_design/sim/readme.txt
 create mode 100644 adc_ethernet.srcs/sources_1/ip/ddr3/ddr3/example_design/sim/sim.do
 create mode 100644 adc_ethernet.srcs/sources_1/ip/ddr3/ddr3/example_design/sim/sim_tb_top.v
 create mode 100644 adc_ethernet.srcs/sources_1/ip/ddr3/ddr3/example_design/sim/vcs_run.sh
 create mode 100644 adc_ethernet.srcs/sources_1/ip/ddr3/ddr3/example_design/sim/wiredly.v
 create mode 100644 adc_ethernet.srcs/sources_1/ip/ddr3/ddr3/example_design/sim/xsim_files.prj
 create mode 100644 adc_ethernet.srcs/sources_1/ip/ddr3/ddr3/example_design/sim/xsim_options.tcl
 create mode 100644 adc_ethernet.srcs/sources_1/ip/ddr3/ddr3/example_design/sim/xsim_run.bat
 create mode 100644 adc_ethernet.srcs/sources_1/ip/ddr3/ddr3/mig.prj
 create mode 100644 adc_ethernet.srcs/sources_1/ip/ddr3/ddr3/mig_a.prj
 create mode 100644 adc_ethernet.srcs/sources_1/ip/ddr3/ddr3/mig_b.prj
 create mode 100644 adc_ethernet.srcs/sources_1/ip/ddr3/ddr3/tcl.log
 create mode 100644 adc_ethernet.srcs/sources_1/ip/ddr3/ddr3/user_design/constraints/ddr3.xdc
 create mode 100644 adc_ethernet.srcs/sources_1/ip/ddr3/ddr3/user_design/constraints/ddr3_ooc.xdc
 create mode 100644 adc_ethernet.srcs/sources_1/ip/ddr3/ddr3/user_design/rtl/axi/mig_7series_v4_2_axi_ctrl_addr_decode.v
 create mode 100644 adc_ethernet.srcs/sources_1/ip/ddr3/ddr3/user_design/rtl/axi/mig_7series_v4_2_axi_ctrl_read.v
 create mode 100644 adc_ethernet.srcs/sources_1/ip/ddr3/ddr3/user_design/rtl/axi/mig_7series_v4_2_axi_ctrl_reg.v
 create mode 100644 adc_ethernet.srcs/sources_1/ip/ddr3/ddr3/user_design/rtl/axi/mig_7series_v4_2_axi_ctrl_reg_bank.v
 create mode 100644 adc_ethernet.srcs/sources_1/ip/ddr3/ddr3/user_design/rtl/axi/mig_7series_v4_2_axi_ctrl_top.v
 create mode 100644 adc_ethernet.srcs/sources_1/ip/ddr3/ddr3/user_design/rtl/axi/mig_7series_v4_2_axi_ctrl_write.v
 create mode 100644 adc_ethernet.srcs/sources_1/ip/ddr3/ddr3/user_design/rtl/axi/mig_7series_v4_2_axi_mc.v
 create mode 100644 adc_ethernet.srcs/sources_1/ip/ddr3/ddr3/user_design/rtl/axi/mig_7series_v4_2_axi_mc_ar_channel.v
 create mode 100644 adc_ethernet.srcs/sources_1/ip/ddr3/ddr3/user_design/rtl/axi/mig_7series_v4_2_axi_mc_aw_channel.v
 create mode 100644 adc_ethernet.srcs/sources_1/ip/ddr3/ddr3/user_design/rtl/axi/mig_7series_v4_2_axi_mc_b_channel.v
 create mode 100644 adc_ethernet.srcs/sources_1/ip/ddr3/ddr3/user_design/rtl/axi/mig_7series_v4_2_axi_mc_cmd_arbiter.v
 create mode 100644 adc_ethernet.srcs/sources_1/ip/ddr3/ddr3/user_design/rtl/axi/mig_7series_v4_2_axi_mc_cmd_fsm.v
 create mode 100644 adc_ethernet.srcs/sources_1/ip/ddr3/ddr3/user_design/rtl/axi/mig_7series_v4_2_axi_mc_cmd_translator.v
 create mode 100644 adc_ethernet.srcs/sources_1/ip/ddr3/ddr3/user_design/rtl/axi/mig_7series_v4_2_axi_mc_fifo.v
 create mode 100644 adc_ethernet.srcs/sources_1/ip/ddr3/ddr3/user_design/rtl/axi/mig_7series_v4_2_axi_mc_incr_cmd.v
 create mode 100644 adc_ethernet.srcs/sources_1/ip/ddr3/ddr3/user_design/rtl/axi/mig_7series_v4_2_axi_mc_r_channel.v
 create mode 100644 adc_ethernet.srcs/sources_1/ip/ddr3/ddr3/user_design/rtl/axi/mig_7series_v4_2_axi_mc_simple_fifo.v
 create mode 100644 adc_ethernet.srcs/sources_1/ip/ddr3/ddr3/user_design/rtl/axi/mig_7series_v4_2_axi_mc_w_channel.v
 create mode 100644 adc_ethernet.srcs/sources_1/ip/ddr3/ddr3/user_design/rtl/axi/mig_7series_v4_2_axi_mc_wr_cmd_fsm.v
 create mode 100644 adc_ethernet.srcs/sources_1/ip/ddr3/ddr3/user_design/rtl/axi/mig_7series_v4_2_axi_mc_wrap_cmd.v
 create mode 100644 adc_ethernet.srcs/sources_1/ip/ddr3/ddr3/user_design/rtl/axi/mig_7series_v4_2_ddr_a_upsizer.v
 create mode 100644 adc_ethernet.srcs/sources_1/ip/ddr3/ddr3/user_design/rtl/axi/mig_7series_v4_2_ddr_axi_register_slice.v
 create mode 100644 adc_ethernet.srcs/sources_1/ip/ddr3/ddr3/user_design/rtl/axi/mig_7series_v4_2_ddr_axi_upsizer.v
 create mode 100644 adc_ethernet.srcs/sources_1/ip/ddr3/ddr3/user_design/rtl/axi/mig_7series_v4_2_ddr_axic_register_slice.v
 create mode 100644 adc_ethernet.srcs/sources_1/ip/ddr3/ddr3/user_design/rtl/axi/mig_7series_v4_2_ddr_carry_and.v
 create mode 100644 adc_ethernet.srcs/sources_1/ip/ddr3/ddr3/user_design/rtl/axi/mig_7series_v4_2_ddr_carry_latch_and.v
 create mode 100644 adc_ethernet.srcs/sources_1/ip/ddr3/ddr3/user_design/rtl/axi/mig_7series_v4_2_ddr_carry_latch_or.v
 create mode 100644 adc_ethernet.srcs/sources_1/ip/ddr3/ddr3/user_design/rtl/axi/mig_7series_v4_2_ddr_carry_or.v
 create mode 100644 adc_ethernet.srcs/sources_1/ip/ddr3/ddr3/user_design/rtl/axi/mig_7series_v4_2_ddr_command_fifo.v
 create mode 100644 adc_ethernet.srcs/sources_1/ip/ddr3/ddr3/user_design/rtl/axi/mig_7series_v4_2_ddr_comparator.v
 create mode 100644 adc_ethernet.srcs/sources_1/ip/ddr3/ddr3/user_design/rtl/axi/mig_7series_v4_2_ddr_comparator_sel.v
 create mode 100644 adc_ethernet.srcs/sources_1/ip/ddr3/ddr3/user_design/rtl/axi/mig_7series_v4_2_ddr_comparator_sel_static.v
 create mode 100644 adc_ethernet.srcs/sources_1/ip/ddr3/ddr3/user_design/rtl/axi/mig_7series_v4_2_ddr_r_upsizer.v
 create mode 100644 adc_ethernet.srcs/sources_1/ip/ddr3/ddr3/user_design/rtl/axi/mig_7series_v4_2_ddr_w_upsizer.v
 create mode 100644 adc_ethernet.srcs/sources_1/ip/ddr3/ddr3/user_design/rtl/clocking/mig_7series_v4_2_clk_ibuf.v
 create mode 100644 adc_ethernet.srcs/sources_1/ip/ddr3/ddr3/user_design/rtl/clocking/mig_7series_v4_2_infrastructure.v
 create mode 100644 adc_ethernet.srcs/sources_1/ip/ddr3/ddr3/user_design/rtl/clocking/mig_7series_v4_2_iodelay_ctrl.v
 create mode 100644 adc_ethernet.srcs/sources_1/ip/ddr3/ddr3/user_design/rtl/clocking/mig_7series_v4_2_tempmon.v
 create mode 100644 adc_ethernet.srcs/sources_1/ip/ddr3/ddr3/user_design/rtl/controller/mig_7series_v4_2_arb_mux.v
 create mode 100644 adc_ethernet.srcs/sources_1/ip/ddr3/ddr3/user_design/rtl/controller/mig_7series_v4_2_arb_row_col.v
 create mode 100644 adc_ethernet.srcs/sources_1/ip/ddr3/ddr3/user_design/rtl/controller/mig_7series_v4_2_arb_select.v
 create mode 100644 adc_ethernet.srcs/sources_1/ip/ddr3/ddr3/user_design/rtl/controller/mig_7series_v4_2_bank_cntrl.v
 create mode 100644 adc_ethernet.srcs/sources_1/ip/ddr3/ddr3/user_design/rtl/controller/mig_7series_v4_2_bank_common.v
 create mode 100644 adc_ethernet.srcs/sources_1/ip/ddr3/ddr3/user_design/rtl/controller/mig_7series_v4_2_bank_compare.v
 create mode 100644 adc_ethernet.srcs/sources_1/ip/ddr3/ddr3/user_design/rtl/controller/mig_7series_v4_2_bank_mach.v
 create mode 100644 adc_ethernet.srcs/sources_1/ip/ddr3/ddr3/user_design/rtl/controller/mig_7series_v4_2_bank_queue.v
 create mode 100644 adc_ethernet.srcs/sources_1/ip/ddr3/ddr3/user_design/rtl/controller/mig_7series_v4_2_bank_state.v
 create mode 100644 adc_ethernet.srcs/sources_1/ip/ddr3/ddr3/user_design/rtl/controller/mig_7series_v4_2_col_mach.v
 create mode 100644 adc_ethernet.srcs/sources_1/ip/ddr3/ddr3/user_design/rtl/controller/mig_7series_v4_2_mc.v
 create mode 100644 adc_ethernet.srcs/sources_1/ip/ddr3/ddr3/user_design/rtl/controller/mig_7series_v4_2_rank_cntrl.v
 create mode 100644 adc_ethernet.srcs/sources_1/ip/ddr3/ddr3/user_design/rtl/controller/mig_7series_v4_2_rank_common.v
 create mode 100644 adc_ethernet.srcs/sources_1/ip/ddr3/ddr3/user_design/rtl/controller/mig_7series_v4_2_rank_mach.v
 create mode 100644 adc_ethernet.srcs/sources_1/ip/ddr3/ddr3/user_design/rtl/controller/mig_7series_v4_2_round_robin_arb.v
 create mode 100644 adc_ethernet.srcs/sources_1/ip/ddr3/ddr3/user_design/rtl/ddr3.v
 create mode 100644 adc_ethernet.srcs/sources_1/ip/ddr3/ddr3/user_design/rtl/ddr3_mig.v
 create mode 100644 adc_ethernet.srcs/sources_1/ip/ddr3/ddr3/user_design/rtl/ddr3_mig_sim.v
 create mode 100644 adc_ethernet.srcs/sources_1/ip/ddr3/ddr3/user_design/rtl/ecc/mig_7series_v4_2_ecc_buf.v
 create mode 100644 adc_ethernet.srcs/sources_1/ip/ddr3/ddr3/user_design/rtl/ecc/mig_7series_v4_2_ecc_dec_fix.v
 create mode 100644 adc_ethernet.srcs/sources_1/ip/ddr3/ddr3/user_design/rtl/ecc/mig_7series_v4_2_ecc_gen.v
 create mode 100644 adc_ethernet.srcs/sources_1/ip/ddr3/ddr3/user_design/rtl/ecc/mig_7series_v4_2_ecc_merge_enc.v
 create mode 100644 adc_ethernet.srcs/sources_1/ip/ddr3/ddr3/user_design/rtl/ecc/mig_7series_v4_2_fi_xor.v
 create mode 100644 adc_ethernet.srcs/sources_1/ip/ddr3/ddr3/user_design/rtl/ip_top/mig_7series_v4_2_mem_intfc.v
 create mode 100644 adc_ethernet.srcs/sources_1/ip/ddr3/ddr3/user_design/rtl/ip_top/mig_7series_v4_2_memc_ui_top_axi.v
 create mode 100644 adc_ethernet.srcs/sources_1/ip/ddr3/ddr3/user_design/rtl/ip_top/mig_7series_v4_2_memc_ui_top_std.v
 create mode 100644 adc_ethernet.srcs/sources_1/ip/ddr3/ddr3/user_design/rtl/phy/mig_7series_v4_2_ddr_byte_group_io.v
 create mode 100644 adc_ethernet.srcs/sources_1/ip/ddr3/ddr3/user_design/rtl/phy/mig_7series_v4_2_ddr_byte_lane.v
 create mode 100644 adc_ethernet.srcs/sources_1/ip/ddr3/ddr3/user_design/rtl/phy/mig_7series_v4_2_ddr_calib_top.v
 create mode 100644 adc_ethernet.srcs/sources_1/ip/ddr3/ddr3/user_design/rtl/phy/mig_7series_v4_2_ddr_if_post_fifo.v
 create mode 100644 adc_ethernet.srcs/sources_1/ip/ddr3/ddr3/user_design/rtl/phy/mig_7series_v4_2_ddr_mc_phy.v
 create mode 100644 adc_ethernet.srcs/sources_1/ip/ddr3/ddr3/user_design/rtl/phy/mig_7series_v4_2_ddr_mc_phy_wrapper.v
 create mode 100644 adc_ethernet.srcs/sources_1/ip/ddr3/ddr3/user_design/rtl/phy/mig_7series_v4_2_ddr_of_pre_fifo.v
 create mode 100644 adc_ethernet.srcs/sources_1/ip/ddr3/ddr3/user_design/rtl/phy/mig_7series_v4_2_ddr_phy_4lanes.v
 create mode 100644 adc_ethernet.srcs/sources_1/ip/ddr3/ddr3/user_design/rtl/phy/mig_7series_v4_2_ddr_phy_ck_addr_cmd_delay.v
 create mode 100644 adc_ethernet.srcs/sources_1/ip/ddr3/ddr3/user_design/rtl/phy/mig_7series_v4_2_ddr_phy_dqs_found_cal.v
 create mode 100644 adc_ethernet.srcs/sources_1/ip/ddr3/ddr3/user_design/rtl/phy/mig_7series_v4_2_ddr_phy_dqs_found_cal_hr.v
 create mode 100644 adc_ethernet.srcs/sources_1/ip/ddr3/ddr3/user_design/rtl/phy/mig_7series_v4_2_ddr_phy_init.v
 create mode 100644 adc_ethernet.srcs/sources_1/ip/ddr3/ddr3/user_design/rtl/phy/mig_7series_v4_2_ddr_phy_ocd_cntlr.v
 create mode 100644 adc_ethernet.srcs/sources_1/ip/ddr3/ddr3/user_design/rtl/phy/mig_7series_v4_2_ddr_phy_ocd_data.v
 create mode 100644 adc_ethernet.srcs/sources_1/ip/ddr3/ddr3/user_design/rtl/phy/mig_7series_v4_2_ddr_phy_ocd_edge.v
 create mode 100644 adc_ethernet.srcs/sources_1/ip/ddr3/ddr3/user_design/rtl/phy/mig_7series_v4_2_ddr_phy_ocd_lim.v
 create mode 100644 adc_ethernet.srcs/sources_1/ip/ddr3/ddr3/user_design/rtl/phy/mig_7series_v4_2_ddr_phy_ocd_mux.v
 create mode 100644 adc_ethernet.srcs/sources_1/ip/ddr3/ddr3/user_design/rtl/phy/mig_7series_v4_2_ddr_phy_ocd_po_cntlr.v
 create mode 100644 adc_ethernet.srcs/sources_1/ip/ddr3/ddr3/user_design/rtl/phy/mig_7series_v4_2_ddr_phy_ocd_samp.v
 create mode 100644 adc_ethernet.srcs/sources_1/ip/ddr3/ddr3/user_design/rtl/phy/mig_7series_v4_2_ddr_phy_oclkdelay_cal.v
 create mode 100644 adc_ethernet.srcs/sources_1/ip/ddr3/ddr3/user_design/rtl/phy/mig_7series_v4_2_ddr_phy_prbs_rdlvl.v
 create mode 100644 adc_ethernet.srcs/sources_1/ip/ddr3/ddr3/user_design/rtl/phy/mig_7series_v4_2_ddr_phy_rdlvl.v
 create mode 100644 adc_ethernet.srcs/sources_1/ip/ddr3/ddr3/user_design/rtl/phy/mig_7series_v4_2_ddr_phy_tempmon.v
 create mode 100644 adc_ethernet.srcs/sources_1/ip/ddr3/ddr3/user_design/rtl/phy/mig_7series_v4_2_ddr_phy_top.v
 create mode 100644 adc_ethernet.srcs/sources_1/ip/ddr3/ddr3/user_design/rtl/phy/mig_7series_v4_2_ddr_phy_wrcal.v
 create mode 100644 adc_ethernet.srcs/sources_1/ip/ddr3/ddr3/user_design/rtl/phy/mig_7series_v4_2_ddr_phy_wrlvl.v
 create mode 100644 adc_ethernet.srcs/sources_1/ip/ddr3/ddr3/user_design/rtl/phy/mig_7series_v4_2_ddr_phy_wrlvl_off_delay.v
 create mode 100644 adc_ethernet.srcs/sources_1/ip/ddr3/ddr3/user_design/rtl/phy/mig_7series_v4_2_ddr_prbs_gen.v
 create mode 100644 adc_ethernet.srcs/sources_1/ip/ddr3/ddr3/user_design/rtl/phy/mig_7series_v4_2_ddr_skip_calib_tap.v
 create mode 100644 adc_ethernet.srcs/sources_1/ip/ddr3/ddr3/user_design/rtl/phy/mig_7series_v4_2_poc_cc.v
 create mode 100644 adc_ethernet.srcs/sources_1/ip/ddr3/ddr3/user_design/rtl/phy/mig_7series_v4_2_poc_edge_store.v
 create mode 100644 adc_ethernet.srcs/sources_1/ip/ddr3/ddr3/user_design/rtl/phy/mig_7series_v4_2_poc_meta.v
 create mode 100644 adc_ethernet.srcs/sources_1/ip/ddr3/ddr3/user_design/rtl/phy/mig_7series_v4_2_poc_pd.v
 create mode 100644 adc_ethernet.srcs/sources_1/ip/ddr3/ddr3/user_design/rtl/phy/mig_7series_v4_2_poc_tap_base.v
 create mode 100644 adc_ethernet.srcs/sources_1/ip/ddr3/ddr3/user_design/rtl/phy/mig_7series_v4_2_poc_top.v
 create mode 100644 adc_ethernet.srcs/sources_1/ip/ddr3/ddr3/user_design/rtl/ui/mig_7series_v4_2_ui_cmd.v
 create mode 100644 adc_ethernet.srcs/sources_1/ip/ddr3/ddr3/user_design/rtl/ui/mig_7series_v4_2_ui_rd_data.v
 create mode 100644 adc_ethernet.srcs/sources_1/ip/ddr3/ddr3/user_design/rtl/ui/mig_7series_v4_2_ui_top.v
 create mode 100644 adc_ethernet.srcs/sources_1/ip/ddr3/ddr3/user_design/rtl/ui/mig_7series_v4_2_ui_wr_data.v
 create mode 100644 adc_ethernet.srcs/sources_1/ip/ddr3/ddr3/xil_txt.in
 create mode 100644 adc_ethernet.srcs/sources_1/ip/ddr3/ddr3/xil_txt.out
 create mode 100644 adc_ethernet.srcs/sources_1/ip/ddr3/ddr3/xil_upgrade.in
 create mode 100644 adc_ethernet.srcs/sources_1/ip/ddr3/ddr3/xil_upgrade.out
 create mode 100644 adc_ethernet.srcs/sources_1/ip/ddr3/ddr3_sim_netlist.v
 create mode 100644 adc_ethernet.srcs/sources_1/ip/ddr3/ddr3_sim_netlist.vhdl
 create mode 100644 adc_ethernet.srcs/sources_1/ip/ddr3/ddr3_stub.v
 create mode 100644 adc_ethernet.srcs/sources_1/ip/ddr3/ddr3_stub.vhdl
 create mode 100644 adc_ethernet.srcs/sources_1/ip/ddr3/ddr3_xmdf.tcl
 create mode 100644 adc_ethernet.srcs/sources_1/ip/ddr3/doc/mig_7series_v4_0_changelog.txt
 create mode 100644 adc_ethernet.srcs/sources_1/ip/ddr3/doc/mig_7series_v4_2_changelog.txt
 create mode 100644 adc_ethernet.srcs/sources_1/ip/ddr3/mig_a.prj
 create mode 100644 adc_ethernet.srcs/sources_1/ip/ddr3/mig_b.prj
 create mode 100644 adc_ethernet.srcs/sources_1/ip/ddr3/tcl.log
 create mode 100644 adc_ethernet.srcs/sources_1/ip/ddr3/xil_txt.in
 create mode 100644 adc_ethernet.srcs/sources_1/ip/ddr3/xil_txt.out
 create mode 100644 adc_ethernet.srcs/sources_1/ip/ddr3/xil_upgrade.in
 create mode 100644 adc_ethernet.srcs/sources_1/ip/ddr3/xil_upgrade.out
 create mode 100644 adc_ethernet.srcs/sources_1/ip/fft_ls/cmodel/xfft_v9_1_bitacc_cmodel_lin64.zip
 create mode 100644 adc_ethernet.srcs/sources_1/ip/fft_ls/cmodel/xfft_v9_1_bitacc_cmodel_nt64.zip
 create mode 100644 adc_ethernet.srcs/sources_1/ip/fft_ls/demo_tb/tb_fft_ls.vhd
 create mode 100644 adc_ethernet.srcs/sources_1/ip/fft_ls/doc/xfft_v9_1_changelog.txt
 create mode 100644 adc_ethernet.srcs/sources_1/ip/fft_ls/fft_ls.dcp
 create mode 100644 adc_ethernet.srcs/sources_1/ip/fft_ls/fft_ls.veo
 create mode 100644 adc_ethernet.srcs/sources_1/ip/fft_ls/fft_ls.vho
 create mode 100644 adc_ethernet.srcs/sources_1/ip/fft_ls/fft_ls.xci
 create mode 100644 adc_ethernet.srcs/sources_1/ip/fft_ls/fft_ls.xml
 create mode 100644 adc_ethernet.srcs/sources_1/ip/fft_ls/fft_ls_ooc.xdc
 create mode 100644 adc_ethernet.srcs/sources_1/ip/fft_ls/fft_ls_sim_netlist.v
 create mode 100644 adc_ethernet.srcs/sources_1/ip/fft_ls/fft_ls_sim_netlist.vhdl
 create mode 100644 adc_ethernet.srcs/sources_1/ip/fft_ls/fft_ls_stub.v
 create mode 100644 adc_ethernet.srcs/sources_1/ip/fft_ls/fft_ls_stub.vhdl
 create mode 100644 adc_ethernet.srcs/sources_1/ip/fft_ls/hdl/axi_utils_v2_0_vh_rfs.vhd
 create mode 100644 adc_ethernet.srcs/sources_1/ip/fft_ls/hdl/c_addsub_v12_0_vh_rfs.vhd
 create mode 100644 adc_ethernet.srcs/sources_1/ip/fft_ls/hdl/c_mux_bit_v12_0_vh_rfs.vhd
 create mode 100644 adc_ethernet.srcs/sources_1/ip/fft_ls/hdl/c_reg_fd_v12_0_vh_rfs.vhd
 create mode 100644 adc_ethernet.srcs/sources_1/ip/fft_ls/hdl/c_shift_ram_v12_0_vh_rfs.vhd
 create mode 100644 adc_ethernet.srcs/sources_1/ip/fft_ls/hdl/cmpy_v6_0_vh_rfs.vhd
 create mode 100644 adc_ethernet.srcs/sources_1/ip/fft_ls/hdl/floating_point_v7_0_vh_rfs.vhd
 create mode 100644 adc_ethernet.srcs/sources_1/ip/fft_ls/hdl/mult_gen_v12_0_vh_rfs.vhd
 create mode 100644 adc_ethernet.srcs/sources_1/ip/fft_ls/hdl/xbip_addsub_v3_0_vh_rfs.vhd
 create mode 100644 adc_ethernet.srcs/sources_1/ip/fft_ls/hdl/xbip_bram18k_v3_0_vh_rfs.vhd
 create mode 100644 adc_ethernet.srcs/sources_1/ip/fft_ls/hdl/xbip_dsp48_addsub_v3_0_vh_rfs.vhd
 create mode 100644 adc_ethernet.srcs/sources_1/ip/fft_ls/hdl/xbip_dsp48_wrapper_v3_0_vh_rfs.vhd
 create mode 100644 adc_ethernet.srcs/sources_1/ip/fft_ls/hdl/xbip_pipe_v3_0_vh_rfs.vhd
 create mode 100644 adc_ethernet.srcs/sources_1/ip/fft_ls/hdl/xbip_utils_v3_0_vh_rfs.vhd
 create mode 100644 adc_ethernet.srcs/sources_1/ip/fft_ls/hdl/xfft_v9_1_vh_rfs.vhd
 create mode 100644 adc_ethernet.srcs/sources_1/ip/fft_ls/sim/fft_ls.vhd
 create mode 100644 adc_ethernet.srcs/sources_1/ip/fft_ls/synth/fft_ls.vhd
 create mode 100644 adc_ethernet.srcs/sources_1/ip/my_cordic_1/cmodel/cordic_v6_0_bitacc_cmodel_lin64.zip
 create mode 100644 adc_ethernet.srcs/sources_1/ip/my_cordic_1/cmodel/cordic_v6_0_bitacc_cmodel_nt64.zip
 create mode 100644 adc_ethernet.srcs/sources_1/ip/my_cordic_1/demo_tb/tb_my_cordic_1.vhd
 create mode 100644 adc_ethernet.srcs/sources_1/ip/my_cordic_1/doc/cordic_v6_0_changelog.txt
 create mode 100644 adc_ethernet.srcs/sources_1/ip/my_cordic_1/hdl/axi_utils_v2_0_vh_rfs.vhd
 create mode 100644 adc_ethernet.srcs/sources_1/ip/my_cordic_1/hdl/c_addsub_v12_0_vh_rfs.vhd
 create mode 100644 adc_ethernet.srcs/sources_1/ip/my_cordic_1/hdl/c_reg_fd_v12_0_vh_rfs.vhd
 create mode 100644 adc_ethernet.srcs/sources_1/ip/my_cordic_1/hdl/cordic_v6_0_vh_rfs.vhd
 create mode 100644 adc_ethernet.srcs/sources_1/ip/my_cordic_1/hdl/mult_gen_v12_0_vh_rfs.vhd
 create mode 100644 adc_ethernet.srcs/sources_1/ip/my_cordic_1/hdl/xbip_addsub_v3_0_vh_rfs.vhd
 create mode 100644 adc_ethernet.srcs/sources_1/ip/my_cordic_1/hdl/xbip_bram18k_v3_0_vh_rfs.vhd
 create mode 100644 adc_ethernet.srcs/sources_1/ip/my_cordic_1/hdl/xbip_dsp48_addsub_v3_0_vh_rfs.vhd
 create mode 100644 adc_ethernet.srcs/sources_1/ip/my_cordic_1/hdl/xbip_dsp48_wrapper_v3_0_vh_rfs.vhd
 create mode 100644 adc_ethernet.srcs/sources_1/ip/my_cordic_1/hdl/xbip_pipe_v3_0_vh_rfs.vhd
 create mode 100644 adc_ethernet.srcs/sources_1/ip/my_cordic_1/hdl/xbip_utils_v3_0_vh_rfs.vhd
 create mode 100644 adc_ethernet.srcs/sources_1/ip/my_cordic_1/my_cordic_1.dcp
 create mode 100644 adc_ethernet.srcs/sources_1/ip/my_cordic_1/my_cordic_1.veo
 create mode 100644 adc_ethernet.srcs/sources_1/ip/my_cordic_1/my_cordic_1.vho
 create mode 100644 adc_ethernet.srcs/sources_1/ip/my_cordic_1/my_cordic_1.xci
 create mode 100644 adc_ethernet.srcs/sources_1/ip/my_cordic_1/my_cordic_1.xml
 create mode 100644 adc_ethernet.srcs/sources_1/ip/my_cordic_1/my_cordic_1_ooc.xdc
 create mode 100644 adc_ethernet.srcs/sources_1/ip/my_cordic_1/my_cordic_1_sim_netlist.v
 create mode 100644 adc_ethernet.srcs/sources_1/ip/my_cordic_1/my_cordic_1_sim_netlist.vhdl
 create mode 100644 adc_ethernet.srcs/sources_1/ip/my_cordic_1/my_cordic_1_stub.v
 create mode 100644 adc_ethernet.srcs/sources_1/ip/my_cordic_1/my_cordic_1_stub.vhdl
 create mode 100644 adc_ethernet.srcs/sources_1/ip/my_cordic_1/sim/my_cordic_1.vhd
 create mode 100644 adc_ethernet.srcs/sources_1/ip/my_cordic_1/synth/my_cordic_1.vhd
 create mode 100644 adc_ethernet.srcs/sources_1/ip/video_pll/doc/clk_wiz_v5_4_changelog.txt
 create mode 100644 adc_ethernet.srcs/sources_1/ip/video_pll/mmcm_pll_drp_func_7s_mmcm.vh
 create mode 100644 adc_ethernet.srcs/sources_1/ip/video_pll/mmcm_pll_drp_func_7s_pll.vh
 create mode 100644 adc_ethernet.srcs/sources_1/ip/video_pll/mmcm_pll_drp_func_us_mmcm.vh
 create mode 100644 adc_ethernet.srcs/sources_1/ip/video_pll/mmcm_pll_drp_func_us_pll.vh
 create mode 100644 adc_ethernet.srcs/sources_1/ip/video_pll/mmcm_pll_drp_func_us_plus_mmcm.vh
 create mode 100644 adc_ethernet.srcs/sources_1/ip/video_pll/mmcm_pll_drp_func_us_plus_pll.vh
 create mode 100644 adc_ethernet.srcs/sources_1/ip/video_pll/video_pll.dcp
 create mode 100644 adc_ethernet.srcs/sources_1/ip/video_pll/video_pll.v
 create mode 100644 adc_ethernet.srcs/sources_1/ip/video_pll/video_pll.veo
 create mode 100644 adc_ethernet.srcs/sources_1/ip/video_pll/video_pll.xci
 create mode 100644 adc_ethernet.srcs/sources_1/ip/video_pll/video_pll.xdc
 create mode 100644 adc_ethernet.srcs/sources_1/ip/video_pll/video_pll.xml
 create mode 100644 adc_ethernet.srcs/sources_1/ip/video_pll/video_pll_board.xdc
 create mode 100644 adc_ethernet.srcs/sources_1/ip/video_pll/video_pll_clk_wiz.v
 create mode 100644 adc_ethernet.srcs/sources_1/ip/video_pll/video_pll_late.xdc
 create mode 100644 adc_ethernet.srcs/sources_1/ip/video_pll/video_pll_ooc.xdc
 create mode 100644 adc_ethernet.srcs/sources_1/ip/video_pll/video_pll_sim_netlist.v
 create mode 100644 adc_ethernet.srcs/sources_1/ip/video_pll/video_pll_sim_netlist.vhdl
 create mode 100644 adc_ethernet.srcs/sources_1/ip/video_pll/video_pll_stub.v
 create mode 100644 adc_ethernet.srcs/sources_1/ip/video_pll/video_pll_stub.vhdl
 create mode 100644 adc_ethernet.srcs/sources_1/lut_ov5640_rgb565_480_272.v
 create mode 100644 adc_ethernet.srcs/sources_1/mac/arp_cache.v
 create mode 100644 adc_ethernet.srcs/sources_1/mac/crc.v
 create mode 100644 adc_ethernet.srcs/sources_1/mac/dpram.v
 create mode 100644 adc_ethernet.srcs/sources_1/mac/eth_cmd.v
 create mode 100644 adc_ethernet.srcs/sources_1/mac/eth_top.v
 create mode 100644 adc_ethernet.srcs/sources_1/mac/icmp_reply.v
 create mode 100644 adc_ethernet.srcs/sources_1/mac/mac_ctrl.v
 create mode 100644 adc_ethernet.srcs/sources_1/mac/mac_top.v
 create mode 100644 adc_ethernet.srcs/sources_1/mac/rx/arp_rx.v
 create mode 100644 adc_ethernet.srcs/sources_1/mac/rx/ip_rx.v
 create mode 100644 adc_ethernet.srcs/sources_1/mac/rx/mac_rx.v
 create mode 100644 adc_ethernet.srcs/sources_1/mac/rx/mac_rx_top.v
 create mode 100644 adc_ethernet.srcs/sources_1/mac/rx/udp_rx.v
 create mode 100644 adc_ethernet.srcs/sources_1/mac/tx/arp_tx.v
 create mode 100644 adc_ethernet.srcs/sources_1/mac/tx/ip_tx.v
 create mode 100644 adc_ethernet.srcs/sources_1/mac/tx/ip_tx_mode.v
 create mode 100644 adc_ethernet.srcs/sources_1/mac/tx/mac_tx.v
 create mode 100644 adc_ethernet.srcs/sources_1/mac/tx/mac_tx_mode.v
 create mode 100644 adc_ethernet.srcs/sources_1/mac/tx/mac_tx_top.v
 create mode 100644 adc_ethernet.srcs/sources_1/mac/tx/udp_tx.v
 create mode 100644 adc_ethernet.srcs/sources_1/mdio/smi_config.v
 create mode 100644 adc_ethernet.srcs/sources_1/mdio/smi_read_write.v
 create mode 100644 adc_ethernet.srcs/sources_1/miim/miim.vhd
 create mode 100644 adc_ethernet.srcs/sources_1/miim/miim_control.vhd
 create mode 100644 adc_ethernet.srcs/sources_1/miim/miim_registers.vhd
 create mode 100644 adc_ethernet.srcs/sources_1/miim/miim_top.vhd
 create mode 100644 adc_ethernet.srcs/sources_1/miim/miim_types.vhd
 create mode 100644 adc_ethernet.srcs/sources_1/miim/utility.vhd
 create mode 100644 adc_ethernet.srcs/sources_1/new/reset.v
 create mode 100644 adc_ethernet.srcs/sources_1/new/u_data_modulus.v
 create mode 100644 adc_ethernet.srcs/sources_1/top.v
 create mode 100644 adc_ethernet.srcs/sources_1/util_gmii_to_rgmii.v
 create mode 100644 adc_ethernet.srcs/sources_1/video_define.v
 create mode 100644 adc_ethernet.srcs/sources_1/video_timing_data.v
 create mode 100644 adc_ethernet.xpr
 create mode 100644 adc_ethernet1.ip_user_files/README.txt
 create mode 100644 adc_ethernet1.ip_user_files/ip/afifo_16i_64o_512/afifo_16i_64o_512.veo
 create mode 100644 adc_ethernet1.ip_user_files/ip/afifo_16i_64o_512/afifo_16i_64o_512.vho
 create mode 100644 adc_ethernet1.ip_user_files/ip/afifo_16i_64o_512/afifo_16i_64o_512_stub.v
 create mode 100644 adc_ethernet1.ip_user_files/ip/afifo_16i_64o_512/afifo_16i_64o_512_stub.vhdl
 create mode 100644 adc_ethernet1.ip_user_files/ip/afifo_64i_16o_128/afifo_64i_16o_128.veo
 create mode 100644 adc_ethernet1.ip_user_files/ip/afifo_64i_16o_128/afifo_64i_16o_128.vho
 create mode 100644 adc_ethernet1.ip_user_files/ip/afifo_64i_16o_128/afifo_64i_16o_128_stub.v
 create mode 100644 adc_ethernet1.ip_user_files/ip/afifo_64i_16o_128/afifo_64i_16o_128_stub.vhdl
 create mode 100644 adc_ethernet1.ip_user_files/ip/ddr3/ddr3.dcp
 create mode 100644 adc_ethernet1.ip_user_files/ip/ddr3/ddr3.veo
 create mode 100644 adc_ethernet1.ip_user_files/ip/ddr3/ddr3.xci
 create mode 100644 adc_ethernet1.ip_user_files/ip/ddr3/ddr3.xml
 create mode 100644 adc_ethernet1.ip_user_files/ip/ddr3/ddr3_sim_netlist.v
 create mode 100644 adc_ethernet1.ip_user_files/ip/ddr3/ddr3_sim_netlist.vhdl
 create mode 100644 adc_ethernet1.ip_user_files/ip/ddr3/ddr3_stub.v
 create mode 100644 adc_ethernet1.ip_user_files/ip/ddr3/ddr3_stub.vhdl
 create mode 100644 adc_ethernet1.ip_user_files/ip/ddr3/ddr3_xmdf.tcl
 create mode 100644 adc_ethernet1.ip_user_files/ip/ddr3/mig_a.prj
 create mode 100644 adc_ethernet1.ip_user_files/ip/ddr3/mig_b.prj
 create mode 100644 adc_ethernet1.ip_user_files/ip/ddr3/tcl.log
 create mode 100644 adc_ethernet1.ip_user_files/ip/ddr3/xil_txt.in
 create mode 100644 adc_ethernet1.ip_user_files/ip/ddr3/xil_txt.out
 create mode 100644 adc_ethernet1.ip_user_files/ip/ddr3/xil_upgrade.in
 create mode 100644 adc_ethernet1.ip_user_files/ip/ddr3/xil_upgrade.out
 create mode 100644 adc_ethernet1.ip_user_files/ip/sys_pll/sys_pll.veo
 create mode 100644 adc_ethernet1.ip_user_files/ip/sys_pll/sys_pll_stub.v
 create mode 100644 adc_ethernet1.ip_user_files/ip/sys_pll/sys_pll_stub.vhdl
 create mode 100644 adc_ethernet1.ip_user_files/ip/video_pll/video_pll.veo
 create mode 100644 adc_ethernet1.ip_user_files/ip/video_pll/video_pll_stub.v
 create mode 100644 adc_ethernet1.ip_user_files/ip/video_pll/video_pll_stub.vhdl
 create mode 100644 adc_ethernet1.ip_user_files/ipstatic/fifo_generator_v13_0_1/hdl/fifo_generator_v13_0_rfs.vhd
 create mode 100644 adc_ethernet1.ip_user_files/ipstatic/fifo_generator_v13_0_1/simulation/fifo_generator_vhdl_beh.vhd
 create mode 100644 adc_ethernet1.ip_user_files/mem_init_files/mig_a.prj
 create mode 100644 adc_ethernet1.ip_user_files/sim_scripts/afifo_16i_64o_512/README.txt
 create mode 100644 adc_ethernet1.ip_user_files/sim_scripts/afifo_16i_64o_512/ies/README.txt
 create mode 100644 adc_ethernet1.ip_user_files/sim_scripts/afifo_16i_64o_512/ies/afifo_16i_64o_512.sh
 create mode 100644 adc_ethernet1.ip_user_files/sim_scripts/afifo_16i_64o_512/ies/file_info.txt
 create mode 100644 adc_ethernet1.ip_user_files/sim_scripts/afifo_16i_64o_512/ies/filelist.f
 create mode 100644 adc_ethernet1.ip_user_files/sim_scripts/afifo_16i_64o_512/ies/filelist_irun.f
 create mode 100644 adc_ethernet1.ip_user_files/sim_scripts/afifo_16i_64o_512/ies/simulate.do
 create mode 100644 adc_ethernet1.ip_user_files/sim_scripts/afifo_16i_64o_512/modelsim/README.txt
 create mode 100644 adc_ethernet1.ip_user_files/sim_scripts/afifo_16i_64o_512/modelsim/afifo_16i_64o_512.sh
 create mode 100644 adc_ethernet1.ip_user_files/sim_scripts/afifo_16i_64o_512/modelsim/afifo_16i_64o_512.udo
 create mode 100644 adc_ethernet1.ip_user_files/sim_scripts/afifo_16i_64o_512/modelsim/compile.do
 create mode 100644 adc_ethernet1.ip_user_files/sim_scripts/afifo_16i_64o_512/modelsim/file_info.txt
 create mode 100644 adc_ethernet1.ip_user_files/sim_scripts/afifo_16i_64o_512/modelsim/filelist.f
 create mode 100644 adc_ethernet1.ip_user_files/sim_scripts/afifo_16i_64o_512/modelsim/simulate.do
 create mode 100644 adc_ethernet1.ip_user_files/sim_scripts/afifo_16i_64o_512/modelsim/wave.do
 create mode 100644 adc_ethernet1.ip_user_files/sim_scripts/afifo_16i_64o_512/questa/README.txt
 create mode 100644 adc_ethernet1.ip_user_files/sim_scripts/afifo_16i_64o_512/questa/afifo_16i_64o_512.sh
 create mode 100644 adc_ethernet1.ip_user_files/sim_scripts/afifo_16i_64o_512/questa/afifo_16i_64o_512.udo
 create mode 100644 adc_ethernet1.ip_user_files/sim_scripts/afifo_16i_64o_512/questa/compile.do
 create mode 100644 adc_ethernet1.ip_user_files/sim_scripts/afifo_16i_64o_512/questa/elaborate.do
 create mode 100644 adc_ethernet1.ip_user_files/sim_scripts/afifo_16i_64o_512/questa/file_info.txt
 create mode 100644 adc_ethernet1.ip_user_files/sim_scripts/afifo_16i_64o_512/questa/filelist.f
 create mode 100644 adc_ethernet1.ip_user_files/sim_scripts/afifo_16i_64o_512/questa/simulate.do
 create mode 100644 adc_ethernet1.ip_user_files/sim_scripts/afifo_16i_64o_512/questa/wave.do
 create mode 100644 adc_ethernet1.ip_user_files/sim_scripts/afifo_16i_64o_512/vcs/README.txt
 create mode 100644 adc_ethernet1.ip_user_files/sim_scripts/afifo_16i_64o_512/vcs/afifo_16i_64o_512.sh
 create mode 100644 adc_ethernet1.ip_user_files/sim_scripts/afifo_16i_64o_512/vcs/file_info.txt
 create mode 100644 adc_ethernet1.ip_user_files/sim_scripts/afifo_16i_64o_512/vcs/filelist.f
 create mode 100644 adc_ethernet1.ip_user_files/sim_scripts/afifo_16i_64o_512/vcs/simulate.do
 create mode 100644 adc_ethernet1.ip_user_files/sim_scripts/afifo_16i_64o_512/xsim/README.txt
 create mode 100644 adc_ethernet1.ip_user_files/sim_scripts/afifo_16i_64o_512/xsim/afifo_16i_64o_512.sh
 create mode 100644 adc_ethernet1.ip_user_files/sim_scripts/afifo_16i_64o_512/xsim/cmd.tcl
 create mode 100644 adc_ethernet1.ip_user_files/sim_scripts/afifo_16i_64o_512/xsim/file_info.txt
 create mode 100644 adc_ethernet1.ip_user_files/sim_scripts/afifo_16i_64o_512/xsim/filelist.f
 create mode 100644 adc_ethernet1.ip_user_files/sim_scripts/afifo_16i_64o_512/xsim/vhdl.prj
 create mode 100644 adc_ethernet1.ip_user_files/sim_scripts/afifo_64i_16o_128/README.txt
 create mode 100644 adc_ethernet1.ip_user_files/sim_scripts/afifo_64i_16o_128/ies/README.txt
 create mode 100644 adc_ethernet1.ip_user_files/sim_scripts/afifo_64i_16o_128/ies/afifo_64i_16o_128.sh
 create mode 100644 adc_ethernet1.ip_user_files/sim_scripts/afifo_64i_16o_128/ies/file_info.txt
 create mode 100644 adc_ethernet1.ip_user_files/sim_scripts/afifo_64i_16o_128/ies/filelist.f
 create mode 100644 adc_ethernet1.ip_user_files/sim_scripts/afifo_64i_16o_128/ies/filelist_irun.f
 create mode 100644 adc_ethernet1.ip_user_files/sim_scripts/afifo_64i_16o_128/ies/simulate.do
 create mode 100644 adc_ethernet1.ip_user_files/sim_scripts/afifo_64i_16o_128/modelsim/README.txt
 create mode 100644 adc_ethernet1.ip_user_files/sim_scripts/afifo_64i_16o_128/modelsim/afifo_64i_16o_128.sh
 create mode 100644 adc_ethernet1.ip_user_files/sim_scripts/afifo_64i_16o_128/modelsim/afifo_64i_16o_128.udo
 create mode 100644 adc_ethernet1.ip_user_files/sim_scripts/afifo_64i_16o_128/modelsim/compile.do
 create mode 100644 adc_ethernet1.ip_user_files/sim_scripts/afifo_64i_16o_128/modelsim/file_info.txt
 create mode 100644 adc_ethernet1.ip_user_files/sim_scripts/afifo_64i_16o_128/modelsim/filelist.f
 create mode 100644 adc_ethernet1.ip_user_files/sim_scripts/afifo_64i_16o_128/modelsim/simulate.do
 create mode 100644 adc_ethernet1.ip_user_files/sim_scripts/afifo_64i_16o_128/modelsim/wave.do
 create mode 100644 adc_ethernet1.ip_user_files/sim_scripts/afifo_64i_16o_128/questa/README.txt
 create mode 100644 adc_ethernet1.ip_user_files/sim_scripts/afifo_64i_16o_128/questa/afifo_64i_16o_128.sh
 create mode 100644 adc_ethernet1.ip_user_files/sim_scripts/afifo_64i_16o_128/questa/afifo_64i_16o_128.udo
 create mode 100644 adc_ethernet1.ip_user_files/sim_scripts/afifo_64i_16o_128/questa/compile.do
 create mode 100644 adc_ethernet1.ip_user_files/sim_scripts/afifo_64i_16o_128/questa/elaborate.do
 create mode 100644 adc_ethernet1.ip_user_files/sim_scripts/afifo_64i_16o_128/questa/file_info.txt
 create mode 100644 adc_ethernet1.ip_user_files/sim_scripts/afifo_64i_16o_128/questa/filelist.f
 create mode 100644 adc_ethernet1.ip_user_files/sim_scripts/afifo_64i_16o_128/questa/simulate.do
 create mode 100644 adc_ethernet1.ip_user_files/sim_scripts/afifo_64i_16o_128/questa/wave.do
 create mode 100644 adc_ethernet1.ip_user_files/sim_scripts/afifo_64i_16o_128/vcs/README.txt
 create mode 100644 adc_ethernet1.ip_user_files/sim_scripts/afifo_64i_16o_128/vcs/afifo_64i_16o_128.sh
 create mode 100644 adc_ethernet1.ip_user_files/sim_scripts/afifo_64i_16o_128/vcs/file_info.txt
 create mode 100644 adc_ethernet1.ip_user_files/sim_scripts/afifo_64i_16o_128/vcs/filelist.f
 create mode 100644 adc_ethernet1.ip_user_files/sim_scripts/afifo_64i_16o_128/vcs/simulate.do
 create mode 100644 adc_ethernet1.ip_user_files/sim_scripts/afifo_64i_16o_128/xsim/README.txt
 create mode 100644 adc_ethernet1.ip_user_files/sim_scripts/afifo_64i_16o_128/xsim/afifo_64i_16o_128.sh
 create mode 100644 adc_ethernet1.ip_user_files/sim_scripts/afifo_64i_16o_128/xsim/cmd.tcl
 create mode 100644 adc_ethernet1.ip_user_files/sim_scripts/afifo_64i_16o_128/xsim/file_info.txt
 create mode 100644 adc_ethernet1.ip_user_files/sim_scripts/afifo_64i_16o_128/xsim/filelist.f
 create mode 100644 adc_ethernet1.ip_user_files/sim_scripts/afifo_64i_16o_128/xsim/vhdl.prj
 create mode 100644 adc_ethernet1.ip_user_files/sim_scripts/ddr3/ddr3.dcp
 create mode 100644 adc_ethernet1.ip_user_files/sim_scripts/ddr3/ddr3.veo
 create mode 100644 adc_ethernet1.ip_user_files/sim_scripts/ddr3/ddr3.xci
 create mode 100644 adc_ethernet1.ip_user_files/sim_scripts/ddr3/ddr3.xml
 create mode 100644 adc_ethernet1.ip_user_files/sim_scripts/ddr3/ddr3_sim_netlist.v
 create mode 100644 adc_ethernet1.ip_user_files/sim_scripts/ddr3/ddr3_sim_netlist.vhdl
 create mode 100644 adc_ethernet1.ip_user_files/sim_scripts/ddr3/ddr3_stub.v
 create mode 100644 adc_ethernet1.ip_user_files/sim_scripts/ddr3/ddr3_stub.vhdl
 create mode 100644 adc_ethernet1.ip_user_files/sim_scripts/ddr3/ddr3_xmdf.tcl
 create mode 100644 adc_ethernet1.ip_user_files/sim_scripts/ddr3/ies/README.txt
 create mode 100644 adc_ethernet1.ip_user_files/sim_scripts/ddr3/ies/ddr3.sh
 create mode 100644 adc_ethernet1.ip_user_files/sim_scripts/ddr3/ies/file_info.txt
 create mode 100644 adc_ethernet1.ip_user_files/sim_scripts/ddr3/ies/filelist.f
 create mode 100644 adc_ethernet1.ip_user_files/sim_scripts/ddr3/ies/filelist_irun.f
 create mode 100644 adc_ethernet1.ip_user_files/sim_scripts/ddr3/ies/glbl.v
 create mode 100644 adc_ethernet1.ip_user_files/sim_scripts/ddr3/ies/mig_a.prj
 create mode 100644 adc_ethernet1.ip_user_files/sim_scripts/ddr3/ies/simulate.do
 create mode 100644 adc_ethernet1.ip_user_files/sim_scripts/ddr3/mig_a.prj
 create mode 100644 adc_ethernet1.ip_user_files/sim_scripts/ddr3/mig_b.prj
 create mode 100644 adc_ethernet1.ip_user_files/sim_scripts/ddr3/modelsim/README.txt
 create mode 100644 adc_ethernet1.ip_user_files/sim_scripts/ddr3/modelsim/compile.do
 create mode 100644 adc_ethernet1.ip_user_files/sim_scripts/ddr3/modelsim/ddr3.sh
 create mode 100644 adc_ethernet1.ip_user_files/sim_scripts/ddr3/modelsim/ddr3.udo
 create mode 100644 adc_ethernet1.ip_user_files/sim_scripts/ddr3/modelsim/file_info.txt
 create mode 100644 adc_ethernet1.ip_user_files/sim_scripts/ddr3/modelsim/filelist.f
 create mode 100644 adc_ethernet1.ip_user_files/sim_scripts/ddr3/modelsim/glbl.v
 create mode 100644 adc_ethernet1.ip_user_files/sim_scripts/ddr3/modelsim/mig_a.prj
 create mode 100644 adc_ethernet1.ip_user_files/sim_scripts/ddr3/modelsim/simulate.do
 create mode 100644 adc_ethernet1.ip_user_files/sim_scripts/ddr3/modelsim/wave.do
 create mode 100644 adc_ethernet1.ip_user_files/sim_scripts/ddr3/questa/README.txt
 create mode 100644 adc_ethernet1.ip_user_files/sim_scripts/ddr3/questa/compile.do
 create mode 100644 adc_ethernet1.ip_user_files/sim_scripts/ddr3/questa/ddr3.sh
 create mode 100644 adc_ethernet1.ip_user_files/sim_scripts/ddr3/questa/ddr3.udo
 create mode 100644 adc_ethernet1.ip_user_files/sim_scripts/ddr3/questa/elaborate.do
 create mode 100644 adc_ethernet1.ip_user_files/sim_scripts/ddr3/questa/file_info.txt
 create mode 100644 adc_ethernet1.ip_user_files/sim_scripts/ddr3/questa/filelist.f
 create mode 100644 adc_ethernet1.ip_user_files/sim_scripts/ddr3/questa/glbl.v
 create mode 100644 adc_ethernet1.ip_user_files/sim_scripts/ddr3/questa/mig_a.prj
 create mode 100644 adc_ethernet1.ip_user_files/sim_scripts/ddr3/questa/simulate.do
 create mode 100644 adc_ethernet1.ip_user_files/sim_scripts/ddr3/questa/wave.do
 create mode 100644 adc_ethernet1.ip_user_files/sim_scripts/ddr3/tcl.log
 create mode 100644 adc_ethernet1.ip_user_files/sim_scripts/ddr3/vcs/README.txt
 create mode 100644 adc_ethernet1.ip_user_files/sim_scripts/ddr3/vcs/ddr3.sh
 create mode 100644 adc_ethernet1.ip_user_files/sim_scripts/ddr3/vcs/file_info.txt
 create mode 100644 adc_ethernet1.ip_user_files/sim_scripts/ddr3/vcs/filelist.f
 create mode 100644 adc_ethernet1.ip_user_files/sim_scripts/ddr3/vcs/glbl.v
 create mode 100644 adc_ethernet1.ip_user_files/sim_scripts/ddr3/vcs/mig_a.prj
 create mode 100644 adc_ethernet1.ip_user_files/sim_scripts/ddr3/vcs/simulate.do
 create mode 100644 adc_ethernet1.ip_user_files/sim_scripts/ddr3/xil_txt.in
 create mode 100644 adc_ethernet1.ip_user_files/sim_scripts/ddr3/xil_txt.out
 create mode 100644 adc_ethernet1.ip_user_files/sim_scripts/ddr3/xil_upgrade.in
 create mode 100644 adc_ethernet1.ip_user_files/sim_scripts/ddr3/xil_upgrade.out
 create mode 100644 adc_ethernet1.ip_user_files/sim_scripts/ddr3/xsim/README.txt
 create mode 100644 adc_ethernet1.ip_user_files/sim_scripts/ddr3/xsim/cmd.tcl
 create mode 100644 adc_ethernet1.ip_user_files/sim_scripts/ddr3/xsim/ddr3.sh
 create mode 100644 adc_ethernet1.ip_user_files/sim_scripts/ddr3/xsim/file_info.txt
 create mode 100644 adc_ethernet1.ip_user_files/sim_scripts/ddr3/xsim/filelist.f
 create mode 100644 adc_ethernet1.ip_user_files/sim_scripts/ddr3/xsim/glbl.v
 create mode 100644 adc_ethernet1.ip_user_files/sim_scripts/ddr3/xsim/mig_a.prj
 create mode 100644 adc_ethernet1.ip_user_files/sim_scripts/ddr3/xsim/vlog.prj
 create mode 100644 adc_ethernet1.ip_user_files/sim_scripts/sys_pll/README.txt
 create mode 100644 adc_ethernet1.ip_user_files/sim_scripts/sys_pll/ies/README.txt
 create mode 100644 adc_ethernet1.ip_user_files/sim_scripts/sys_pll/ies/file_info.txt
 create mode 100644 adc_ethernet1.ip_user_files/sim_scripts/sys_pll/ies/filelist.f
 create mode 100644 adc_ethernet1.ip_user_files/sim_scripts/sys_pll/ies/filelist_irun.f
 create mode 100644 adc_ethernet1.ip_user_files/sim_scripts/sys_pll/ies/glbl.v
 create mode 100644 adc_ethernet1.ip_user_files/sim_scripts/sys_pll/ies/simulate.do
 create mode 100644 adc_ethernet1.ip_user_files/sim_scripts/sys_pll/ies/sys_pll.sh
 create mode 100644 adc_ethernet1.ip_user_files/sim_scripts/sys_pll/modelsim/README.txt
 create mode 100644 adc_ethernet1.ip_user_files/sim_scripts/sys_pll/modelsim/compile.do
 create mode 100644 adc_ethernet1.ip_user_files/sim_scripts/sys_pll/modelsim/file_info.txt
 create mode 100644 adc_ethernet1.ip_user_files/sim_scripts/sys_pll/modelsim/filelist.f
 create mode 100644 adc_ethernet1.ip_user_files/sim_scripts/sys_pll/modelsim/glbl.v
 create mode 100644 adc_ethernet1.ip_user_files/sim_scripts/sys_pll/modelsim/simulate.do
 create mode 100644 adc_ethernet1.ip_user_files/sim_scripts/sys_pll/modelsim/sys_pll.sh
 create mode 100644 adc_ethernet1.ip_user_files/sim_scripts/sys_pll/modelsim/sys_pll.udo
 create mode 100644 adc_ethernet1.ip_user_files/sim_scripts/sys_pll/modelsim/wave.do
 create mode 100644 adc_ethernet1.ip_user_files/sim_scripts/sys_pll/questa/README.txt
 create mode 100644 adc_ethernet1.ip_user_files/sim_scripts/sys_pll/questa/compile.do
 create mode 100644 adc_ethernet1.ip_user_files/sim_scripts/sys_pll/questa/elaborate.do
 create mode 100644 adc_ethernet1.ip_user_files/sim_scripts/sys_pll/questa/file_info.txt
 create mode 100644 adc_ethernet1.ip_user_files/sim_scripts/sys_pll/questa/filelist.f
 create mode 100644 adc_ethernet1.ip_user_files/sim_scripts/sys_pll/questa/glbl.v
 create mode 100644 adc_ethernet1.ip_user_files/sim_scripts/sys_pll/questa/simulate.do
 create mode 100644 adc_ethernet1.ip_user_files/sim_scripts/sys_pll/questa/sys_pll.sh
 create mode 100644 adc_ethernet1.ip_user_files/sim_scripts/sys_pll/questa/sys_pll.udo
 create mode 100644 adc_ethernet1.ip_user_files/sim_scripts/sys_pll/questa/wave.do
 create mode 100644 adc_ethernet1.ip_user_files/sim_scripts/sys_pll/vcs/README.txt
 create mode 100644 adc_ethernet1.ip_user_files/sim_scripts/sys_pll/vcs/file_info.txt
 create mode 100644 adc_ethernet1.ip_user_files/sim_scripts/sys_pll/vcs/filelist.f
 create mode 100644 adc_ethernet1.ip_user_files/sim_scripts/sys_pll/vcs/glbl.v
 create mode 100644 adc_ethernet1.ip_user_files/sim_scripts/sys_pll/vcs/simulate.do
 create mode 100644 adc_ethernet1.ip_user_files/sim_scripts/sys_pll/vcs/sys_pll.sh
 create mode 100644 adc_ethernet1.ip_user_files/sim_scripts/sys_pll/xsim/README.txt
 create mode 100644 adc_ethernet1.ip_user_files/sim_scripts/sys_pll/xsim/cmd.tcl
 create mode 100644 adc_ethernet1.ip_user_files/sim_scripts/sys_pll/xsim/file_info.txt
 create mode 100644 adc_ethernet1.ip_user_files/sim_scripts/sys_pll/xsim/filelist.f
 create mode 100644 adc_ethernet1.ip_user_files/sim_scripts/sys_pll/xsim/glbl.v
 create mode 100644 adc_ethernet1.ip_user_files/sim_scripts/sys_pll/xsim/sys_pll.sh
 create mode 100644 adc_ethernet1.ip_user_files/sim_scripts/sys_pll/xsim/vlog.prj
 create mode 100644 adc_ethernet1.ip_user_files/sim_scripts/video_pll/README.txt
 create mode 100644 adc_ethernet1.ip_user_files/sim_scripts/video_pll/ies/README.txt
 create mode 100644 adc_ethernet1.ip_user_files/sim_scripts/video_pll/ies/file_info.txt
 create mode 100644 adc_ethernet1.ip_user_files/sim_scripts/video_pll/ies/filelist.f
 create mode 100644 adc_ethernet1.ip_user_files/sim_scripts/video_pll/ies/filelist_irun.f
 create mode 100644 adc_ethernet1.ip_user_files/sim_scripts/video_pll/ies/glbl.v
 create mode 100644 adc_ethernet1.ip_user_files/sim_scripts/video_pll/ies/simulate.do
 create mode 100644 adc_ethernet1.ip_user_files/sim_scripts/video_pll/ies/video_pll.sh
 create mode 100644 adc_ethernet1.ip_user_files/sim_scripts/video_pll/modelsim/README.txt
 create mode 100644 adc_ethernet1.ip_user_files/sim_scripts/video_pll/modelsim/compile.do
 create mode 100644 adc_ethernet1.ip_user_files/sim_scripts/video_pll/modelsim/file_info.txt
 create mode 100644 adc_ethernet1.ip_user_files/sim_scripts/video_pll/modelsim/filelist.f
 create mode 100644 adc_ethernet1.ip_user_files/sim_scripts/video_pll/modelsim/glbl.v
 create mode 100644 adc_ethernet1.ip_user_files/sim_scripts/video_pll/modelsim/simulate.do
 create mode 100644 adc_ethernet1.ip_user_files/sim_scripts/video_pll/modelsim/video_pll.sh
 create mode 100644 adc_ethernet1.ip_user_files/sim_scripts/video_pll/modelsim/video_pll.udo
 create mode 100644 adc_ethernet1.ip_user_files/sim_scripts/video_pll/modelsim/wave.do
 create mode 100644 adc_ethernet1.ip_user_files/sim_scripts/video_pll/questa/README.txt
 create mode 100644 adc_ethernet1.ip_user_files/sim_scripts/video_pll/questa/compile.do
 create mode 100644 adc_ethernet1.ip_user_files/sim_scripts/video_pll/questa/elaborate.do
 create mode 100644 adc_ethernet1.ip_user_files/sim_scripts/video_pll/questa/file_info.txt
 create mode 100644 adc_ethernet1.ip_user_files/sim_scripts/video_pll/questa/filelist.f
 create mode 100644 adc_ethernet1.ip_user_files/sim_scripts/video_pll/questa/glbl.v
 create mode 100644 adc_ethernet1.ip_user_files/sim_scripts/video_pll/questa/simulate.do
 create mode 100644 adc_ethernet1.ip_user_files/sim_scripts/video_pll/questa/video_pll.sh
 create mode 100644 adc_ethernet1.ip_user_files/sim_scripts/video_pll/questa/video_pll.udo
 create mode 100644 adc_ethernet1.ip_user_files/sim_scripts/video_pll/questa/wave.do
 create mode 100644 adc_ethernet1.ip_user_files/sim_scripts/video_pll/vcs/README.txt
 create mode 100644 adc_ethernet1.ip_user_files/sim_scripts/video_pll/vcs/file_info.txt
 create mode 100644 adc_ethernet1.ip_user_files/sim_scripts/video_pll/vcs/filelist.f
 create mode 100644 adc_ethernet1.ip_user_files/sim_scripts/video_pll/vcs/glbl.v
 create mode 100644 adc_ethernet1.ip_user_files/sim_scripts/video_pll/vcs/simulate.do
 create mode 100644 adc_ethernet1.ip_user_files/sim_scripts/video_pll/vcs/video_pll.sh
 create mode 100644 adc_ethernet1.ip_user_files/sim_scripts/video_pll/xsim/README.txt
 create mode 100644 adc_ethernet1.ip_user_files/sim_scripts/video_pll/xsim/cmd.tcl
 create mode 100644 adc_ethernet1.ip_user_files/sim_scripts/video_pll/xsim/file_info.txt
 create mode 100644 adc_ethernet1.ip_user_files/sim_scripts/video_pll/xsim/filelist.f
 create mode 100644 adc_ethernet1.ip_user_files/sim_scripts/video_pll/xsim/glbl.v
 create mode 100644 adc_ethernet1.ip_user_files/sim_scripts/video_pll/xsim/video_pll.sh
 create mode 100644 adc_ethernet1.ip_user_files/sim_scripts/video_pll/xsim/vlog.prj
 create mode 100644 ddr3_ov5640_an430_lcd.ip_user_files/README.txt
 create mode 100644 ddr3_ov5640_an430_lcd.ip_user_files/ip/adc_pll/adc_pll.veo
 create mode 100644 ddr3_ov5640_an430_lcd.ip_user_files/ip/adc_pll/adc_pll_stub.v
 create mode 100644 ddr3_ov5640_an430_lcd.ip_user_files/ip/adc_pll/adc_pll_stub.vhdl
 create mode 100644 ddr3_ov5640_an430_lcd.ip_user_files/ip/afifo_16i_64o_512/afifo_16i_64o_512.veo
 create mode 100644 ddr3_ov5640_an430_lcd.ip_user_files/ip/afifo_16i_64o_512/afifo_16i_64o_512.vho
 create mode 100644 ddr3_ov5640_an430_lcd.ip_user_files/ip/afifo_16i_64o_512/afifo_16i_64o_512_stub.v
 create mode 100644 ddr3_ov5640_an430_lcd.ip_user_files/ip/afifo_16i_64o_512/afifo_16i_64o_512_stub.vhdl
 create mode 100644 ddr3_ov5640_an430_lcd.ip_user_files/ip/afifo_64i_16o_128/afifo_64i_16o_128.veo
 create mode 100644 ddr3_ov5640_an430_lcd.ip_user_files/ip/afifo_64i_16o_128/afifo_64i_16o_128.vho
 create mode 100644 ddr3_ov5640_an430_lcd.ip_user_files/ip/afifo_64i_16o_128/afifo_64i_16o_128_stub.v
 create mode 100644 ddr3_ov5640_an430_lcd.ip_user_files/ip/afifo_64i_16o_128/afifo_64i_16o_128_stub.vhdl
 create mode 100644 ddr3_ov5640_an430_lcd.ip_user_files/ip/cordic_0/cordic_0.veo
 create mode 100644 ddr3_ov5640_an430_lcd.ip_user_files/ip/cordic_0/cordic_0.vho
 create mode 100644 ddr3_ov5640_an430_lcd.ip_user_files/ip/cordic_0/cordic_0_stub.v
 create mode 100644 ddr3_ov5640_an430_lcd.ip_user_files/ip/cordic_0/cordic_0_stub.vhdl
 create mode 100644 ddr3_ov5640_an430_lcd.ip_user_files/ip/ddr3/ddr3.dcp
 create mode 100644 ddr3_ov5640_an430_lcd.ip_user_files/ip/ddr3/ddr3.veo
 create mode 100644 ddr3_ov5640_an430_lcd.ip_user_files/ip/ddr3/ddr3.xci
 create mode 100644 ddr3_ov5640_an430_lcd.ip_user_files/ip/ddr3/ddr3.xml
 create mode 100644 ddr3_ov5640_an430_lcd.ip_user_files/ip/ddr3/ddr3_sim_netlist.v
 create mode 100644 ddr3_ov5640_an430_lcd.ip_user_files/ip/ddr3/ddr3_sim_netlist.vhdl
 create mode 100644 ddr3_ov5640_an430_lcd.ip_user_files/ip/ddr3/ddr3_stub.v
 create mode 100644 ddr3_ov5640_an430_lcd.ip_user_files/ip/ddr3/ddr3_stub.vhdl
 create mode 100644 ddr3_ov5640_an430_lcd.ip_user_files/ip/ddr3/ddr3_xmdf.tcl
 create mode 100644 ddr3_ov5640_an430_lcd.ip_user_files/ip/ddr3/mig_a.prj
 create mode 100644 ddr3_ov5640_an430_lcd.ip_user_files/ip/ddr3/mig_b.prj
 create mode 100644 ddr3_ov5640_an430_lcd.ip_user_files/ip/ddr3/tcl.log
 create mode 100644 ddr3_ov5640_an430_lcd.ip_user_files/ip/ddr3/xil_txt.in
 create mode 100644 ddr3_ov5640_an430_lcd.ip_user_files/ip/ddr3/xil_txt.out
 create mode 100644 ddr3_ov5640_an430_lcd.ip_user_files/ip/ddr3/xil_upgrade.in
 create mode 100644 ddr3_ov5640_an430_lcd.ip_user_files/ip/ddr3/xil_upgrade.out
 create mode 100644 ddr3_ov5640_an430_lcd.ip_user_files/ip/fft_ls/fft_ls.veo
 create mode 100644 ddr3_ov5640_an430_lcd.ip_user_files/ip/fft_ls/fft_ls.vho
 create mode 100644 ddr3_ov5640_an430_lcd.ip_user_files/ip/fft_ls/fft_ls_stub.v
 create mode 100644 ddr3_ov5640_an430_lcd.ip_user_files/ip/fft_ls/fft_ls_stub.vhdl
 create mode 100644 ddr3_ov5640_an430_lcd.ip_user_files/ip/my_cordic_1/my_cordic_1.veo
 create mode 100644 ddr3_ov5640_an430_lcd.ip_user_files/ip/my_cordic_1/my_cordic_1.vho
 create mode 100644 ddr3_ov5640_an430_lcd.ip_user_files/ip/my_cordic_1/my_cordic_1_stub.v
 create mode 100644 ddr3_ov5640_an430_lcd.ip_user_files/ip/my_cordic_1/my_cordic_1_stub.vhdl
 create mode 100644 ddr3_ov5640_an430_lcd.ip_user_files/ipstatic/hdl/axi_utils_v2_0_vh_rfs.vhd
 create mode 100644 ddr3_ov5640_an430_lcd.ip_user_files/ipstatic/hdl/c_addsub_v12_0_vh_rfs.vhd
 create mode 100644 ddr3_ov5640_an430_lcd.ip_user_files/ipstatic/hdl/c_mux_bit_v12_0_vh_rfs.vhd
 create mode 100644 ddr3_ov5640_an430_lcd.ip_user_files/ipstatic/hdl/c_reg_fd_v12_0_vh_rfs.vhd
 create mode 100644 ddr3_ov5640_an430_lcd.ip_user_files/ipstatic/hdl/c_shift_ram_v12_0_vh_rfs.vhd
 create mode 100644 ddr3_ov5640_an430_lcd.ip_user_files/ipstatic/hdl/cmpy_v6_0_vh_rfs.vhd
 create mode 100644 ddr3_ov5640_an430_lcd.ip_user_files/ipstatic/hdl/cordic_v6_0_vh_rfs.vhd
 create mode 100644 ddr3_ov5640_an430_lcd.ip_user_files/ipstatic/hdl/fifo_generator_v13_2_rfs.v
 create mode 100644 ddr3_ov5640_an430_lcd.ip_user_files/ipstatic/hdl/fifo_generator_v13_2_rfs.vhd
 create mode 100644 ddr3_ov5640_an430_lcd.ip_user_files/ipstatic/hdl/floating_point_v7_0_vh_rfs.vhd
 create mode 100644 ddr3_ov5640_an430_lcd.ip_user_files/ipstatic/hdl/mult_gen_v12_0_vh_rfs.vhd
 create mode 100644 ddr3_ov5640_an430_lcd.ip_user_files/ipstatic/hdl/xbip_addsub_v3_0_vh_rfs.vhd
 create mode 100644 ddr3_ov5640_an430_lcd.ip_user_files/ipstatic/hdl/xbip_bram18k_v3_0_vh_rfs.vhd
 create mode 100644 ddr3_ov5640_an430_lcd.ip_user_files/ipstatic/hdl/xbip_dsp48_addsub_v3_0_vh_rfs.vhd
 create mode 100644 ddr3_ov5640_an430_lcd.ip_user_files/ipstatic/hdl/xbip_dsp48_wrapper_v3_0_vh_rfs.vhd
 create mode 100644 ddr3_ov5640_an430_lcd.ip_user_files/ipstatic/hdl/xbip_pipe_v3_0_vh_rfs.vhd
 create mode 100644 ddr3_ov5640_an430_lcd.ip_user_files/ipstatic/hdl/xbip_utils_v3_0_vh_rfs.vhd
 create mode 100644 ddr3_ov5640_an430_lcd.ip_user_files/ipstatic/hdl/xfft_v9_1_vh_rfs.vhd
 create mode 100644 ddr3_ov5640_an430_lcd.ip_user_files/ipstatic/simulation/fifo_generator_vlog_beh.v
 create mode 100644 ddr3_ov5640_an430_lcd.ip_user_files/mem_init_files/mig_a.prj
 create mode 100644 ddr3_ov5640_an430_lcd.ip_user_files/mem_init_files/mig_b.prj
 create mode 100644 ddr3_ov5640_an430_lcd.ip_user_files/sim_scripts/adc_pll/README.txt
 create mode 100644 ddr3_ov5640_an430_lcd.ip_user_files/sim_scripts/adc_pll/activehdl/README.txt
 create mode 100644 ddr3_ov5640_an430_lcd.ip_user_files/sim_scripts/adc_pll/activehdl/adc_pll.sh
 create mode 100644 ddr3_ov5640_an430_lcd.ip_user_files/sim_scripts/adc_pll/activehdl/adc_pll.udo
 create mode 100644 ddr3_ov5640_an430_lcd.ip_user_files/sim_scripts/adc_pll/activehdl/compile.do
 create mode 100644 ddr3_ov5640_an430_lcd.ip_user_files/sim_scripts/adc_pll/activehdl/file_info.txt
 create mode 100644 ddr3_ov5640_an430_lcd.ip_user_files/sim_scripts/adc_pll/activehdl/glbl.v
 create mode 100644 ddr3_ov5640_an430_lcd.ip_user_files/sim_scripts/adc_pll/activehdl/simulate.do
 create mode 100644 ddr3_ov5640_an430_lcd.ip_user_files/sim_scripts/adc_pll/activehdl/wave.do
 create mode 100644 ddr3_ov5640_an430_lcd.ip_user_files/sim_scripts/adc_pll/ies/README.txt
 create mode 100644 ddr3_ov5640_an430_lcd.ip_user_files/sim_scripts/adc_pll/ies/adc_pll.sh
 create mode 100644 ddr3_ov5640_an430_lcd.ip_user_files/sim_scripts/adc_pll/ies/file_info.txt
 create mode 100644 ddr3_ov5640_an430_lcd.ip_user_files/sim_scripts/adc_pll/ies/glbl.v
 create mode 100644 ddr3_ov5640_an430_lcd.ip_user_files/sim_scripts/adc_pll/ies/run.f
 create mode 100644 ddr3_ov5640_an430_lcd.ip_user_files/sim_scripts/adc_pll/modelsim/README.txt
 create mode 100644 ddr3_ov5640_an430_lcd.ip_user_files/sim_scripts/adc_pll/modelsim/adc_pll.sh
 create mode 100644 ddr3_ov5640_an430_lcd.ip_user_files/sim_scripts/adc_pll/modelsim/adc_pll.udo
 create mode 100644 ddr3_ov5640_an430_lcd.ip_user_files/sim_scripts/adc_pll/modelsim/compile.do
 create mode 100644 ddr3_ov5640_an430_lcd.ip_user_files/sim_scripts/adc_pll/modelsim/file_info.txt
 create mode 100644 ddr3_ov5640_an430_lcd.ip_user_files/sim_scripts/adc_pll/modelsim/glbl.v
 create mode 100644 ddr3_ov5640_an430_lcd.ip_user_files/sim_scripts/adc_pll/modelsim/simulate.do
 create mode 100644 ddr3_ov5640_an430_lcd.ip_user_files/sim_scripts/adc_pll/modelsim/wave.do
 create mode 100644 ddr3_ov5640_an430_lcd.ip_user_files/sim_scripts/adc_pll/questa/README.txt
 create mode 100644 ddr3_ov5640_an430_lcd.ip_user_files/sim_scripts/adc_pll/questa/adc_pll.sh
 create mode 100644 ddr3_ov5640_an430_lcd.ip_user_files/sim_scripts/adc_pll/questa/adc_pll.udo
 create mode 100644 ddr3_ov5640_an430_lcd.ip_user_files/sim_scripts/adc_pll/questa/compile.do
 create mode 100644 ddr3_ov5640_an430_lcd.ip_user_files/sim_scripts/adc_pll/questa/elaborate.do
 create mode 100644 ddr3_ov5640_an430_lcd.ip_user_files/sim_scripts/adc_pll/questa/file_info.txt
 create mode 100644 ddr3_ov5640_an430_lcd.ip_user_files/sim_scripts/adc_pll/questa/glbl.v
 create mode 100644 ddr3_ov5640_an430_lcd.ip_user_files/sim_scripts/adc_pll/questa/simulate.do
 create mode 100644 ddr3_ov5640_an430_lcd.ip_user_files/sim_scripts/adc_pll/questa/wave.do
 create mode 100644 ddr3_ov5640_an430_lcd.ip_user_files/sim_scripts/adc_pll/riviera/README.txt
 create mode 100644 ddr3_ov5640_an430_lcd.ip_user_files/sim_scripts/adc_pll/riviera/adc_pll.sh
 create mode 100644 ddr3_ov5640_an430_lcd.ip_user_files/sim_scripts/adc_pll/riviera/adc_pll.udo
 create mode 100644 ddr3_ov5640_an430_lcd.ip_user_files/sim_scripts/adc_pll/riviera/compile.do
 create mode 100644 ddr3_ov5640_an430_lcd.ip_user_files/sim_scripts/adc_pll/riviera/file_info.txt
 create mode 100644 ddr3_ov5640_an430_lcd.ip_user_files/sim_scripts/adc_pll/riviera/glbl.v
 create mode 100644 ddr3_ov5640_an430_lcd.ip_user_files/sim_scripts/adc_pll/riviera/simulate.do
 create mode 100644 ddr3_ov5640_an430_lcd.ip_user_files/sim_scripts/adc_pll/riviera/wave.do
 create mode 100644 ddr3_ov5640_an430_lcd.ip_user_files/sim_scripts/adc_pll/vcs/README.txt
 create mode 100644 ddr3_ov5640_an430_lcd.ip_user_files/sim_scripts/adc_pll/vcs/adc_pll.sh
 create mode 100644 ddr3_ov5640_an430_lcd.ip_user_files/sim_scripts/adc_pll/vcs/file_info.txt
 create mode 100644 ddr3_ov5640_an430_lcd.ip_user_files/sim_scripts/adc_pll/vcs/glbl.v
 create mode 100644 ddr3_ov5640_an430_lcd.ip_user_files/sim_scripts/adc_pll/vcs/simulate.do
 create mode 100644 ddr3_ov5640_an430_lcd.ip_user_files/sim_scripts/adc_pll/xcelium/README.txt
 create mode 100644 ddr3_ov5640_an430_lcd.ip_user_files/sim_scripts/adc_pll/xcelium/adc_pll.sh
 create mode 100644 ddr3_ov5640_an430_lcd.ip_user_files/sim_scripts/adc_pll/xcelium/file_info.txt
 create mode 100644 ddr3_ov5640_an430_lcd.ip_user_files/sim_scripts/adc_pll/xcelium/glbl.v
 create mode 100644 ddr3_ov5640_an430_lcd.ip_user_files/sim_scripts/adc_pll/xcelium/run.f
 create mode 100644 ddr3_ov5640_an430_lcd.ip_user_files/sim_scripts/adc_pll/xsim/README.txt
 create mode 100644 ddr3_ov5640_an430_lcd.ip_user_files/sim_scripts/adc_pll/xsim/adc_pll.sh
 create mode 100644 ddr3_ov5640_an430_lcd.ip_user_files/sim_scripts/adc_pll/xsim/cmd.tcl
 create mode 100644 ddr3_ov5640_an430_lcd.ip_user_files/sim_scripts/adc_pll/xsim/elab.opt
 create mode 100644 ddr3_ov5640_an430_lcd.ip_user_files/sim_scripts/adc_pll/xsim/file_info.txt
 create mode 100644 ddr3_ov5640_an430_lcd.ip_user_files/sim_scripts/adc_pll/xsim/glbl.v
 create mode 100644 ddr3_ov5640_an430_lcd.ip_user_files/sim_scripts/adc_pll/xsim/vlog.prj
 create mode 100644 ddr3_ov5640_an430_lcd.ip_user_files/sim_scripts/adc_pll/xsim/xsim.ini
 create mode 100644 ddr3_ov5640_an430_lcd.ip_user_files/sim_scripts/afifo_16i_64o_512/README.txt
 create mode 100644 ddr3_ov5640_an430_lcd.ip_user_files/sim_scripts/afifo_16i_64o_512/activehdl/README.txt
 create mode 100644 ddr3_ov5640_an430_lcd.ip_user_files/sim_scripts/afifo_16i_64o_512/activehdl/afifo_16i_64o_512.sh
 create mode 100644 ddr3_ov5640_an430_lcd.ip_user_files/sim_scripts/afifo_16i_64o_512/activehdl/afifo_16i_64o_512.udo
 create mode 100644 ddr3_ov5640_an430_lcd.ip_user_files/sim_scripts/afifo_16i_64o_512/activehdl/compile.do
 create mode 100644 ddr3_ov5640_an430_lcd.ip_user_files/sim_scripts/afifo_16i_64o_512/activehdl/file_info.txt
 create mode 100644 ddr3_ov5640_an430_lcd.ip_user_files/sim_scripts/afifo_16i_64o_512/activehdl/glbl.v
 create mode 100644 ddr3_ov5640_an430_lcd.ip_user_files/sim_scripts/afifo_16i_64o_512/activehdl/simulate.do
 create mode 100644 ddr3_ov5640_an430_lcd.ip_user_files/sim_scripts/afifo_16i_64o_512/activehdl/wave.do
 create mode 100644 ddr3_ov5640_an430_lcd.ip_user_files/sim_scripts/afifo_16i_64o_512/ies/README.txt
 create mode 100644 ddr3_ov5640_an430_lcd.ip_user_files/sim_scripts/afifo_16i_64o_512/ies/afifo_16i_64o_512.sh
 create mode 100644 ddr3_ov5640_an430_lcd.ip_user_files/sim_scripts/afifo_16i_64o_512/ies/file_info.txt
 create mode 100644 ddr3_ov5640_an430_lcd.ip_user_files/sim_scripts/afifo_16i_64o_512/ies/glbl.v
 create mode 100644 ddr3_ov5640_an430_lcd.ip_user_files/sim_scripts/afifo_16i_64o_512/ies/run.f
 create mode 100644 ddr3_ov5640_an430_lcd.ip_user_files/sim_scripts/afifo_16i_64o_512/modelsim/README.txt
 create mode 100644 ddr3_ov5640_an430_lcd.ip_user_files/sim_scripts/afifo_16i_64o_512/modelsim/afifo_16i_64o_512.sh
 create mode 100644 ddr3_ov5640_an430_lcd.ip_user_files/sim_scripts/afifo_16i_64o_512/modelsim/afifo_16i_64o_512.udo
 create mode 100644 ddr3_ov5640_an430_lcd.ip_user_files/sim_scripts/afifo_16i_64o_512/modelsim/compile.do
 create mode 100644 ddr3_ov5640_an430_lcd.ip_user_files/sim_scripts/afifo_16i_64o_512/modelsim/file_info.txt
 create mode 100644 ddr3_ov5640_an430_lcd.ip_user_files/sim_scripts/afifo_16i_64o_512/modelsim/glbl.v
 create mode 100644 ddr3_ov5640_an430_lcd.ip_user_files/sim_scripts/afifo_16i_64o_512/modelsim/simulate.do
 create mode 100644 ddr3_ov5640_an430_lcd.ip_user_files/sim_scripts/afifo_16i_64o_512/modelsim/wave.do
 create mode 100644 ddr3_ov5640_an430_lcd.ip_user_files/sim_scripts/afifo_16i_64o_512/questa/README.txt
 create mode 100644 ddr3_ov5640_an430_lcd.ip_user_files/sim_scripts/afifo_16i_64o_512/questa/afifo_16i_64o_512.sh
 create mode 100644 ddr3_ov5640_an430_lcd.ip_user_files/sim_scripts/afifo_16i_64o_512/questa/afifo_16i_64o_512.udo
 create mode 100644 ddr3_ov5640_an430_lcd.ip_user_files/sim_scripts/afifo_16i_64o_512/questa/compile.do
 create mode 100644 ddr3_ov5640_an430_lcd.ip_user_files/sim_scripts/afifo_16i_64o_512/questa/elaborate.do
 create mode 100644 ddr3_ov5640_an430_lcd.ip_user_files/sim_scripts/afifo_16i_64o_512/questa/file_info.txt
 create mode 100644 ddr3_ov5640_an430_lcd.ip_user_files/sim_scripts/afifo_16i_64o_512/questa/glbl.v
 create mode 100644 ddr3_ov5640_an430_lcd.ip_user_files/sim_scripts/afifo_16i_64o_512/questa/simulate.do
 create mode 100644 ddr3_ov5640_an430_lcd.ip_user_files/sim_scripts/afifo_16i_64o_512/questa/wave.do
 create mode 100644 ddr3_ov5640_an430_lcd.ip_user_files/sim_scripts/afifo_16i_64o_512/riviera/README.txt
 create mode 100644 ddr3_ov5640_an430_lcd.ip_user_files/sim_scripts/afifo_16i_64o_512/riviera/afifo_16i_64o_512.sh
 create mode 100644 ddr3_ov5640_an430_lcd.ip_user_files/sim_scripts/afifo_16i_64o_512/riviera/afifo_16i_64o_512.udo
 create mode 100644 ddr3_ov5640_an430_lcd.ip_user_files/sim_scripts/afifo_16i_64o_512/riviera/compile.do
 create mode 100644 ddr3_ov5640_an430_lcd.ip_user_files/sim_scripts/afifo_16i_64o_512/riviera/file_info.txt
 create mode 100644 ddr3_ov5640_an430_lcd.ip_user_files/sim_scripts/afifo_16i_64o_512/riviera/glbl.v
 create mode 100644 ddr3_ov5640_an430_lcd.ip_user_files/sim_scripts/afifo_16i_64o_512/riviera/simulate.do
 create mode 100644 ddr3_ov5640_an430_lcd.ip_user_files/sim_scripts/afifo_16i_64o_512/riviera/wave.do
 create mode 100644 ddr3_ov5640_an430_lcd.ip_user_files/sim_scripts/afifo_16i_64o_512/vcs/README.txt
 create mode 100644 ddr3_ov5640_an430_lcd.ip_user_files/sim_scripts/afifo_16i_64o_512/vcs/afifo_16i_64o_512.sh
 create mode 100644 ddr3_ov5640_an430_lcd.ip_user_files/sim_scripts/afifo_16i_64o_512/vcs/file_info.txt
 create mode 100644 ddr3_ov5640_an430_lcd.ip_user_files/sim_scripts/afifo_16i_64o_512/vcs/glbl.v
 create mode 100644 ddr3_ov5640_an430_lcd.ip_user_files/sim_scripts/afifo_16i_64o_512/vcs/simulate.do
 create mode 100644 ddr3_ov5640_an430_lcd.ip_user_files/sim_scripts/afifo_16i_64o_512/xcelium/README.txt
 create mode 100644 ddr3_ov5640_an430_lcd.ip_user_files/sim_scripts/afifo_16i_64o_512/xcelium/afifo_16i_64o_512.sh
 create mode 100644 ddr3_ov5640_an430_lcd.ip_user_files/sim_scripts/afifo_16i_64o_512/xcelium/file_info.txt
 create mode 100644 ddr3_ov5640_an430_lcd.ip_user_files/sim_scripts/afifo_16i_64o_512/xcelium/glbl.v
 create mode 100644 ddr3_ov5640_an430_lcd.ip_user_files/sim_scripts/afifo_16i_64o_512/xcelium/run.f
 create mode 100644 ddr3_ov5640_an430_lcd.ip_user_files/sim_scripts/afifo_16i_64o_512/xsim/README.txt
 create mode 100644 ddr3_ov5640_an430_lcd.ip_user_files/sim_scripts/afifo_16i_64o_512/xsim/afifo_16i_64o_512.sh
 create mode 100644 ddr3_ov5640_an430_lcd.ip_user_files/sim_scripts/afifo_16i_64o_512/xsim/cmd.tcl
 create mode 100644 ddr3_ov5640_an430_lcd.ip_user_files/sim_scripts/afifo_16i_64o_512/xsim/elab.opt
 create mode 100644 ddr3_ov5640_an430_lcd.ip_user_files/sim_scripts/afifo_16i_64o_512/xsim/file_info.txt
 create mode 100644 ddr3_ov5640_an430_lcd.ip_user_files/sim_scripts/afifo_16i_64o_512/xsim/glbl.v
 create mode 100644 ddr3_ov5640_an430_lcd.ip_user_files/sim_scripts/afifo_16i_64o_512/xsim/vhdl.prj
 create mode 100644 ddr3_ov5640_an430_lcd.ip_user_files/sim_scripts/afifo_16i_64o_512/xsim/vlog.prj
 create mode 100644 ddr3_ov5640_an430_lcd.ip_user_files/sim_scripts/afifo_16i_64o_512/xsim/xsim.ini
 create mode 100644 ddr3_ov5640_an430_lcd.ip_user_files/sim_scripts/afifo_64i_16o_128/README.txt
 create mode 100644 ddr3_ov5640_an430_lcd.ip_user_files/sim_scripts/afifo_64i_16o_128/activehdl/README.txt
 create mode 100644 ddr3_ov5640_an430_lcd.ip_user_files/sim_scripts/afifo_64i_16o_128/activehdl/afifo_64i_16o_128.sh
 create mode 100644 ddr3_ov5640_an430_lcd.ip_user_files/sim_scripts/afifo_64i_16o_128/activehdl/afifo_64i_16o_128.udo
 create mode 100644 ddr3_ov5640_an430_lcd.ip_user_files/sim_scripts/afifo_64i_16o_128/activehdl/compile.do
 create mode 100644 ddr3_ov5640_an430_lcd.ip_user_files/sim_scripts/afifo_64i_16o_128/activehdl/file_info.txt
 create mode 100644 ddr3_ov5640_an430_lcd.ip_user_files/sim_scripts/afifo_64i_16o_128/activehdl/glbl.v
 create mode 100644 ddr3_ov5640_an430_lcd.ip_user_files/sim_scripts/afifo_64i_16o_128/activehdl/simulate.do
 create mode 100644 ddr3_ov5640_an430_lcd.ip_user_files/sim_scripts/afifo_64i_16o_128/activehdl/wave.do
 create mode 100644 ddr3_ov5640_an430_lcd.ip_user_files/sim_scripts/afifo_64i_16o_128/ies/README.txt
 create mode 100644 ddr3_ov5640_an430_lcd.ip_user_files/sim_scripts/afifo_64i_16o_128/ies/afifo_64i_16o_128.sh
 create mode 100644 ddr3_ov5640_an430_lcd.ip_user_files/sim_scripts/afifo_64i_16o_128/ies/file_info.txt
 create mode 100644 ddr3_ov5640_an430_lcd.ip_user_files/sim_scripts/afifo_64i_16o_128/ies/glbl.v
 create mode 100644 ddr3_ov5640_an430_lcd.ip_user_files/sim_scripts/afifo_64i_16o_128/ies/run.f
 create mode 100644 ddr3_ov5640_an430_lcd.ip_user_files/sim_scripts/afifo_64i_16o_128/modelsim/README.txt
 create mode 100644 ddr3_ov5640_an430_lcd.ip_user_files/sim_scripts/afifo_64i_16o_128/modelsim/afifo_64i_16o_128.sh
 create mode 100644 ddr3_ov5640_an430_lcd.ip_user_files/sim_scripts/afifo_64i_16o_128/modelsim/afifo_64i_16o_128.udo
 create mode 100644 ddr3_ov5640_an430_lcd.ip_user_files/sim_scripts/afifo_64i_16o_128/modelsim/compile.do
 create mode 100644 ddr3_ov5640_an430_lcd.ip_user_files/sim_scripts/afifo_64i_16o_128/modelsim/file_info.txt
 create mode 100644 ddr3_ov5640_an430_lcd.ip_user_files/sim_scripts/afifo_64i_16o_128/modelsim/glbl.v
 create mode 100644 ddr3_ov5640_an430_lcd.ip_user_files/sim_scripts/afifo_64i_16o_128/modelsim/simulate.do
 create mode 100644 ddr3_ov5640_an430_lcd.ip_user_files/sim_scripts/afifo_64i_16o_128/modelsim/wave.do
 create mode 100644 ddr3_ov5640_an430_lcd.ip_user_files/sim_scripts/afifo_64i_16o_128/questa/README.txt
 create mode 100644 ddr3_ov5640_an430_lcd.ip_user_files/sim_scripts/afifo_64i_16o_128/questa/afifo_64i_16o_128.sh
 create mode 100644 ddr3_ov5640_an430_lcd.ip_user_files/sim_scripts/afifo_64i_16o_128/questa/afifo_64i_16o_128.udo
 create mode 100644 ddr3_ov5640_an430_lcd.ip_user_files/sim_scripts/afifo_64i_16o_128/questa/compile.do
 create mode 100644 ddr3_ov5640_an430_lcd.ip_user_files/sim_scripts/afifo_64i_16o_128/questa/elaborate.do
 create mode 100644 ddr3_ov5640_an430_lcd.ip_user_files/sim_scripts/afifo_64i_16o_128/questa/file_info.txt
 create mode 100644 ddr3_ov5640_an430_lcd.ip_user_files/sim_scripts/afifo_64i_16o_128/questa/glbl.v
 create mode 100644 ddr3_ov5640_an430_lcd.ip_user_files/sim_scripts/afifo_64i_16o_128/questa/simulate.do
 create mode 100644 ddr3_ov5640_an430_lcd.ip_user_files/sim_scripts/afifo_64i_16o_128/questa/wave.do
 create mode 100644 ddr3_ov5640_an430_lcd.ip_user_files/sim_scripts/afifo_64i_16o_128/riviera/README.txt
 create mode 100644 ddr3_ov5640_an430_lcd.ip_user_files/sim_scripts/afifo_64i_16o_128/riviera/afifo_64i_16o_128.sh
 create mode 100644 ddr3_ov5640_an430_lcd.ip_user_files/sim_scripts/afifo_64i_16o_128/riviera/afifo_64i_16o_128.udo
 create mode 100644 ddr3_ov5640_an430_lcd.ip_user_files/sim_scripts/afifo_64i_16o_128/riviera/compile.do
 create mode 100644 ddr3_ov5640_an430_lcd.ip_user_files/sim_scripts/afifo_64i_16o_128/riviera/file_info.txt
 create mode 100644 ddr3_ov5640_an430_lcd.ip_user_files/sim_scripts/afifo_64i_16o_128/riviera/glbl.v
 create mode 100644 ddr3_ov5640_an430_lcd.ip_user_files/sim_scripts/afifo_64i_16o_128/riviera/simulate.do
 create mode 100644 ddr3_ov5640_an430_lcd.ip_user_files/sim_scripts/afifo_64i_16o_128/riviera/wave.do
 create mode 100644 ddr3_ov5640_an430_lcd.ip_user_files/sim_scripts/afifo_64i_16o_128/vcs/README.txt
 create mode 100644 ddr3_ov5640_an430_lcd.ip_user_files/sim_scripts/afifo_64i_16o_128/vcs/afifo_64i_16o_128.sh
 create mode 100644 ddr3_ov5640_an430_lcd.ip_user_files/sim_scripts/afifo_64i_16o_128/vcs/file_info.txt
 create mode 100644 ddr3_ov5640_an430_lcd.ip_user_files/sim_scripts/afifo_64i_16o_128/vcs/glbl.v
 create mode 100644 ddr3_ov5640_an430_lcd.ip_user_files/sim_scripts/afifo_64i_16o_128/vcs/simulate.do
 create mode 100644 ddr3_ov5640_an430_lcd.ip_user_files/sim_scripts/afifo_64i_16o_128/xcelium/README.txt
 create mode 100644 ddr3_ov5640_an430_lcd.ip_user_files/sim_scripts/afifo_64i_16o_128/xcelium/afifo_64i_16o_128.sh
 create mode 100644 ddr3_ov5640_an430_lcd.ip_user_files/sim_scripts/afifo_64i_16o_128/xcelium/file_info.txt
 create mode 100644 ddr3_ov5640_an430_lcd.ip_user_files/sim_scripts/afifo_64i_16o_128/xcelium/glbl.v
 create mode 100644 ddr3_ov5640_an430_lcd.ip_user_files/sim_scripts/afifo_64i_16o_128/xcelium/run.f
 create mode 100644 ddr3_ov5640_an430_lcd.ip_user_files/sim_scripts/afifo_64i_16o_128/xsim/README.txt
 create mode 100644 ddr3_ov5640_an430_lcd.ip_user_files/sim_scripts/afifo_64i_16o_128/xsim/afifo_64i_16o_128.sh
 create mode 100644 ddr3_ov5640_an430_lcd.ip_user_files/sim_scripts/afifo_64i_16o_128/xsim/cmd.tcl
 create mode 100644 ddr3_ov5640_an430_lcd.ip_user_files/sim_scripts/afifo_64i_16o_128/xsim/elab.opt
 create mode 100644 ddr3_ov5640_an430_lcd.ip_user_files/sim_scripts/afifo_64i_16o_128/xsim/file_info.txt
 create mode 100644 ddr3_ov5640_an430_lcd.ip_user_files/sim_scripts/afifo_64i_16o_128/xsim/glbl.v
 create mode 100644 ddr3_ov5640_an430_lcd.ip_user_files/sim_scripts/afifo_64i_16o_128/xsim/vhdl.prj
 create mode 100644 ddr3_ov5640_an430_lcd.ip_user_files/sim_scripts/afifo_64i_16o_128/xsim/vlog.prj
 create mode 100644 ddr3_ov5640_an430_lcd.ip_user_files/sim_scripts/afifo_64i_16o_128/xsim/xsim.ini
 create mode 100644 ddr3_ov5640_an430_lcd.ip_user_files/sim_scripts/cordic_0/README.txt
 create mode 100644 ddr3_ov5640_an430_lcd.ip_user_files/sim_scripts/cordic_0/activehdl/README.txt
 create mode 100644 ddr3_ov5640_an430_lcd.ip_user_files/sim_scripts/cordic_0/activehdl/compile.do
 create mode 100644 ddr3_ov5640_an430_lcd.ip_user_files/sim_scripts/cordic_0/activehdl/cordic_0.sh
 create mode 100644 ddr3_ov5640_an430_lcd.ip_user_files/sim_scripts/cordic_0/activehdl/cordic_0.udo
 create mode 100644 ddr3_ov5640_an430_lcd.ip_user_files/sim_scripts/cordic_0/activehdl/file_info.txt
 create mode 100644 ddr3_ov5640_an430_lcd.ip_user_files/sim_scripts/cordic_0/activehdl/glbl.v
 create mode 100644 ddr3_ov5640_an430_lcd.ip_user_files/sim_scripts/cordic_0/activehdl/simulate.do
 create mode 100644 ddr3_ov5640_an430_lcd.ip_user_files/sim_scripts/cordic_0/activehdl/wave.do
 create mode 100644 ddr3_ov5640_an430_lcd.ip_user_files/sim_scripts/cordic_0/ies/README.txt
 create mode 100644 ddr3_ov5640_an430_lcd.ip_user_files/sim_scripts/cordic_0/ies/cordic_0.sh
 create mode 100644 ddr3_ov5640_an430_lcd.ip_user_files/sim_scripts/cordic_0/ies/file_info.txt
 create mode 100644 ddr3_ov5640_an430_lcd.ip_user_files/sim_scripts/cordic_0/ies/glbl.v
 create mode 100644 ddr3_ov5640_an430_lcd.ip_user_files/sim_scripts/cordic_0/ies/run.f
 create mode 100644 ddr3_ov5640_an430_lcd.ip_user_files/sim_scripts/cordic_0/modelsim/README.txt
 create mode 100644 ddr3_ov5640_an430_lcd.ip_user_files/sim_scripts/cordic_0/modelsim/compile.do
 create mode 100644 ddr3_ov5640_an430_lcd.ip_user_files/sim_scripts/cordic_0/modelsim/cordic_0.sh
 create mode 100644 ddr3_ov5640_an430_lcd.ip_user_files/sim_scripts/cordic_0/modelsim/cordic_0.udo
 create mode 100644 ddr3_ov5640_an430_lcd.ip_user_files/sim_scripts/cordic_0/modelsim/file_info.txt
 create mode 100644 ddr3_ov5640_an430_lcd.ip_user_files/sim_scripts/cordic_0/modelsim/glbl.v
 create mode 100644 ddr3_ov5640_an430_lcd.ip_user_files/sim_scripts/cordic_0/modelsim/simulate.do
 create mode 100644 ddr3_ov5640_an430_lcd.ip_user_files/sim_scripts/cordic_0/modelsim/wave.do
 create mode 100644 ddr3_ov5640_an430_lcd.ip_user_files/sim_scripts/cordic_0/questa/README.txt
 create mode 100644 ddr3_ov5640_an430_lcd.ip_user_files/sim_scripts/cordic_0/questa/compile.do
 create mode 100644 ddr3_ov5640_an430_lcd.ip_user_files/sim_scripts/cordic_0/questa/cordic_0.sh
 create mode 100644 ddr3_ov5640_an430_lcd.ip_user_files/sim_scripts/cordic_0/questa/cordic_0.udo
 create mode 100644 ddr3_ov5640_an430_lcd.ip_user_files/sim_scripts/cordic_0/questa/elaborate.do
 create mode 100644 ddr3_ov5640_an430_lcd.ip_user_files/sim_scripts/cordic_0/questa/file_info.txt
 create mode 100644 ddr3_ov5640_an430_lcd.ip_user_files/sim_scripts/cordic_0/questa/glbl.v
 create mode 100644 ddr3_ov5640_an430_lcd.ip_user_files/sim_scripts/cordic_0/questa/simulate.do
 create mode 100644 ddr3_ov5640_an430_lcd.ip_user_files/sim_scripts/cordic_0/questa/wave.do
 create mode 100644 ddr3_ov5640_an430_lcd.ip_user_files/sim_scripts/cordic_0/riviera/README.txt
 create mode 100644 ddr3_ov5640_an430_lcd.ip_user_files/sim_scripts/cordic_0/riviera/compile.do
 create mode 100644 ddr3_ov5640_an430_lcd.ip_user_files/sim_scripts/cordic_0/riviera/cordic_0.sh
 create mode 100644 ddr3_ov5640_an430_lcd.ip_user_files/sim_scripts/cordic_0/riviera/cordic_0.udo
 create mode 100644 ddr3_ov5640_an430_lcd.ip_user_files/sim_scripts/cordic_0/riviera/file_info.txt
 create mode 100644 ddr3_ov5640_an430_lcd.ip_user_files/sim_scripts/cordic_0/riviera/glbl.v
 create mode 100644 ddr3_ov5640_an430_lcd.ip_user_files/sim_scripts/cordic_0/riviera/simulate.do
 create mode 100644 ddr3_ov5640_an430_lcd.ip_user_files/sim_scripts/cordic_0/riviera/wave.do
 create mode 100644 ddr3_ov5640_an430_lcd.ip_user_files/sim_scripts/cordic_0/vcs/README.txt
 create mode 100644 ddr3_ov5640_an430_lcd.ip_user_files/sim_scripts/cordic_0/vcs/cordic_0.sh
 create mode 100644 ddr3_ov5640_an430_lcd.ip_user_files/sim_scripts/cordic_0/vcs/file_info.txt
 create mode 100644 ddr3_ov5640_an430_lcd.ip_user_files/sim_scripts/cordic_0/vcs/glbl.v
 create mode 100644 ddr3_ov5640_an430_lcd.ip_user_files/sim_scripts/cordic_0/vcs/simulate.do
 create mode 100644 ddr3_ov5640_an430_lcd.ip_user_files/sim_scripts/cordic_0/xcelium/README.txt
 create mode 100644 ddr3_ov5640_an430_lcd.ip_user_files/sim_scripts/cordic_0/xcelium/cordic_0.sh
 create mode 100644 ddr3_ov5640_an430_lcd.ip_user_files/sim_scripts/cordic_0/xcelium/file_info.txt
 create mode 100644 ddr3_ov5640_an430_lcd.ip_user_files/sim_scripts/cordic_0/xcelium/glbl.v
 create mode 100644 ddr3_ov5640_an430_lcd.ip_user_files/sim_scripts/cordic_0/xcelium/run.f
 create mode 100644 ddr3_ov5640_an430_lcd.ip_user_files/sim_scripts/cordic_0/xsim/README.txt
 create mode 100644 ddr3_ov5640_an430_lcd.ip_user_files/sim_scripts/cordic_0/xsim/cmd.tcl
 create mode 100644 ddr3_ov5640_an430_lcd.ip_user_files/sim_scripts/cordic_0/xsim/cordic_0.sh
 create mode 100644 ddr3_ov5640_an430_lcd.ip_user_files/sim_scripts/cordic_0/xsim/elab.opt
 create mode 100644 ddr3_ov5640_an430_lcd.ip_user_files/sim_scripts/cordic_0/xsim/file_info.txt
 create mode 100644 ddr3_ov5640_an430_lcd.ip_user_files/sim_scripts/cordic_0/xsim/glbl.v
 create mode 100644 ddr3_ov5640_an430_lcd.ip_user_files/sim_scripts/cordic_0/xsim/vhdl.prj
 create mode 100644 ddr3_ov5640_an430_lcd.ip_user_files/sim_scripts/cordic_0/xsim/vlog.prj
 create mode 100644 ddr3_ov5640_an430_lcd.ip_user_files/sim_scripts/cordic_0/xsim/xsim.ini
 create mode 100644 ddr3_ov5640_an430_lcd.ip_user_files/sim_scripts/ddr3/activehdl/README.txt
 create mode 100644 ddr3_ov5640_an430_lcd.ip_user_files/sim_scripts/ddr3/activehdl/compile.do
 create mode 100644 ddr3_ov5640_an430_lcd.ip_user_files/sim_scripts/ddr3/activehdl/ddr3.sh
 create mode 100644 ddr3_ov5640_an430_lcd.ip_user_files/sim_scripts/ddr3/activehdl/ddr3.udo
 create mode 100644 ddr3_ov5640_an430_lcd.ip_user_files/sim_scripts/ddr3/activehdl/file_info.txt
 create mode 100644 ddr3_ov5640_an430_lcd.ip_user_files/sim_scripts/ddr3/activehdl/glbl.v
 create mode 100644 ddr3_ov5640_an430_lcd.ip_user_files/sim_scripts/ddr3/activehdl/mig_a.prj
 create mode 100644 ddr3_ov5640_an430_lcd.ip_user_files/sim_scripts/ddr3/activehdl/simulate.do
 create mode 100644 ddr3_ov5640_an430_lcd.ip_user_files/sim_scripts/ddr3/activehdl/wave.do
 create mode 100644 ddr3_ov5640_an430_lcd.ip_user_files/sim_scripts/ddr3/ddr3.dcp
 create mode 100644 ddr3_ov5640_an430_lcd.ip_user_files/sim_scripts/ddr3/ddr3.veo
 create mode 100644 ddr3_ov5640_an430_lcd.ip_user_files/sim_scripts/ddr3/ddr3.xci
 create mode 100644 ddr3_ov5640_an430_lcd.ip_user_files/sim_scripts/ddr3/ddr3.xml
 create mode 100644 ddr3_ov5640_an430_lcd.ip_user_files/sim_scripts/ddr3/ddr3_sim_netlist.v
 create mode 100644 ddr3_ov5640_an430_lcd.ip_user_files/sim_scripts/ddr3/ddr3_sim_netlist.vhdl
 create mode 100644 ddr3_ov5640_an430_lcd.ip_user_files/sim_scripts/ddr3/ddr3_stub.v
 create mode 100644 ddr3_ov5640_an430_lcd.ip_user_files/sim_scripts/ddr3/ddr3_stub.vhdl
 create mode 100644 ddr3_ov5640_an430_lcd.ip_user_files/sim_scripts/ddr3/ddr3_xmdf.tcl
 create mode 100644 ddr3_ov5640_an430_lcd.ip_user_files/sim_scripts/ddr3/ies/README.txt
 create mode 100644 ddr3_ov5640_an430_lcd.ip_user_files/sim_scripts/ddr3/ies/ddr3.sh
 create mode 100644 ddr3_ov5640_an430_lcd.ip_user_files/sim_scripts/ddr3/ies/file_info.txt
 create mode 100644 ddr3_ov5640_an430_lcd.ip_user_files/sim_scripts/ddr3/ies/glbl.v
 create mode 100644 ddr3_ov5640_an430_lcd.ip_user_files/sim_scripts/ddr3/ies/mig_a.prj
 create mode 100644 ddr3_ov5640_an430_lcd.ip_user_files/sim_scripts/ddr3/ies/run.f
 create mode 100644 ddr3_ov5640_an430_lcd.ip_user_files/sim_scripts/ddr3/mig_a.prj
 create mode 100644 ddr3_ov5640_an430_lcd.ip_user_files/sim_scripts/ddr3/mig_b.prj
 create mode 100644 ddr3_ov5640_an430_lcd.ip_user_files/sim_scripts/ddr3/modelsim/README.txt
 create mode 100644 ddr3_ov5640_an430_lcd.ip_user_files/sim_scripts/ddr3/modelsim/compile.do
 create mode 100644 ddr3_ov5640_an430_lcd.ip_user_files/sim_scripts/ddr3/modelsim/ddr3.sh
 create mode 100644 ddr3_ov5640_an430_lcd.ip_user_files/sim_scripts/ddr3/modelsim/ddr3.udo
 create mode 100644 ddr3_ov5640_an430_lcd.ip_user_files/sim_scripts/ddr3/modelsim/file_info.txt
 create mode 100644 ddr3_ov5640_an430_lcd.ip_user_files/sim_scripts/ddr3/modelsim/glbl.v
 create mode 100644 ddr3_ov5640_an430_lcd.ip_user_files/sim_scripts/ddr3/modelsim/mig_a.prj
 create mode 100644 ddr3_ov5640_an430_lcd.ip_user_files/sim_scripts/ddr3/modelsim/simulate.do
 create mode 100644 ddr3_ov5640_an430_lcd.ip_user_files/sim_scripts/ddr3/modelsim/wave.do
 create mode 100644 ddr3_ov5640_an430_lcd.ip_user_files/sim_scripts/ddr3/questa/README.txt
 create mode 100644 ddr3_ov5640_an430_lcd.ip_user_files/sim_scripts/ddr3/questa/compile.do
 create mode 100644 ddr3_ov5640_an430_lcd.ip_user_files/sim_scripts/ddr3/questa/ddr3.sh
 create mode 100644 ddr3_ov5640_an430_lcd.ip_user_files/sim_scripts/ddr3/questa/ddr3.udo
 create mode 100644 ddr3_ov5640_an430_lcd.ip_user_files/sim_scripts/ddr3/questa/elaborate.do
 create mode 100644 ddr3_ov5640_an430_lcd.ip_user_files/sim_scripts/ddr3/questa/file_info.txt
 create mode 100644 ddr3_ov5640_an430_lcd.ip_user_files/sim_scripts/ddr3/questa/glbl.v
 create mode 100644 ddr3_ov5640_an430_lcd.ip_user_files/sim_scripts/ddr3/questa/mig_a.prj
 create mode 100644 ddr3_ov5640_an430_lcd.ip_user_files/sim_scripts/ddr3/questa/simulate.do
 create mode 100644 ddr3_ov5640_an430_lcd.ip_user_files/sim_scripts/ddr3/questa/wave.do
 create mode 100644 ddr3_ov5640_an430_lcd.ip_user_files/sim_scripts/ddr3/riviera/README.txt
 create mode 100644 ddr3_ov5640_an430_lcd.ip_user_files/sim_scripts/ddr3/riviera/compile.do
 create mode 100644 ddr3_ov5640_an430_lcd.ip_user_files/sim_scripts/ddr3/riviera/ddr3.sh
 create mode 100644 ddr3_ov5640_an430_lcd.ip_user_files/sim_scripts/ddr3/riviera/ddr3.udo
 create mode 100644 ddr3_ov5640_an430_lcd.ip_user_files/sim_scripts/ddr3/riviera/file_info.txt
 create mode 100644 ddr3_ov5640_an430_lcd.ip_user_files/sim_scripts/ddr3/riviera/glbl.v
 create mode 100644 ddr3_ov5640_an430_lcd.ip_user_files/sim_scripts/ddr3/riviera/mig_a.prj
 create mode 100644 ddr3_ov5640_an430_lcd.ip_user_files/sim_scripts/ddr3/riviera/simulate.do
 create mode 100644 ddr3_ov5640_an430_lcd.ip_user_files/sim_scripts/ddr3/riviera/wave.do
 create mode 100644 ddr3_ov5640_an430_lcd.ip_user_files/sim_scripts/ddr3/tcl.log
 create mode 100644 ddr3_ov5640_an430_lcd.ip_user_files/sim_scripts/ddr3/vcs/README.txt
 create mode 100644 ddr3_ov5640_an430_lcd.ip_user_files/sim_scripts/ddr3/vcs/ddr3.sh
 create mode 100644 ddr3_ov5640_an430_lcd.ip_user_files/sim_scripts/ddr3/vcs/file_info.txt
 create mode 100644 ddr3_ov5640_an430_lcd.ip_user_files/sim_scripts/ddr3/vcs/glbl.v
 create mode 100644 ddr3_ov5640_an430_lcd.ip_user_files/sim_scripts/ddr3/vcs/mig_a.prj
 create mode 100644 ddr3_ov5640_an430_lcd.ip_user_files/sim_scripts/ddr3/vcs/simulate.do
 create mode 100644 ddr3_ov5640_an430_lcd.ip_user_files/sim_scripts/ddr3/xil_txt.in
 create mode 100644 ddr3_ov5640_an430_lcd.ip_user_files/sim_scripts/ddr3/xil_txt.out
 create mode 100644 ddr3_ov5640_an430_lcd.ip_user_files/sim_scripts/ddr3/xil_upgrade.in
 create mode 100644 ddr3_ov5640_an430_lcd.ip_user_files/sim_scripts/ddr3/xil_upgrade.out
 create mode 100644 ddr3_ov5640_an430_lcd.ip_user_files/sim_scripts/ddr3/xsim/README.txt
 create mode 100644 ddr3_ov5640_an430_lcd.ip_user_files/sim_scripts/ddr3/xsim/cmd.tcl
 create mode 100644 ddr3_ov5640_an430_lcd.ip_user_files/sim_scripts/ddr3/xsim/ddr3.sh
 create mode 100644 ddr3_ov5640_an430_lcd.ip_user_files/sim_scripts/ddr3/xsim/elab.opt
 create mode 100644 ddr3_ov5640_an430_lcd.ip_user_files/sim_scripts/ddr3/xsim/file_info.txt
 create mode 100644 ddr3_ov5640_an430_lcd.ip_user_files/sim_scripts/ddr3/xsim/glbl.v
 create mode 100644 ddr3_ov5640_an430_lcd.ip_user_files/sim_scripts/ddr3/xsim/mig_a.prj
 create mode 100644 ddr3_ov5640_an430_lcd.ip_user_files/sim_scripts/ddr3/xsim/vlog.prj
 create mode 100644 ddr3_ov5640_an430_lcd.ip_user_files/sim_scripts/ddr3/xsim/xsim.ini
 create mode 100644 ddr3_ov5640_an430_lcd.ip_user_files/sim_scripts/fft_ls/README.txt
 create mode 100644 ddr3_ov5640_an430_lcd.ip_user_files/sim_scripts/fft_ls/activehdl/README.txt
 create mode 100644 ddr3_ov5640_an430_lcd.ip_user_files/sim_scripts/fft_ls/activehdl/compile.do
 create mode 100644 ddr3_ov5640_an430_lcd.ip_user_files/sim_scripts/fft_ls/activehdl/fft_ls.sh
 create mode 100644 ddr3_ov5640_an430_lcd.ip_user_files/sim_scripts/fft_ls/activehdl/fft_ls.udo
 create mode 100644 ddr3_ov5640_an430_lcd.ip_user_files/sim_scripts/fft_ls/activehdl/file_info.txt
 create mode 100644 ddr3_ov5640_an430_lcd.ip_user_files/sim_scripts/fft_ls/activehdl/glbl.v
 create mode 100644 ddr3_ov5640_an430_lcd.ip_user_files/sim_scripts/fft_ls/activehdl/simulate.do
 create mode 100644 ddr3_ov5640_an430_lcd.ip_user_files/sim_scripts/fft_ls/activehdl/wave.do
 create mode 100644 ddr3_ov5640_an430_lcd.ip_user_files/sim_scripts/fft_ls/ies/README.txt
 create mode 100644 ddr3_ov5640_an430_lcd.ip_user_files/sim_scripts/fft_ls/ies/fft_ls.sh
 create mode 100644 ddr3_ov5640_an430_lcd.ip_user_files/sim_scripts/fft_ls/ies/file_info.txt
 create mode 100644 ddr3_ov5640_an430_lcd.ip_user_files/sim_scripts/fft_ls/ies/glbl.v
 create mode 100644 ddr3_ov5640_an430_lcd.ip_user_files/sim_scripts/fft_ls/ies/run.f
 create mode 100644 ddr3_ov5640_an430_lcd.ip_user_files/sim_scripts/fft_ls/modelsim/README.txt
 create mode 100644 ddr3_ov5640_an430_lcd.ip_user_files/sim_scripts/fft_ls/modelsim/compile.do
 create mode 100644 ddr3_ov5640_an430_lcd.ip_user_files/sim_scripts/fft_ls/modelsim/fft_ls.sh
 create mode 100644 ddr3_ov5640_an430_lcd.ip_user_files/sim_scripts/fft_ls/modelsim/fft_ls.udo
 create mode 100644 ddr3_ov5640_an430_lcd.ip_user_files/sim_scripts/fft_ls/modelsim/file_info.txt
 create mode 100644 ddr3_ov5640_an430_lcd.ip_user_files/sim_scripts/fft_ls/modelsim/glbl.v
 create mode 100644 ddr3_ov5640_an430_lcd.ip_user_files/sim_scripts/fft_ls/modelsim/simulate.do
 create mode 100644 ddr3_ov5640_an430_lcd.ip_user_files/sim_scripts/fft_ls/modelsim/wave.do
 create mode 100644 ddr3_ov5640_an430_lcd.ip_user_files/sim_scripts/fft_ls/questa/README.txt
 create mode 100644 ddr3_ov5640_an430_lcd.ip_user_files/sim_scripts/fft_ls/questa/compile.do
 create mode 100644 ddr3_ov5640_an430_lcd.ip_user_files/sim_scripts/fft_ls/questa/elaborate.do
 create mode 100644 ddr3_ov5640_an430_lcd.ip_user_files/sim_scripts/fft_ls/questa/fft_ls.sh
 create mode 100644 ddr3_ov5640_an430_lcd.ip_user_files/sim_scripts/fft_ls/questa/fft_ls.udo
 create mode 100644 ddr3_ov5640_an430_lcd.ip_user_files/sim_scripts/fft_ls/questa/file_info.txt
 create mode 100644 ddr3_ov5640_an430_lcd.ip_user_files/sim_scripts/fft_ls/questa/glbl.v
 create mode 100644 ddr3_ov5640_an430_lcd.ip_user_files/sim_scripts/fft_ls/questa/simulate.do
 create mode 100644 ddr3_ov5640_an430_lcd.ip_user_files/sim_scripts/fft_ls/questa/wave.do
 create mode 100644 ddr3_ov5640_an430_lcd.ip_user_files/sim_scripts/fft_ls/riviera/README.txt
 create mode 100644 ddr3_ov5640_an430_lcd.ip_user_files/sim_scripts/fft_ls/riviera/compile.do
 create mode 100644 ddr3_ov5640_an430_lcd.ip_user_files/sim_scripts/fft_ls/riviera/fft_ls.sh
 create mode 100644 ddr3_ov5640_an430_lcd.ip_user_files/sim_scripts/fft_ls/riviera/fft_ls.udo
 create mode 100644 ddr3_ov5640_an430_lcd.ip_user_files/sim_scripts/fft_ls/riviera/file_info.txt
 create mode 100644 ddr3_ov5640_an430_lcd.ip_user_files/sim_scripts/fft_ls/riviera/glbl.v
 create mode 100644 ddr3_ov5640_an430_lcd.ip_user_files/sim_scripts/fft_ls/riviera/simulate.do
 create mode 100644 ddr3_ov5640_an430_lcd.ip_user_files/sim_scripts/fft_ls/riviera/wave.do
 create mode 100644 ddr3_ov5640_an430_lcd.ip_user_files/sim_scripts/fft_ls/vcs/README.txt
 create mode 100644 ddr3_ov5640_an430_lcd.ip_user_files/sim_scripts/fft_ls/vcs/fft_ls.sh
 create mode 100644 ddr3_ov5640_an430_lcd.ip_user_files/sim_scripts/fft_ls/vcs/file_info.txt
 create mode 100644 ddr3_ov5640_an430_lcd.ip_user_files/sim_scripts/fft_ls/vcs/glbl.v
 create mode 100644 ddr3_ov5640_an430_lcd.ip_user_files/sim_scripts/fft_ls/vcs/simulate.do
 create mode 100644 ddr3_ov5640_an430_lcd.ip_user_files/sim_scripts/fft_ls/xcelium/README.txt
 create mode 100644 ddr3_ov5640_an430_lcd.ip_user_files/sim_scripts/fft_ls/xcelium/fft_ls.sh
 create mode 100644 ddr3_ov5640_an430_lcd.ip_user_files/sim_scripts/fft_ls/xcelium/file_info.txt
 create mode 100644 ddr3_ov5640_an430_lcd.ip_user_files/sim_scripts/fft_ls/xcelium/glbl.v
 create mode 100644 ddr3_ov5640_an430_lcd.ip_user_files/sim_scripts/fft_ls/xcelium/run.f
 create mode 100644 ddr3_ov5640_an430_lcd.ip_user_files/sim_scripts/fft_ls/xsim/README.txt
 create mode 100644 ddr3_ov5640_an430_lcd.ip_user_files/sim_scripts/fft_ls/xsim/cmd.tcl
 create mode 100644 ddr3_ov5640_an430_lcd.ip_user_files/sim_scripts/fft_ls/xsim/elab.opt
 create mode 100644 ddr3_ov5640_an430_lcd.ip_user_files/sim_scripts/fft_ls/xsim/fft_ls.sh
 create mode 100644 ddr3_ov5640_an430_lcd.ip_user_files/sim_scripts/fft_ls/xsim/file_info.txt
 create mode 100644 ddr3_ov5640_an430_lcd.ip_user_files/sim_scripts/fft_ls/xsim/glbl.v
 create mode 100644 ddr3_ov5640_an430_lcd.ip_user_files/sim_scripts/fft_ls/xsim/vhdl.prj
 create mode 100644 ddr3_ov5640_an430_lcd.ip_user_files/sim_scripts/fft_ls/xsim/vlog.prj
 create mode 100644 ddr3_ov5640_an430_lcd.ip_user_files/sim_scripts/fft_ls/xsim/xsim.ini
 create mode 100644 ddr3_ov5640_an430_lcd.ip_user_files/sim_scripts/my_cordic_1/README.txt
 create mode 100644 ddr3_ov5640_an430_lcd.ip_user_files/sim_scripts/my_cordic_1/activehdl/README.txt
 create mode 100644 ddr3_ov5640_an430_lcd.ip_user_files/sim_scripts/my_cordic_1/activehdl/compile.do
 create mode 100644 ddr3_ov5640_an430_lcd.ip_user_files/sim_scripts/my_cordic_1/activehdl/file_info.txt
 create mode 100644 ddr3_ov5640_an430_lcd.ip_user_files/sim_scripts/my_cordic_1/activehdl/glbl.v
 create mode 100644 ddr3_ov5640_an430_lcd.ip_user_files/sim_scripts/my_cordic_1/activehdl/my_cordic_1.sh
 create mode 100644 ddr3_ov5640_an430_lcd.ip_user_files/sim_scripts/my_cordic_1/activehdl/my_cordic_1.udo
 create mode 100644 ddr3_ov5640_an430_lcd.ip_user_files/sim_scripts/my_cordic_1/activehdl/simulate.do
 create mode 100644 ddr3_ov5640_an430_lcd.ip_user_files/sim_scripts/my_cordic_1/activehdl/wave.do
 create mode 100644 ddr3_ov5640_an430_lcd.ip_user_files/sim_scripts/my_cordic_1/ies/README.txt
 create mode 100644 ddr3_ov5640_an430_lcd.ip_user_files/sim_scripts/my_cordic_1/ies/file_info.txt
 create mode 100644 ddr3_ov5640_an430_lcd.ip_user_files/sim_scripts/my_cordic_1/ies/glbl.v
 create mode 100644 ddr3_ov5640_an430_lcd.ip_user_files/sim_scripts/my_cordic_1/ies/my_cordic_1.sh
 create mode 100644 ddr3_ov5640_an430_lcd.ip_user_files/sim_scripts/my_cordic_1/ies/run.f
 create mode 100644 ddr3_ov5640_an430_lcd.ip_user_files/sim_scripts/my_cordic_1/modelsim/README.txt
 create mode 100644 ddr3_ov5640_an430_lcd.ip_user_files/sim_scripts/my_cordic_1/modelsim/compile.do
 create mode 100644 ddr3_ov5640_an430_lcd.ip_user_files/sim_scripts/my_cordic_1/modelsim/file_info.txt
 create mode 100644 ddr3_ov5640_an430_lcd.ip_user_files/sim_scripts/my_cordic_1/modelsim/glbl.v
 create mode 100644 ddr3_ov5640_an430_lcd.ip_user_files/sim_scripts/my_cordic_1/modelsim/my_cordic_1.sh
 create mode 100644 ddr3_ov5640_an430_lcd.ip_user_files/sim_scripts/my_cordic_1/modelsim/my_cordic_1.udo
 create mode 100644 ddr3_ov5640_an430_lcd.ip_user_files/sim_scripts/my_cordic_1/modelsim/simulate.do
 create mode 100644 ddr3_ov5640_an430_lcd.ip_user_files/sim_scripts/my_cordic_1/modelsim/wave.do
 create mode 100644 ddr3_ov5640_an430_lcd.ip_user_files/sim_scripts/my_cordic_1/questa/README.txt
 create mode 100644 ddr3_ov5640_an430_lcd.ip_user_files/sim_scripts/my_cordic_1/questa/compile.do
 create mode 100644 ddr3_ov5640_an430_lcd.ip_user_files/sim_scripts/my_cordic_1/questa/elaborate.do
 create mode 100644 ddr3_ov5640_an430_lcd.ip_user_files/sim_scripts/my_cordic_1/questa/file_info.txt
 create mode 100644 ddr3_ov5640_an430_lcd.ip_user_files/sim_scripts/my_cordic_1/questa/glbl.v
 create mode 100644 ddr3_ov5640_an430_lcd.ip_user_files/sim_scripts/my_cordic_1/questa/my_cordic_1.sh
 create mode 100644 ddr3_ov5640_an430_lcd.ip_user_files/sim_scripts/my_cordic_1/questa/my_cordic_1.udo
 create mode 100644 ddr3_ov5640_an430_lcd.ip_user_files/sim_scripts/my_cordic_1/questa/simulate.do
 create mode 100644 ddr3_ov5640_an430_lcd.ip_user_files/sim_scripts/my_cordic_1/questa/wave.do
 create mode 100644 ddr3_ov5640_an430_lcd.ip_user_files/sim_scripts/my_cordic_1/riviera/README.txt
 create mode 100644 ddr3_ov5640_an430_lcd.ip_user_files/sim_scripts/my_cordic_1/riviera/compile.do
 create mode 100644 ddr3_ov5640_an430_lcd.ip_user_files/sim_scripts/my_cordic_1/riviera/file_info.txt
 create mode 100644 ddr3_ov5640_an430_lcd.ip_user_files/sim_scripts/my_cordic_1/riviera/glbl.v
 create mode 100644 ddr3_ov5640_an430_lcd.ip_user_files/sim_scripts/my_cordic_1/riviera/my_cordic_1.sh
 create mode 100644 ddr3_ov5640_an430_lcd.ip_user_files/sim_scripts/my_cordic_1/riviera/my_cordic_1.udo
 create mode 100644 ddr3_ov5640_an430_lcd.ip_user_files/sim_scripts/my_cordic_1/riviera/simulate.do
 create mode 100644 ddr3_ov5640_an430_lcd.ip_user_files/sim_scripts/my_cordic_1/riviera/wave.do
 create mode 100644 ddr3_ov5640_an430_lcd.ip_user_files/sim_scripts/my_cordic_1/vcs/README.txt
 create mode 100644 ddr3_ov5640_an430_lcd.ip_user_files/sim_scripts/my_cordic_1/vcs/file_info.txt
 create mode 100644 ddr3_ov5640_an430_lcd.ip_user_files/sim_scripts/my_cordic_1/vcs/glbl.v
 create mode 100644 ddr3_ov5640_an430_lcd.ip_user_files/sim_scripts/my_cordic_1/vcs/my_cordic_1.sh
 create mode 100644 ddr3_ov5640_an430_lcd.ip_user_files/sim_scripts/my_cordic_1/vcs/simulate.do
 create mode 100644 ddr3_ov5640_an430_lcd.ip_user_files/sim_scripts/my_cordic_1/xcelium/README.txt
 create mode 100644 ddr3_ov5640_an430_lcd.ip_user_files/sim_scripts/my_cordic_1/xcelium/file_info.txt
 create mode 100644 ddr3_ov5640_an430_lcd.ip_user_files/sim_scripts/my_cordic_1/xcelium/glbl.v
 create mode 100644 ddr3_ov5640_an430_lcd.ip_user_files/sim_scripts/my_cordic_1/xcelium/my_cordic_1.sh
 create mode 100644 ddr3_ov5640_an430_lcd.ip_user_files/sim_scripts/my_cordic_1/xcelium/run.f
 create mode 100644 ddr3_ov5640_an430_lcd.ip_user_files/sim_scripts/my_cordic_1/xsim/README.txt
 create mode 100644 ddr3_ov5640_an430_lcd.ip_user_files/sim_scripts/my_cordic_1/xsim/cmd.tcl
 create mode 100644 ddr3_ov5640_an430_lcd.ip_user_files/sim_scripts/my_cordic_1/xsim/elab.opt
 create mode 100644 ddr3_ov5640_an430_lcd.ip_user_files/sim_scripts/my_cordic_1/xsim/file_info.txt
 create mode 100644 ddr3_ov5640_an430_lcd.ip_user_files/sim_scripts/my_cordic_1/xsim/glbl.v
 create mode 100644 ddr3_ov5640_an430_lcd.ip_user_files/sim_scripts/my_cordic_1/xsim/my_cordic_1.sh
 create mode 100644 ddr3_ov5640_an430_lcd.ip_user_files/sim_scripts/my_cordic_1/xsim/vhdl.prj
 create mode 100644 ddr3_ov5640_an430_lcd.ip_user_files/sim_scripts/my_cordic_1/xsim/vlog.prj
 create mode 100644 ddr3_ov5640_an430_lcd.ip_user_files/sim_scripts/my_cordic_1/xsim/xsim.ini
 create mode 100644 impl_1/.Vivado_Implementation.queue.rst
 create mode 100644 impl_1/.init_design.begin.rst
 create mode 100644 impl_1/.init_design.end.rst
 create mode 100644 impl_1/.opt_design.begin.rst
 create mode 100644 impl_1/.opt_design.end.rst
 create mode 100644 impl_1/.place_design.begin.rst
 create mode 100644 impl_1/.place_design.end.rst
 create mode 100644 impl_1/.route_design.begin.rst
 create mode 100644 impl_1/.route_design.end.rst
 create mode 100644 impl_1/.vivado.begin.rst
 create mode 100644 impl_1/.vivado.end.rst
 create mode 100644 impl_1/.write_bitstream.begin.rst
 create mode 100644 impl_1/.write_bitstream.end.rst
 create mode 100644 impl_1/ISEWrap.js
 create mode 100644 impl_1/ISEWrap.sh
 create mode 100644 impl_1/gen_run.xml
 create mode 100644 impl_1/htr.txt
 create mode 100644 impl_1/init_design.pb
 create mode 100644 impl_1/opt_design.pb
 create mode 100644 impl_1/place_design.pb
 create mode 100644 impl_1/project.wdf
 create mode 100644 impl_1/route_design.pb
 create mode 100644 impl_1/rundef.js
 create mode 100644 impl_1/runme.bat
 create mode 100644 impl_1/runme.log
 create mode 100644 impl_1/runme.sh
 create mode 100644 impl_1/top.bit
 create mode 100644 impl_1/top.tcl
 create mode 100644 impl_1/top.vdi
 create mode 100644 impl_1/top_bus_skew_routed.pb
 create mode 100644 impl_1/top_bus_skew_routed.rpt
 create mode 100644 impl_1/top_bus_skew_routed.rpx
 create mode 100644 impl_1/top_clock_utilization_routed.rpt
 create mode 100644 impl_1/top_control_sets_placed.rpt
 create mode 100644 impl_1/top_drc_opted.pb
 create mode 100644 impl_1/top_drc_opted.rpt
 create mode 100644 impl_1/top_drc_opted.rpx
 create mode 100644 impl_1/top_drc_routed.pb
 create mode 100644 impl_1/top_drc_routed.rpt
 create mode 100644 impl_1/top_drc_routed.rpx
 create mode 100644 impl_1/top_io_placed.rpt
 create mode 100644 impl_1/top_methodology_drc_routed.pb
 create mode 100644 impl_1/top_methodology_drc_routed.rpt
 create mode 100644 impl_1/top_methodology_drc_routed.rpx
 create mode 100644 impl_1/top_opt.dcp
 create mode 100644 impl_1/top_placed.dcp
 create mode 100644 impl_1/top_power_routed.rpt
 create mode 100644 impl_1/top_power_routed.rpx
 create mode 100644 impl_1/top_power_summary_routed.pb
 create mode 100644 impl_1/top_route_status.pb
 create mode 100644 impl_1/top_route_status.rpt
 create mode 100644 impl_1/top_routed.dcp
 create mode 100644 impl_1/top_timing_summary_routed.pb
 create mode 100644 impl_1/top_timing_summary_routed.rpt
 create mode 100644 impl_1/top_timing_summary_routed.rpx
 create mode 100644 impl_1/top_utilization_placed.pb
 create mode 100644 impl_1/top_utilization_placed.rpt
 create mode 100644 impl_1/vivado.jou
 create mode 100644 impl_1/vivado.pb
 create mode 100644 impl_1/vivado_17676.backup.jou
 create mode 100644 impl_1/vivado_35236.backup.jou
 create mode 100644 impl_1/write_bitstream.pb
 create mode 100644 ip_upgrade.log
 create mode 100644 synth_1/.Vivado_Synthesis.queue.rst
 create mode 100644 synth_1/.Xil/top_propImpl.xdc
 create mode 100644 synth_1/.vivado.begin.rst
 create mode 100644 synth_1/.vivado.end.rst
 create mode 100644 synth_1/ISEWrap.js
 create mode 100644 synth_1/ISEWrap.sh
 create mode 100644 synth_1/__synthesis_is_complete__
 create mode 100644 synth_1/gen_run.xml
 create mode 100644 synth_1/htr.txt
 create mode 100644 synth_1/rundef.js
 create mode 100644 synth_1/runme.bat
 create mode 100644 synth_1/runme.log
 create mode 100644 synth_1/runme.sh
 create mode 100644 synth_1/top.dcp
 create mode 100644 synth_1/top.tcl
 create mode 100644 synth_1/top.vds
 create mode 100644 synth_1/top_utilization_synth.pb
 create mode 100644 synth_1/top_utilization_synth.rpt
 create mode 100644 synth_1/vivado.jou
 create mode 100644 synth_1/vivado.pb
 create mode 100644 vivado.jou
 create mode 100644 vivado.log
 create mode 100644 vivado_10992.backup.jou
 create mode 100644 vivado_10992.backup.log
 create mode 100644 vivado_13024.backup.jou
 create mode 100644 vivado_13024.backup.log
 create mode 100644 vivado_26276.backup.jou
 create mode 100644 vivado_26276.backup.log
 create mode 100644 vivado_45204.backup.jou
 create mode 100644 vivado_45204.backup.log
 create mode 100644 vivado_9164.backup.jou
 create mode 100644 vivado_9164.backup.log
 create mode 100644 vivado_pid26960.str
 create mode 100644 vivado_pid45204.str
git remote add origin git@github.com:bear-long/adc_ethernet.git
WARNING: [Common 17-259] Unknown Tcl command 'git remote add origin git@github.com:bear-long/adc_ethernet.git' sending command to the OS shell for execution. It is recommended to use 'exec' to send the command to the OS shell.
git branch
WARNING: [Common 17-259] Unknown Tcl command 'git branch' sending command to the OS shell for execution. It is recommended to use 'exec' to send the command to the OS shell.
* master
git push -u origin master
WARNING: [Common 17-259] Unknown Tcl command 'git push -u origin master' sending command to the OS shell for execution. It is recommended to use 'exec' to send the command to the OS shell.
ssh: connect to host github.com port 22: Connection timed out
fatal: Could not read from remote repository.

Please make sure you have the correct access rights
and the repository exists.
git remote add origin https://github.com/bear-long/adc_ethernet.git
WARNING: [Common 17-259] Unknown Tcl command 'git remote add origin https://github.com/bear-long/adc_ethernet.git' sending command to the OS shell for execution. It is recommended to use 'exec' to send the command to the OS shell.
error: remote origin already exists.
git push -u origin master
WARNING: [Common 17-259] Unknown Tcl command 'git push -u origin master' sending command to the OS shell for execution. It is recommended to use 'exec' to send the command to the OS shell.
ssh: connect to host github.com port 22: Connection timed out
fatal: Could not read from remote repository.

Please make sure you have the correct access rights
and the repository exists.
git remote set-url origin https://github.com/bear-long/adc_ethernet.git
WARNING: [Common 17-259] Unknown Tcl command 'git remote set-url origin https://github.com/bear-long/adc_ethernet.git' sending command to the OS shell for execution. It is recommended to use 'exec' to send the command to the OS shell.
git pull origin main
WARNING: [Common 17-259] Unknown Tcl command 'git pull origin main' sending command to the OS shell for execution. It is recommended to use 'exec' to send the command to the OS shell.
fatal: unable to access 'https://github.com/bear-long/adc_ethernet.git/': Failed to connect to github.com port 443 after 21027 ms: Couldn't connect to server
git push origin main
WARNING: [Common 17-259] Unknown Tcl command 'git push origin main' sending command to the OS shell for execution. It is recommended to use 'exec' to send the command to the OS shell.
error: src refspec main does not match any
error: failed to push some refs to 'https://github.com/bear-long/adc_ethernet.git'
git branch
WARNING: [Common 17-259] Unknown Tcl command 'git branch' sending command to the OS shell for execution. It is recommended to use 'exec' to send the command to the OS shell.
* master
git pull origin master
WARNING: [Common 17-259] Unknown Tcl command 'git pull origin master' sending command to the OS shell for execution. It is recommended to use 'exec' to send the command to the OS shell.
fatal: unable to access 'https://github.com/bear-long/adc_ethernet.git/': Failed to connect to github.com port 443 after 21055 ms: Couldn't connect to server
git push origin pull
WARNING: [Common 17-259] Unknown Tcl command 'git push origin pull' sending command to the OS shell for execution. It is recommended to use 'exec' to send the command to the OS shell.
error: src refspec pull does not match any
error: failed to push some refs to 'https://github.com/bear-long/adc_ethernet.git'
git push origin master
WARNING: [Common 17-259] Unknown Tcl command 'git push origin master' sending command to the OS shell for execution. It is recommended to use 'exec' to send the command to the OS shell.
fatal: unable to access 'https://github.com/bear-long/adc_ethernet.git/': Failed to connect to github.com port 443 after 21045 ms: Couldn't connect to server
