
*** Running vivado
    with args -log top.vds -m64 -product Vivado -mode batch -messageDb vivado.pb -notrace -source top.tcl


****** Vivado v2019.1 (64-bit)
  **** SW Build 2552052 on Fri May 24 14:49:42 MDT 2019
  **** IP Build 2548770 on Fri May 24 18:01:18 MDT 2019
    ** Copyright 1986-2019 Xilinx, Inc. All Rights Reserved.

source top.tcl -notrace
Command: synth_design -top top -part xc7a100tfgg484-2
Starting synth_design
Attempting to get a license for feature 'Synthesis' and/or device 'xc7a100t'
INFO: [Common 17-349] Got license for feature 'Synthesis' and/or device 'xc7a100t'
INFO: [Device 21-403] Loading part xc7a100tfgg484-2
INFO: Launching helper process for spawning children vivado processes
INFO: Helper process launched with PID 13132 
WARNING: [Synth 8-6901] identifier 'fifo_rdusedw' is used before its declaration [F:/AD/Artix7-7103/01_demo_document/ad9280_ethernet/adc_ethernet.srcs/sources_1/mac/mac_ctrl.v:143]
WARNING: [Synth 8-976] rgmii_rx_ctl_delay has already been declared [F:/AD/Artix7-7103/01_demo_document/ad9280_ethernet/adc_ethernet.srcs/sources_1/util_gmii_to_rgmii.v:74]
WARNING: [Synth 8-2654] second declaration of rgmii_rx_ctl_delay ignored [F:/AD/Artix7-7103/01_demo_document/ad9280_ethernet/adc_ethernet.srcs/sources_1/util_gmii_to_rgmii.v:74]
INFO: [Synth 8-994] rgmii_rx_ctl_delay is declared here [F:/AD/Artix7-7103/01_demo_document/ad9280_ethernet/adc_ethernet.srcs/sources_1/util_gmii_to_rgmii.v:50]
---------------------------------------------------------------------------------
Starting RTL Elaboration : Time (s): cpu = 00:00:01 ; elapsed = 00:00:02 . Memory (MB): peak = 779.648 ; gain = 185.930
---------------------------------------------------------------------------------
INFO: [Synth 8-6157] synthesizing module 'top' [F:/AD/Artix7-7103/01_demo_document/ad9280_ethernet/adc_ethernet.srcs/sources_1/top.v:30]
	Parameter MEM_DATA_BITS bound to: 64 - type: integer 
	Parameter ADDR_BITS bound to: 25 - type: integer 
	Parameter BUSRT_BITS bound to: 10 - type: integer 
INFO: [Synth 8-6157] synthesizing module 'IBUFGDS' [E:/xilinx_SDK/Vivado/2019.1/scripts/rt/data/unisim_comp.v:33335]
	Parameter CAPACITANCE bound to: DONT_CARE - type: string 
	Parameter DIFF_TERM bound to: FALSE - type: string 
	Parameter IBUF_DELAY_VALUE bound to: 0 - type: string 
	Parameter IBUF_LOW_PWR bound to: TRUE - type: string 
	Parameter IOSTANDARD bound to: DEFAULT - type: string 
INFO: [Synth 8-6155] done synthesizing module 'IBUFGDS' (1#1) [E:/xilinx_SDK/Vivado/2019.1/scripts/rt/data/unisim_comp.v:33335]
INFO: [Synth 8-6157] synthesizing module 'adc_pll' [F:/AD/Artix7-7103/01_demo_document/ad9280_ethernet/synth_1/.Xil/Vivado-19648-FranklinY9000P/realtime/adc_pll_stub.v:5]
INFO: [Synth 8-6155] done synthesizing module 'adc_pll' (2#1) [F:/AD/Artix7-7103/01_demo_document/ad9280_ethernet/synth_1/.Xil/Vivado-19648-FranklinY9000P/realtime/adc_pll_stub.v:5]
INFO: [Synth 8-6157] synthesizing module 'smi_config' [F:/AD/Artix7-7103/01_demo_document/ad9280_ethernet/adc_ethernet.srcs/sources_1/mdio/smi_config.v:2]
	Parameter REF_CLK bound to: 50000 - type: integer 
	Parameter MDC_CLK bound to: 500 - type: integer 
	Parameter IDLE bound to: 17'b00000000000000001 
	Parameter W_PAGE_0A43 bound to: 17'b00000000000000010 
	Parameter R_CHECK bound to: 17'b00000000000000100 
	Parameter ETH_UNLINK bound to: 17'b00000000000001000 
	Parameter ETH_1000M bound to: 17'b00000000000010000 
	Parameter ETH_100M bound to: 17'b00000000000100000 
	Parameter ETH_10M bound to: 17'b00000000001000000 
	Parameter R_WAIT bound to: 17'b00000000010000000 
	Parameter W_PAGE_171 bound to: 17'b00000000100000000 
	Parameter R_REG_16 bound to: 17'b00000001000000000 
	Parameter W_REG_16 bound to: 17'b00000010000000000 
	Parameter R_REG_17 bound to: 17'b00000100000000000 
	Parameter W_REG_17 bound to: 17'b00001000000000000 
	Parameter RW_END bound to: 17'b00010000000000000 
	Parameter R_REG_1A bound to: 17'b00100000000000000 
	Parameter READ_ID bound to: 17'b01000000000000000 
	Parameter CHECK_ID bound to: 17'b10000000000000000 
INFO: [Synth 8-5534] Detected attribute (* MARK_DEBUG = "true" *) [F:/AD/Artix7-7103/01_demo_document/ad9280_ethernet/adc_ethernet.srcs/sources_1/mdio/smi_config.v:14]
INFO: [Synth 8-5534] Detected attribute (* MARK_DEBUG = "true" *) [F:/AD/Artix7-7103/01_demo_document/ad9280_ethernet/adc_ethernet.srcs/sources_1/mdio/smi_config.v:15]
INFO: [Synth 8-5534] Detected attribute (* MARK_DEBUG = "true" *) [F:/AD/Artix7-7103/01_demo_document/ad9280_ethernet/adc_ethernet.srcs/sources_1/mdio/smi_config.v:20]
INFO: [Synth 8-5534] Detected attribute (* MARK_DEBUG = "true" *) [F:/AD/Artix7-7103/01_demo_document/ad9280_ethernet/adc_ethernet.srcs/sources_1/mdio/smi_config.v:21]
INFO: [Synth 8-5534] Detected attribute (* MARK_DEBUG = "true" *) [F:/AD/Artix7-7103/01_demo_document/ad9280_ethernet/adc_ethernet.srcs/sources_1/mdio/smi_config.v:22]
INFO: [Synth 8-5534] Detected attribute (* MARK_DEBUG = "true" *) [F:/AD/Artix7-7103/01_demo_document/ad9280_ethernet/adc_ethernet.srcs/sources_1/mdio/smi_config.v:23]
INFO: [Synth 8-5534] Detected attribute (* MARK_DEBUG = "true" *) [F:/AD/Artix7-7103/01_demo_document/ad9280_ethernet/adc_ethernet.srcs/sources_1/mdio/smi_config.v:26]
INFO: [Synth 8-5534] Detected attribute (* MARK_DEBUG = "true" *) [F:/AD/Artix7-7103/01_demo_document/ad9280_ethernet/adc_ethernet.srcs/sources_1/mdio/smi_config.v:27]
INFO: [Synth 8-5534] Detected attribute (* MARK_DEBUG = "true" *) [F:/AD/Artix7-7103/01_demo_document/ad9280_ethernet/adc_ethernet.srcs/sources_1/mdio/smi_config.v:28]
INFO: [Synth 8-5534] Detected attribute (* MARK_DEBUG = "true" *) [F:/AD/Artix7-7103/01_demo_document/ad9280_ethernet/adc_ethernet.srcs/sources_1/mdio/smi_config.v:29]
INFO: [Synth 8-5534] Detected attribute (* MARK_DEBUG = "true" *) [F:/AD/Artix7-7103/01_demo_document/ad9280_ethernet/adc_ethernet.srcs/sources_1/mdio/smi_config.v:66]
INFO: [Synth 8-6157] synthesizing module 'smi_read_write' [F:/AD/Artix7-7103/01_demo_document/ad9280_ethernet/adc_ethernet.srcs/sources_1/mdio/smi_read_write.v:2]
	Parameter REF_CLK bound to: 50000 - type: integer 
	Parameter MDC_CLK bound to: 500 - type: integer 
	Parameter HALF_CYCLE bound to: 50 - type: integer 
	Parameter CYCLE bound to: 100 - type: integer 
	Parameter ST bound to: 2'b01 
	Parameter W_OP bound to: 2'b01 
	Parameter R_OP bound to: 2'b10 
	Parameter W_TA bound to: 2'b10 
	Parameter IDLE bound to: 10'b0000000001 
	Parameter WAIT_REQ bound to: 10'b0000000010 
	Parameter W_MDIO bound to: 10'b0000000100 
	Parameter R_MDIO bound to: 10'b0000001000 
	Parameter R_TA_Z bound to: 10'b0000010000 
	Parameter R_DATA bound to: 10'b0000100000 
	Parameter W_END bound to: 10'b0001000000 
	Parameter R_END bound to: 10'b0010000000 
	Parameter R_TA_0 bound to: 10'b0100000000 
	Parameter END_WAIT bound to: 10'b1000000000 
INFO: [Synth 8-5534] Detected attribute (* MARK_DEBUG = "true" *) [F:/AD/Artix7-7103/01_demo_document/ad9280_ethernet/adc_ethernet.srcs/sources_1/mdio/smi_read_write.v:34]
INFO: [Synth 8-5534] Detected attribute (* MARK_DEBUG = "true" *) [F:/AD/Artix7-7103/01_demo_document/ad9280_ethernet/adc_ethernet.srcs/sources_1/mdio/smi_read_write.v:35]
INFO: [Synth 8-5534] Detected attribute (* MARK_DEBUG = "true" *) [F:/AD/Artix7-7103/01_demo_document/ad9280_ethernet/adc_ethernet.srcs/sources_1/mdio/smi_read_write.v:39]
INFO: [Synth 8-5534] Detected attribute (* MARK_DEBUG = "true" *) [F:/AD/Artix7-7103/01_demo_document/ad9280_ethernet/adc_ethernet.srcs/sources_1/mdio/smi_read_write.v:40]
INFO: [Synth 8-5534] Detected attribute (* MARK_DEBUG = "true" *) [F:/AD/Artix7-7103/01_demo_document/ad9280_ethernet/adc_ethernet.srcs/sources_1/mdio/smi_read_write.v:41]
INFO: [Synth 8-5534] Detected attribute (* MARK_DEBUG = "true" *) [F:/AD/Artix7-7103/01_demo_document/ad9280_ethernet/adc_ethernet.srcs/sources_1/mdio/smi_read_write.v:42]
INFO: [Synth 8-5534] Detected attribute (* MARK_DEBUG = "true" *) [F:/AD/Artix7-7103/01_demo_document/ad9280_ethernet/adc_ethernet.srcs/sources_1/mdio/smi_read_write.v:43]
INFO: [Synth 8-5534] Detected attribute (* MARK_DEBUG = "true" *) [F:/AD/Artix7-7103/01_demo_document/ad9280_ethernet/adc_ethernet.srcs/sources_1/mdio/smi_read_write.v:94]
INFO: [Synth 8-6157] synthesizing module 'IOBUF' [E:/xilinx_SDK/Vivado/2019.1/scripts/rt/data/unisim_comp.v:36115]
	Parameter DRIVE bound to: 12 - type: integer 
	Parameter IBUF_LOW_PWR bound to: TRUE - type: string 
	Parameter IOSTANDARD bound to: DEFAULT - type: string 
	Parameter SLEW bound to: SLOW - type: string 
INFO: [Synth 8-6155] done synthesizing module 'IOBUF' (3#1) [E:/xilinx_SDK/Vivado/2019.1/scripts/rt/data/unisim_comp.v:36115]
INFO: [Synth 8-6157] synthesizing module 'ODDR' [E:/xilinx_SDK/Vivado/2019.1/scripts/rt/data/unisim_comp.v:49468]
	Parameter DDR_CLK_EDGE bound to: OPPOSITE_EDGE - type: string 
	Parameter INIT bound to: 1'b0 
	Parameter IS_C_INVERTED bound to: 1'b0 
	Parameter IS_D1_INVERTED bound to: 1'b0 
	Parameter IS_D2_INVERTED bound to: 1'b0 
	Parameter SRTYPE bound to: SYNC - type: string 
INFO: [Synth 8-6155] done synthesizing module 'ODDR' (4#1) [E:/xilinx_SDK/Vivado/2019.1/scripts/rt/data/unisim_comp.v:49468]
INFO: [Synth 8-6071] Mark debug on the nets applies keep_hierarchy on instance 'ODDR_inst'. This will prevent further optimization [F:/AD/Artix7-7103/01_demo_document/ad9280_ethernet/adc_ethernet.srcs/sources_1/mdio/smi_read_write.v:71]
INFO: [Synth 8-6071] Mark debug on the nets applies keep_hierarchy on instance 'IOBUF_inst'. This will prevent further optimization [F:/AD/Artix7-7103/01_demo_document/ad9280_ethernet/adc_ethernet.srcs/sources_1/mdio/smi_read_write.v:58]
INFO: [Synth 8-6155] done synthesizing module 'smi_read_write' (5#1) [F:/AD/Artix7-7103/01_demo_document/ad9280_ethernet/adc_ethernet.srcs/sources_1/mdio/smi_read_write.v:2]
WARNING: [Synth 8-7023] instance 'smi_inst' of module 'smi_read_write' has 14 connections declared, but only 12 given [F:/AD/Artix7-7103/01_demo_document/ad9280_ethernet/adc_ethernet.srcs/sources_1/mdio/smi_config.v:321]
INFO: [Synth 8-6071] Mark debug on the nets applies keep_hierarchy on instance 'smi_inst'. This will prevent further optimization [F:/AD/Artix7-7103/01_demo_document/ad9280_ethernet/adc_ethernet.srcs/sources_1/mdio/smi_config.v:321]
INFO: [Synth 8-6155] done synthesizing module 'smi_config' (6#1) [F:/AD/Artix7-7103/01_demo_document/ad9280_ethernet/adc_ethernet.srcs/sources_1/mdio/smi_config.v:2]
WARNING: [Synth 8-7023] instance 'smi_config_inst0' of module 'smi_config' has 6 connections declared, but only 4 given [F:/AD/Artix7-7103/01_demo_document/ad9280_ethernet/adc_ethernet.srcs/sources_1/top.v:224]
WARNING: [Synth 8-7023] instance 'smi_config_inst1' of module 'smi_config' has 6 connections declared, but only 4 given [F:/AD/Artix7-7103/01_demo_document/ad9280_ethernet/adc_ethernet.srcs/sources_1/top.v:232]
INFO: [Synth 8-6157] synthesizing module 'reset' [F:/AD/Artix7-7103/01_demo_document/ad9280_ethernet/adc_ethernet.srcs/sources_1/new/reset.v:2]
INFO: [Synth 8-6155] done synthesizing module 'reset' (7#1) [F:/AD/Artix7-7103/01_demo_document/ad9280_ethernet/adc_ethernet.srcs/sources_1/new/reset.v:2]
WARNING: [Synth 8-4446] all outputs are unconnected for this instance and logic may be removed [F:/AD/Artix7-7103/01_demo_document/ad9280_ethernet/adc_ethernet.srcs/sources_1/top.v:272]
INFO: [Synth 8-6157] synthesizing module 'IDELAYCTRL' [E:/xilinx_SDK/Vivado/2019.1/scripts/rt/data/unisim_comp.v:34933]
	Parameter SIM_DEVICE bound to: 7SERIES - type: string 
INFO: [Synth 8-6155] done synthesizing module 'IDELAYCTRL' (8#1) [E:/xilinx_SDK/Vivado/2019.1/scripts/rt/data/unisim_comp.v:34933]
INFO: [Synth 8-6157] synthesizing module 'util_gmii_to_rgmii' [F:/AD/Artix7-7103/01_demo_document/ad9280_ethernet/adc_ethernet.srcs/sources_1/util_gmii_to_rgmii.v:2]
	Parameter IDELAY_VALUE bound to: 0 - type: integer 
INFO: [Synth 8-6157] synthesizing module 'ODDR__parameterized0' [E:/xilinx_SDK/Vivado/2019.1/scripts/rt/data/unisim_comp.v:49468]
	Parameter DDR_CLK_EDGE bound to: SAME_EDGE - type: string 
	Parameter INIT bound to: 1'b0 
	Parameter IS_C_INVERTED bound to: 1'b0 
	Parameter IS_D1_INVERTED bound to: 1'b0 
	Parameter IS_D2_INVERTED bound to: 1'b0 
	Parameter SRTYPE bound to: SYNC - type: string 
INFO: [Synth 8-6155] done synthesizing module 'ODDR__parameterized0' (8#1) [E:/xilinx_SDK/Vivado/2019.1/scripts/rt/data/unisim_comp.v:49468]
INFO: [Synth 8-6157] synthesizing module 'IDELAYE2' [E:/xilinx_SDK/Vivado/2019.1/scripts/rt/data/unisim_comp.v:34946]
	Parameter CINVCTRL_SEL bound to: FALSE - type: string 
	Parameter DELAY_SRC bound to: IDATAIN - type: string 
	Parameter HIGH_PERFORMANCE_MODE bound to: FALSE - type: string 
	Parameter IDELAY_TYPE bound to: FIXED - type: string 
	Parameter IDELAY_VALUE bound to: 0 - type: integer 
	Parameter IS_C_INVERTED bound to: 1'b0 
	Parameter IS_DATAIN_INVERTED bound to: 1'b0 
	Parameter IS_IDATAIN_INVERTED bound to: 1'b0 
	Parameter PIPE_SEL bound to: FALSE - type: string 
	Parameter REFCLK_FREQUENCY bound to: 200.000000 - type: float 
	Parameter SIGNAL_PATTERN bound to: DATA - type: string 
	Parameter SIM_DELAY_D bound to: 0 - type: integer 
INFO: [Synth 8-6155] done synthesizing module 'IDELAYE2' (9#1) [E:/xilinx_SDK/Vivado/2019.1/scripts/rt/data/unisim_comp.v:34946]
INFO: [Synth 8-6157] synthesizing module 'IDDR' [E:/xilinx_SDK/Vivado/2019.1/scripts/rt/data/unisim_comp.v:34811]
	Parameter DDR_CLK_EDGE bound to: SAME_EDGE_PIPELINED - type: string 
	Parameter INIT_Q1 bound to: 1'b0 
	Parameter INIT_Q2 bound to: 1'b0 
	Parameter IS_C_INVERTED bound to: 1'b0 
	Parameter IS_D_INVERTED bound to: 1'b0 
	Parameter SRTYPE bound to: SYNC - type: string 
INFO: [Synth 8-6155] done synthesizing module 'IDDR' (10#1) [E:/xilinx_SDK/Vivado/2019.1/scripts/rt/data/unisim_comp.v:34811]
INFO: [Synth 8-6157] synthesizing module 'BUFG' [E:/xilinx_SDK/Vivado/2019.1/scripts/rt/data/unisim_comp.v:1075]
INFO: [Synth 8-6155] done synthesizing module 'BUFG' (11#1) [E:/xilinx_SDK/Vivado/2019.1/scripts/rt/data/unisim_comp.v:1075]
INFO: [Synth 8-6157] synthesizing module 'BUFIO' [E:/xilinx_SDK/Vivado/2019.1/scripts/rt/data/unisim_comp.v:1336]
INFO: [Synth 8-6155] done synthesizing module 'BUFIO' (12#1) [E:/xilinx_SDK/Vivado/2019.1/scripts/rt/data/unisim_comp.v:1336]
WARNING: [Synth 8-6014] Unused sequential element speed_selection_d0_reg was removed.  [F:/AD/Artix7-7103/01_demo_document/ad9280_ethernet/adc_ethernet.srcs/sources_1/util_gmii_to_rgmii.v:80]
WARNING: [Synth 8-6014] Unused sequential element speed_selection_d1_reg was removed.  [F:/AD/Artix7-7103/01_demo_document/ad9280_ethernet/adc_ethernet.srcs/sources_1/util_gmii_to_rgmii.v:81]
WARNING: [Synth 8-6014] Unused sequential element gmii_tx_er_r_d1_reg was removed.  [F:/AD/Artix7-7103/01_demo_document/ad9280_ethernet/adc_ethernet.srcs/sources_1/util_gmii_to_rgmii.v:139]
INFO: [Synth 8-6155] done synthesizing module 'util_gmii_to_rgmii' (13#1) [F:/AD/Artix7-7103/01_demo_document/ad9280_ethernet/adc_ethernet.srcs/sources_1/util_gmii_to_rgmii.v:2]
INFO: [Synth 8-6157] synthesizing module 'eth_top' [F:/AD/Artix7-7103/01_demo_document/ad9280_ethernet/adc_ethernet.srcs/sources_1/mac/eth_top.v:1]
	Parameter LOCAL_IP_ADDR bound to: -1062731774 - type: integer 
	Parameter LOCAL_MAC_ADDR bound to: 48'b000000000000101000110101000000011111111011000000 
	Parameter UDP_SRC_PORT bound to: 16'b0001111110010000 
	Parameter UDP_DST_PORT bound to: 16'b0001111110010000 
	Parameter TTL bound to: 8'b10000000 
INFO: [Synth 8-6157] synthesizing module 'mac_top' [F:/AD/Artix7-7103/01_demo_document/ad9280_ethernet/adc_ethernet.srcs/sources_1/mac/mac_top.v:7]
INFO: [Synth 8-6157] synthesizing module 'mac_tx_top' [F:/AD/Artix7-7103/01_demo_document/ad9280_ethernet/adc_ethernet.srcs/sources_1/mac/tx/mac_tx_top.v:7]
INFO: [Synth 8-6157] synthesizing module 'mac_tx' [F:/AD/Artix7-7103/01_demo_document/ad9280_ethernet/adc_ethernet.srcs/sources_1/mac/tx/mac_tx.v:8]
	Parameter SEND_IDLE bound to: 6'b000001 
	Parameter SEND_START bound to: 6'b000010 
	Parameter SEND_PREAMBLE bound to: 6'b000100 
	Parameter SEND_DATA bound to: 6'b001000 
	Parameter SEND_CRC bound to: 6'b010000 
	Parameter SEND_END bound to: 6'b100000 
INFO: [Synth 8-6155] done synthesizing module 'mac_tx' (14#1) [F:/AD/Artix7-7103/01_demo_document/ad9280_ethernet/adc_ethernet.srcs/sources_1/mac/tx/mac_tx.v:8]
INFO: [Synth 8-6157] synthesizing module 'mac_tx_mode' [F:/AD/Artix7-7103/01_demo_document/ad9280_ethernet/adc_ethernet.srcs/sources_1/mac/tx/mac_tx_mode.v:7]
	Parameter IDLE bound to: 3'b001 
	Parameter ARP bound to: 3'b010 
	Parameter IP bound to: 3'b100 
INFO: [Synth 8-6155] done synthesizing module 'mac_tx_mode' (15#1) [F:/AD/Artix7-7103/01_demo_document/ad9280_ethernet/adc_ethernet.srcs/sources_1/mac/tx/mac_tx_mode.v:7]
INFO: [Synth 8-6157] synthesizing module 'crc' [F:/AD/Artix7-7103/01_demo_document/ad9280_ethernet/adc_ethernet.srcs/sources_1/mac/crc.v:5]
	Parameter Tp bound to: 1 - type: integer 
INFO: [Synth 8-6155] done synthesizing module 'crc' (16#1) [F:/AD/Artix7-7103/01_demo_document/ad9280_ethernet/adc_ethernet.srcs/sources_1/mac/crc.v:5]
INFO: [Synth 8-6157] synthesizing module 'arp_tx' [F:/AD/Artix7-7103/01_demo_document/ad9280_ethernet/adc_ethernet.srcs/sources_1/mac/tx/arp_tx.v:7]
	Parameter mac_type bound to: 16'b0000100000000110 
	Parameter hardware_type bound to: 16'b0000000000000001 
	Parameter protocol_type bound to: 16'b0000100000000000 
	Parameter mac_length bound to: 8'b00000110 
	Parameter ip_length bound to: 8'b00000100 
	Parameter ARP_REQUEST_CODE bound to: 16'b0000000000000001 
	Parameter ARP_REPLY_CODE bound to: 16'b0000000000000010 
	Parameter IDLE bound to: 5'b00001 
	Parameter ARP_REQUEST_WAIT bound to: 5'b00010 
	Parameter ARP_REQUEST bound to: 5'b00100 
	Parameter ARP_REPLY_WAIT bound to: 5'b01000 
	Parameter ARP_REPLY bound to: 5'b10000 
INFO: [Synth 8-6155] done synthesizing module 'arp_tx' (17#1) [F:/AD/Artix7-7103/01_demo_document/ad9280_ethernet/adc_ethernet.srcs/sources_1/mac/tx/arp_tx.v:7]
INFO: [Synth 8-6157] synthesizing module 'ip_tx' [F:/AD/Artix7-7103/01_demo_document/ad9280_ethernet/adc_ethernet.srcs/sources_1/mac/tx/ip_tx.v:9]
	Parameter mac_type bound to: 16'b0000100000000000 
	Parameter ip_version bound to: 4'b0100 
	Parameter header_len bound to: 4'b0101 
	Parameter IDLE bound to: 6'b000001 
	Parameter WAIT_DATA_LENGTH bound to: 6'b000010 
	Parameter GEN_CHECKSUM bound to: 6'b000100 
	Parameter SEND_WAIT bound to: 6'b001000 
	Parameter WAIT_MAC bound to: 6'b010000 
	Parameter IP_SEND bound to: 6'b100000 
WARNING: [Synth 8-3848] Net ip_tx_busy in module/entity ip_tx does not have driver. [F:/AD/Artix7-7103/01_demo_document/ad9280_ethernet/adc_ethernet.srcs/sources_1/mac/tx/ip_tx.v:28]
INFO: [Synth 8-6155] done synthesizing module 'ip_tx' (18#1) [F:/AD/Artix7-7103/01_demo_document/ad9280_ethernet/adc_ethernet.srcs/sources_1/mac/tx/ip_tx.v:9]
WARNING: [Synth 8-7023] instance 'ip0' of module 'ip_tx' has 19 connections declared, but only 18 given [F:/AD/Artix7-7103/01_demo_document/ad9280_ethernet/adc_ethernet.srcs/sources_1/mac/tx/mac_tx_top.v:158]
INFO: [Synth 8-6157] synthesizing module 'ip_tx_mode' [F:/AD/Artix7-7103/01_demo_document/ad9280_ethernet/adc_ethernet.srcs/sources_1/mac/tx/ip_tx_mode.v:7]
	Parameter ip_udp_type bound to: 8'b00010001 
	Parameter ip_icmp_type bound to: 8'b00000001 
	Parameter IDLE bound to: 3'b001 
	Parameter UDP bound to: 3'b010 
	Parameter ICMP bound to: 3'b100 
INFO: [Synth 8-6155] done synthesizing module 'ip_tx_mode' (19#1) [F:/AD/Artix7-7103/01_demo_document/ad9280_ethernet/adc_ethernet.srcs/sources_1/mac/tx/ip_tx_mode.v:7]
INFO: [Synth 8-6157] synthesizing module 'udp_tx' [F:/AD/Artix7-7103/01_demo_document/ad9280_ethernet/adc_ethernet.srcs/sources_1/mac/tx/udp_tx.v:7]
	Parameter IDLE bound to: 7'b0000001 
	Parameter HEADER_CHECKSUM bound to: 7'b0000010 
	Parameter GEN_CHECKSUM bound to: 7'b0000100 
	Parameter GEN_ODD_CHECKSUM bound to: 7'b0001000 
	Parameter GEN_CHECKSUM_END bound to: 7'b0010000 
	Parameter SEND_WAIT bound to: 7'b0100000 
	Parameter UDP_SEND bound to: 7'b1000000 
WARNING: [Synth 8-6014] Unused sequential element ram_write_addr_reg was removed.  [F:/AD/Artix7-7103/01_demo_document/ad9280_ethernet/adc_ethernet.srcs/sources_1/mac/tx/udp_tx.v:125]
WARNING: [Synth 8-6014] Unused sequential element ram_wr_data_d0_reg was removed.  [F:/AD/Artix7-7103/01_demo_document/ad9280_ethernet/adc_ethernet.srcs/sources_1/mac/tx/udp_tx.v:150]
WARNING: [Synth 8-6014] Unused sequential element ram_wr_data_d1_reg was removed.  [F:/AD/Artix7-7103/01_demo_document/ad9280_ethernet/adc_ethernet.srcs/sources_1/mac/tx/udp_tx.v:151]
WARNING: [Synth 8-6014] Unused sequential element ram_rdata_d1_reg was removed.  [F:/AD/Artix7-7103/01_demo_document/ad9280_ethernet/adc_ethernet.srcs/sources_1/mac/tx/udp_tx.v:166]
WARNING: [Synth 8-3848] Net udp_ram_data_req in module/entity udp_tx does not have driver. [F:/AD/Artix7-7103/01_demo_document/ad9280_ethernet/adc_ethernet.srcs/sources_1/mac/tx/udp_tx.v:24]
WARNING: [Synth 8-3848] Net udp_tx_end in module/entity udp_tx does not have driver. [F:/AD/Artix7-7103/01_demo_document/ad9280_ethernet/adc_ethernet.srcs/sources_1/mac/tx/udp_tx.v:30]
INFO: [Synth 8-6155] done synthesizing module 'udp_tx' (20#1) [F:/AD/Artix7-7103/01_demo_document/ad9280_ethernet/adc_ethernet.srcs/sources_1/mac/tx/udp_tx.v:7]
INFO: [Synth 8-6155] done synthesizing module 'mac_tx_top' (21#1) [F:/AD/Artix7-7103/01_demo_document/ad9280_ethernet/adc_ethernet.srcs/sources_1/mac/tx/mac_tx_top.v:7]
INFO: [Synth 8-6157] synthesizing module 'mac_rx_top' [F:/AD/Artix7-7103/01_demo_document/ad9280_ethernet/adc_ethernet.srcs/sources_1/mac/rx/mac_rx_top.v:7]
INFO: [Synth 8-6157] synthesizing module 'mac_rx' [F:/AD/Artix7-7103/01_demo_document/ad9280_ethernet/adc_ethernet.srcs/sources_1/mac/rx/mac_rx.v:7]
	Parameter IDLE bound to: 8'b00000001 
	Parameter REC_PREAMBLE bound to: 8'b00000010 
	Parameter REC_MAC_HEAD bound to: 8'b00000100 
	Parameter REC_IDENTIFY bound to: 8'b00001000 
	Parameter REC_DATA bound to: 8'b00010000 
	Parameter REC_CRC bound to: 8'b00100000 
	Parameter REC_ERROR bound to: 8'b01000000 
	Parameter REC_END bound to: 8'b10000000 
WARNING: [Synth 8-6014] Unused sequential element rx_dv_d1_reg was removed.  [F:/AD/Artix7-7103/01_demo_document/ad9280_ethernet/adc_ethernet.srcs/sources_1/mac/rx/mac_rx.v:200]
WARNING: [Synth 8-6014] Unused sequential element mac_crc_cnt_reg was removed.  [F:/AD/Artix7-7103/01_demo_document/ad9280_ethernet/adc_ethernet.srcs/sources_1/mac/rx/mac_rx.v:238]
INFO: [Synth 8-6155] done synthesizing module 'mac_rx' (22#1) [F:/AD/Artix7-7103/01_demo_document/ad9280_ethernet/adc_ethernet.srcs/sources_1/mac/rx/mac_rx.v:7]
INFO: [Synth 8-6157] synthesizing module 'ip_rx' [F:/AD/Artix7-7103/01_demo_document/ad9280_ethernet/adc_ethernet.srcs/sources_1/mac/rx/ip_rx.v:7]
	Parameter IDLE bound to: 5'b00001 
	Parameter REC_HEADER0 bound to: 5'b00010 
	Parameter REC_HEADER1 bound to: 5'b00100 
	Parameter REC_DATA bound to: 5'b01000 
	Parameter REC_END bound to: 5'b10000 
WARNING: [Synth 8-6014] Unused sequential element ip_rx_data_d1_reg was removed.  [F:/AD/Artix7-7103/01_demo_document/ad9280_ethernet/adc_ethernet.srcs/sources_1/mac/rx/ip_rx.v:170]
INFO: [Synth 8-6155] done synthesizing module 'ip_rx' (23#1) [F:/AD/Artix7-7103/01_demo_document/ad9280_ethernet/adc_ethernet.srcs/sources_1/mac/rx/ip_rx.v:7]
INFO: [Synth 8-6157] synthesizing module 'udp_rx' [F:/AD/Artix7-7103/01_demo_document/ad9280_ethernet/adc_ethernet.srcs/sources_1/mac/rx/udp_rx.v:7]
	Parameter IDLE bound to: 8'b00000001 
	Parameter REC_HEAD bound to: 8'b00000010 
	Parameter REC_DATA bound to: 8'b00000100 
	Parameter REC_ODD_DATA bound to: 8'b00001000 
	Parameter VERIFY_CHECKSUM bound to: 8'b00010000 
	Parameter REC_ERROR bound to: 8'b00100000 
	Parameter REC_END_WAIT bound to: 8'b01000000 
	Parameter REC_END bound to: 8'b10000000 
INFO: [Synth 8-6157] synthesizing module 'dpram' [F:/AD/Artix7-7103/01_demo_document/ad9280_ethernet/adc_ethernet.srcs/sources_1/mac/dpram.v:1]
	Parameter WIDTH bound to: 8 - type: integer 
	Parameter DEPTH bound to: 11 - type: integer 
INFO: [Synth 8-6155] done synthesizing module 'dpram' (24#1) [F:/AD/Artix7-7103/01_demo_document/ad9280_ethernet/adc_ethernet.srcs/sources_1/mac/dpram.v:1]
INFO: [Synth 8-6155] done synthesizing module 'udp_rx' (25#1) [F:/AD/Artix7-7103/01_demo_document/ad9280_ethernet/adc_ethernet.srcs/sources_1/mac/rx/udp_rx.v:7]
INFO: [Synth 8-6157] synthesizing module 'arp_rx' [F:/AD/Artix7-7103/01_demo_document/ad9280_ethernet/adc_ethernet.srcs/sources_1/mac/rx/arp_rx.v:7]
	Parameter ARP_REQUEST_CODE bound to: 16'b0000000000000001 
	Parameter ARP_REPLY_CODE bound to: 16'b0000000000000010 
	Parameter IDLE bound to: 4'b0001 
	Parameter ARP_REC_DATA bound to: 4'b0010 
	Parameter ARP_WAIT bound to: 4'b0100 
	Parameter ARP_END bound to: 4'b1000 
INFO: [Synth 8-6155] done synthesizing module 'arp_rx' (26#1) [F:/AD/Artix7-7103/01_demo_document/ad9280_ethernet/adc_ethernet.srcs/sources_1/mac/rx/arp_rx.v:7]
WARNING: [Synth 8-7023] instance 'arp0' of module 'arp_rx' has 13 connections declared, but only 12 given [F:/AD/Artix7-7103/01_demo_document/ad9280_ethernet/adc_ethernet.srcs/sources_1/mac/rx/mac_rx_top.v:161]
INFO: [Synth 8-6155] done synthesizing module 'mac_rx_top' (27#1) [F:/AD/Artix7-7103/01_demo_document/ad9280_ethernet/adc_ethernet.srcs/sources_1/mac/rx/mac_rx_top.v:7]
INFO: [Synth 8-6157] synthesizing module 'icmp_reply' [F:/AD/Artix7-7103/01_demo_document/ad9280_ethernet/adc_ethernet.srcs/sources_1/mac/icmp_reply.v:7]
	Parameter ECHO_REQUEST bound to: 8'b00001000 
	Parameter ECHO_REPLY bound to: 8'b00000000 
	Parameter IDLE bound to: 11'b00000000001 
	Parameter REC_DATA bound to: 11'b00000000010 
	Parameter REC_ODD_DATA bound to: 11'b00000000100 
	Parameter VERIFY_CHECKSUM bound to: 11'b00000001000 
	Parameter REC_ERROR bound to: 11'b00000010000 
	Parameter REC_END_WAIT bound to: 11'b00000100000 
	Parameter GEN_CHECKSUM bound to: 11'b00001000000 
	Parameter SEND_WAIT bound to: 11'b00010000000 
	Parameter SEND bound to: 11'b00100000000 
	Parameter REC_END bound to: 11'b01000000000 
	Parameter SEND_END bound to: 11'b10000000000 
INFO: [Synth 8-6157] synthesizing module 'dpram__parameterized0' [F:/AD/Artix7-7103/01_demo_document/ad9280_ethernet/adc_ethernet.srcs/sources_1/mac/dpram.v:1]
	Parameter WIDTH bound to: 8 - type: integer 
	Parameter DEPTH bound to: 8 - type: integer 
INFO: [Synth 8-6155] done synthesizing module 'dpram__parameterized0' (27#1) [F:/AD/Artix7-7103/01_demo_document/ad9280_ethernet/adc_ethernet.srcs/sources_1/mac/dpram.v:1]
WARNING: [Synth 8-689] width (11) of port connection 'rdaddress' does not match port width (8) of module 'dpram__parameterized0' [F:/AD/Artix7-7103/01_demo_document/ad9280_ethernet/adc_ethernet.srcs/sources_1/mac/icmp_reply.v:313]
WARNING: [Synth 8-689] width (11) of port connection 'wraddress' does not match port width (8) of module 'dpram__parameterized0' [F:/AD/Artix7-7103/01_demo_document/ad9280_ethernet/adc_ethernet.srcs/sources_1/mac/icmp_reply.v:314]
WARNING: [Synth 8-3848] Net icmp_tx_end in module/entity icmp_reply does not have driver. [F:/AD/Artix7-7103/01_demo_document/ad9280_ethernet/adc_ethernet.srcs/sources_1/mac/icmp_reply.v:20]
INFO: [Synth 8-6155] done synthesizing module 'icmp_reply' (28#1) [F:/AD/Artix7-7103/01_demo_document/ad9280_ethernet/adc_ethernet.srcs/sources_1/mac/icmp_reply.v:7]
INFO: [Synth 8-6157] synthesizing module 'arp_cache' [F:/AD/Artix7-7103/01_demo_document/ad9280_ethernet/adc_ethernet.srcs/sources_1/mac/arp_cache.v:1]
INFO: [Synth 8-6155] done synthesizing module 'arp_cache' (29#1) [F:/AD/Artix7-7103/01_demo_document/ad9280_ethernet/adc_ethernet.srcs/sources_1/mac/arp_cache.v:1]
INFO: [Synth 8-6155] done synthesizing module 'mac_top' (30#1) [F:/AD/Artix7-7103/01_demo_document/ad9280_ethernet/adc_ethernet.srcs/sources_1/mac/mac_top.v:7]
INFO: [Synth 8-6157] synthesizing module 'eth_cmd' [F:/AD/Artix7-7103/01_demo_document/ad9280_ethernet/adc_ethernet.srcs/sources_1/mac/eth_cmd.v:2]
	Parameter SAMPLE_RATE bound to: 32000000 - type: integer 
	Parameter SAMPLE_DEPTH bound to: 262144 - type: integer 
	Parameter DATA_SIGN bound to: 8'b00000001 
	Parameter DATA_LEN bound to: 8'b00001000 
	Parameter DATA_BYTE bound to: 8'b00000010 
	Parameter CMD_INQUIRY bound to: 65537 - type: integer 
	Parameter AD_DATA_REQ bound to: 65538 - type: integer 
	Parameter CMD_SEND_LEN bound to: 16'b0000000000011011 
	Parameter IDLE bound to: 7'b0000001 
	Parameter CMD_READ bound to: 7'b0000010 
	Parameter CMD_WAIT bound to: 7'b0000100 
	Parameter CMD_CHECK bound to: 7'b0001000 
	Parameter CMD_REPLY_WAIT bound to: 7'b0010000 
	Parameter CMD_REPLY bound to: 7'b0100000 
	Parameter CMD_END bound to: 7'b1000000 
WARNING: [Synth 8-6014] Unused sequential element ad_data_ack_d0_reg was removed.  [F:/AD/Artix7-7103/01_demo_document/ad9280_ethernet/adc_ethernet.srcs/sources_1/mac/eth_cmd.v:140]
WARNING: [Synth 8-6014] Unused sequential element ad_data_ack_d1_reg was removed.  [F:/AD/Artix7-7103/01_demo_document/ad9280_ethernet/adc_ethernet.srcs/sources_1/mac/eth_cmd.v:141]
WARNING: [Synth 8-6014] Unused sequential element ad_data_ack_d2_reg was removed.  [F:/AD/Artix7-7103/01_demo_document/ad9280_ethernet/adc_ethernet.srcs/sources_1/mac/eth_cmd.v:142]
INFO: [Synth 8-6155] done synthesizing module 'eth_cmd' (31#1) [F:/AD/Artix7-7103/01_demo_document/ad9280_ethernet/adc_ethernet.srcs/sources_1/mac/eth_cmd.v:2]
INFO: [Synth 8-6157] synthesizing module 'mac_ctrl' [F:/AD/Artix7-7103/01_demo_document/ad9280_ethernet/adc_ethernet.srcs/sources_1/mac/mac_ctrl.v:7]
	Parameter AD_DATA_REQ bound to: 65538 - type: integer 
	Parameter IDLE bound to: 13'b0000000000001 
	Parameter CMD_WAIT bound to: 13'b0000000000010 
	Parameter CHECK_ARP bound to: 13'b0000000000100 
	Parameter ARP_REQ bound to: 13'b0000000001000 
	Parameter ARP_SEND bound to: 13'b0000000010000 
	Parameter ARP_WAIT bound to: 13'b0000000100000 
	Parameter WAIT bound to: 13'b0000001000000 
	Parameter CHECK_FIFO bound to: 13'b0000010000000 
	Parameter GEN_CMD_REQ bound to: 13'b0000100000000 
	Parameter GEN_AD_REQ bound to: 13'b0001000000000 
	Parameter CMD_SEND bound to: 13'b0010000000000 
	Parameter AD_SEND bound to: 13'b0100000000000 
	Parameter AD_SEND_WAIT bound to: 13'b1000000000000 
INFO: [Synth 8-6155] done synthesizing module 'mac_ctrl' (32#1) [F:/AD/Artix7-7103/01_demo_document/ad9280_ethernet/adc_ethernet.srcs/sources_1/mac/mac_ctrl.v:7]
WARNING: [Synth 8-689] width (12) of port connection 'fifo_data_count' does not match port width (11) of module 'mac_ctrl' [F:/AD/Artix7-7103/01_demo_document/ad9280_ethernet/adc_ethernet.srcs/sources_1/mac/eth_top.v:178]
INFO: [Synth 8-6155] done synthesizing module 'eth_top' (33#1) [F:/AD/Artix7-7103/01_demo_document/ad9280_ethernet/adc_ethernet.srcs/sources_1/mac/eth_top.v:1]
WARNING: [Synth 8-689] width (16) of port connection 'fifo_data_count' does not match port width (12) of module 'eth_top' [F:/AD/Artix7-7103/01_demo_document/ad9280_ethernet/adc_ethernet.srcs/sources_1/top.v:315]
INFO: [Synth 8-6157] synthesizing module 'ad9280_sample' [F:/AD/Artix7-7103/01_demo_document/ad9280_ethernet/adc_ethernet.srcs/sources_1/ad/ad9280_sample.v:29]
	Parameter S_IDLE bound to: 0 - type: integer 
	Parameter S_REQ bound to: 1 - type: integer 
	Parameter S_ACK_WAIT bound to: 2 - type: integer 
	Parameter S_SAMPLE bound to: 3 - type: integer 
	Parameter S_WAIT bound to: 4 - type: integer 
WARNING: [Synth 8-5788] Register write_req_reg in module ad9280_sample is has both Set and reset with same priority. This may cause simulation mismatches. Consider rewriting code  [F:/AD/Artix7-7103/01_demo_document/ad9280_ethernet/adc_ethernet.srcs/sources_1/ad/ad9280_sample.v:126]
INFO: [Synth 8-6155] done synthesizing module 'ad9280_sample' (34#1) [F:/AD/Artix7-7103/01_demo_document/ad9280_ethernet/adc_ethernet.srcs/sources_1/ad/ad9280_sample.v:29]
INFO: [Synth 8-6157] synthesizing module 'frame_read_write' [F:/AD/Artix7-7103/01_demo_document/ad9280_ethernet/adc_ethernet.srcs/sources_1/frame_read_write.v:31]
	Parameter MEM_DATA_BITS bound to: 64 - type: integer 
	Parameter READ_DATA_BITS bound to: 16 - type: integer 
	Parameter WRITE_DATA_BITS bound to: 16 - type: integer 
	Parameter ADDR_BITS bound to: 25 - type: integer 
	Parameter BUSRT_BITS bound to: 10 - type: integer 
	Parameter BURST_SIZE bound to: 64 - type: integer 
INFO: [Synth 8-6157] synthesizing module 'afifo_16i_64o_512' [F:/AD/Artix7-7103/01_demo_document/ad9280_ethernet/synth_1/.Xil/Vivado-19648-FranklinY9000P/realtime/afifo_16i_64o_512_stub.v:6]
INFO: [Synth 8-6155] done synthesizing module 'afifo_16i_64o_512' (35#1) [F:/AD/Artix7-7103/01_demo_document/ad9280_ethernet/synth_1/.Xil/Vivado-19648-FranklinY9000P/realtime/afifo_16i_64o_512_stub.v:6]
WARNING: [Synth 8-689] width (16) of port connection 'rd_data_count' does not match port width (7) of module 'afifo_16i_64o_512' [F:/AD/Artix7-7103/01_demo_document/ad9280_ethernet/adc_ethernet.srcs/sources_1/frame_read_write.v:97]
INFO: [Synth 8-6157] synthesizing module 'frame_fifo_write' [F:/AD/Artix7-7103/01_demo_document/ad9280_ethernet/adc_ethernet.srcs/sources_1/frame_fifo_write.v:31]
	Parameter MEM_DATA_BITS bound to: 64 - type: integer 
	Parameter ADDR_BITS bound to: 25 - type: integer 
	Parameter BUSRT_BITS bound to: 10 - type: integer 
	Parameter BURST_SIZE bound to: 64 - type: integer 
	Parameter ONE bound to: 256'b0000000000000000000000000000000000000000000000000000000000000000000000000000000000000000000000000000000000000000000000000000000000000000000000000000000000000000000000000000000000000000000000000000000000000000000000000000000000000000000000000000000000000001 
	Parameter ZERO bound to: 256'b0000000000000000000000000000000000000000000000000000000000000000000000000000000000000000000000000000000000000000000000000000000000000000000000000000000000000000000000000000000000000000000000000000000000000000000000000000000000000000000000000000000000000000 
	Parameter S_IDLE bound to: 0 - type: integer 
	Parameter S_ACK bound to: 1 - type: integer 
	Parameter S_CHECK_FIFO bound to: 2 - type: integer 
	Parameter S_WRITE_BURST bound to: 3 - type: integer 
	Parameter S_WRITE_BURST_END bound to: 4 - type: integer 
	Parameter S_END bound to: 5 - type: integer 
INFO: [Synth 8-6155] done synthesizing module 'frame_fifo_write' (36#1) [F:/AD/Artix7-7103/01_demo_document/ad9280_ethernet/adc_ethernet.srcs/sources_1/frame_fifo_write.v:31]
INFO: [Synth 8-6157] synthesizing module 'afifo_64i_16o_128' [F:/AD/Artix7-7103/01_demo_document/ad9280_ethernet/synth_1/.Xil/Vivado-19648-FranklinY9000P/realtime/afifo_64i_16o_128_stub.v:6]
INFO: [Synth 8-6155] done synthesizing module 'afifo_64i_16o_128' (37#1) [F:/AD/Artix7-7103/01_demo_document/ad9280_ethernet/synth_1/.Xil/Vivado-19648-FranklinY9000P/realtime/afifo_64i_16o_128_stub.v:6]
WARNING: [Synth 8-689] width (16) of port connection 'rd_data_count' does not match port width (10) of module 'afifo_64i_16o_128' [F:/AD/Artix7-7103/01_demo_document/ad9280_ethernet/adc_ethernet.srcs/sources_1/frame_read_write.v:143]
WARNING: [Synth 8-689] width (16) of port connection 'wr_data_count' does not match port width (8) of module 'afifo_64i_16o_128' [F:/AD/Artix7-7103/01_demo_document/ad9280_ethernet/adc_ethernet.srcs/sources_1/frame_read_write.v:144]
WARNING: [Synth 8-7023] instance 'read_buf' of module 'afifo_64i_16o_128' has 13 connections declared, but only 11 given [F:/AD/Artix7-7103/01_demo_document/ad9280_ethernet/adc_ethernet.srcs/sources_1/frame_read_write.v:133]
INFO: [Synth 8-6157] synthesizing module 'frame_fifo_read' [F:/AD/Artix7-7103/01_demo_document/ad9280_ethernet/adc_ethernet.srcs/sources_1/frame_fifo_read.v:31]
	Parameter MEM_DATA_BITS bound to: 64 - type: integer 
	Parameter ADDR_BITS bound to: 25 - type: integer 
	Parameter BUSRT_BITS bound to: 10 - type: integer 
	Parameter FIFO_DEPTH bound to: 256 - type: integer 
	Parameter BURST_SIZE bound to: 64 - type: integer 
	Parameter ONE bound to: 256'b0000000000000000000000000000000000000000000000000000000000000000000000000000000000000000000000000000000000000000000000000000000000000000000000000000000000000000000000000000000000000000000000000000000000000000000000000000000000000000000000000000000000000001 
	Parameter ZERO bound to: 256'b0000000000000000000000000000000000000000000000000000000000000000000000000000000000000000000000000000000000000000000000000000000000000000000000000000000000000000000000000000000000000000000000000000000000000000000000000000000000000000000000000000000000000000 
	Parameter S_IDLE bound to: 0 - type: integer 
	Parameter S_ACK bound to: 1 - type: integer 
	Parameter S_WAIT bound to: 2 - type: integer 
	Parameter S_CHECK_FIFO bound to: 3 - type: integer 
	Parameter S_READ_BURST bound to: 4 - type: integer 
	Parameter S_READ_BURST_END bound to: 5 - type: integer 
	Parameter S_END bound to: 6 - type: integer 
INFO: [Synth 8-6155] done synthesizing module 'frame_fifo_read' (38#1) [F:/AD/Artix7-7103/01_demo_document/ad9280_ethernet/adc_ethernet.srcs/sources_1/frame_fifo_read.v:31]
INFO: [Synth 8-6155] done synthesizing module 'frame_read_write' (39#1) [F:/AD/Artix7-7103/01_demo_document/ad9280_ethernet/adc_ethernet.srcs/sources_1/frame_read_write.v:31]
WARNING: [Synth 8-689] width (32) of port connection 'read_len' does not match port width (25) of module 'frame_read_write' [F:/AD/Artix7-7103/01_demo_document/ad9280_ethernet/adc_ethernet.srcs/sources_1/top.v:368]
WARNING: [Synth 8-689] width (32) of port connection 'write_len' does not match port width (25) of module 'frame_read_write' [F:/AD/Artix7-7103/01_demo_document/ad9280_ethernet/adc_ethernet.srcs/sources_1/top.v:388]
INFO: [Synth 8-6157] synthesizing module 'ddr3' [F:/AD/Artix7-7103/01_demo_document/ad9280_ethernet/synth_1/.Xil/Vivado-19648-FranklinY9000P/realtime/ddr3_stub.v:5]
INFO: [Synth 8-6155] done synthesizing module 'ddr3' (40#1) [F:/AD/Artix7-7103/01_demo_document/ad9280_ethernet/synth_1/.Xil/Vivado-19648-FranklinY9000P/realtime/ddr3_stub.v:5]
WARNING: [Synth 8-689] width (64) of port connection 's_axi_awaddr' does not match port width (32) of module 'ddr3' [F:/AD/Artix7-7103/01_demo_document/ad9280_ethernet/adc_ethernet.srcs/sources_1/top.v:428]
WARNING: [Synth 8-689] width (64) of port connection 's_axi_araddr' does not match port width (32) of module 'ddr3' [F:/AD/Artix7-7103/01_demo_document/ad9280_ethernet/adc_ethernet.srcs/sources_1/top.v:451]
WARNING: [Synth 8-689] width (2) of port connection 's_axi_arlock' does not match port width (1) of module 'ddr3' [F:/AD/Artix7-7103/01_demo_document/ad9280_ethernet/adc_ethernet.srcs/sources_1/top.v:455]
WARNING: [Synth 8-7023] instance 'u_ddr3' of module 'ddr3' has 66 connections declared, but only 65 given [F:/AD/Artix7-7103/01_demo_document/ad9280_ethernet/adc_ethernet.srcs/sources_1/top.v:395]
INFO: [Synth 8-6157] synthesizing module 'aq_axi_master' [F:/AD/Artix7-7103/01_demo_document/ad9280_ethernet/adc_ethernet.srcs/sources_1/aq_axi_master.v:39]
	Parameter S_WR_IDLE bound to: 3'b000 
	Parameter S_WA_WAIT bound to: 3'b001 
	Parameter S_WA_START bound to: 3'b010 
	Parameter S_WD_WAIT bound to: 3'b011 
	Parameter S_WD_PROC bound to: 3'b100 
	Parameter S_WR_WAIT bound to: 3'b101 
	Parameter S_WR_DONE bound to: 3'b110 
	Parameter S_RD_IDLE bound to: 3'b000 
	Parameter S_RA_WAIT bound to: 3'b001 
	Parameter S_RA_START bound to: 3'b010 
	Parameter S_RD_WAIT bound to: 3'b011 
	Parameter S_RD_PROC bound to: 3'b100 
	Parameter S_RD_DONE bound to: 3'b101 
INFO: [Synth 8-155] case statement is not full and has no default [F:/AD/Artix7-7103/01_demo_document/ad9280_ethernet/adc_ethernet.srcs/sources_1/aq_axi_master.v:309]
WARNING: [Synth 8-6014] Unused sequential element reg_w_stb_reg was removed.  [F:/AD/Artix7-7103/01_demo_document/ad9280_ethernet/adc_ethernet.srcs/sources_1/aq_axi_master.v:176]
WARNING: [Synth 8-6014] Unused sequential element reg_wr_status_reg was removed.  [F:/AD/Artix7-7103/01_demo_document/ad9280_ethernet/adc_ethernet.srcs/sources_1/aq_axi_master.v:177]
WARNING: [Synth 8-6014] Unused sequential element reg_w_count_reg was removed.  [F:/AD/Artix7-7103/01_demo_document/ad9280_ethernet/adc_ethernet.srcs/sources_1/aq_axi_master.v:178]
WARNING: [Synth 8-6014] Unused sequential element reg_r_count_reg was removed.  [F:/AD/Artix7-7103/01_demo_document/ad9280_ethernet/adc_ethernet.srcs/sources_1/aq_axi_master.v:179]
WARNING: [Synth 8-6014] Unused sequential element wr_chkdata_reg was removed.  [F:/AD/Artix7-7103/01_demo_document/ad9280_ethernet/adc_ethernet.srcs/sources_1/aq_axi_master.v:180]
WARNING: [Synth 8-6014] Unused sequential element rd_chkdata_reg was removed.  [F:/AD/Artix7-7103/01_demo_document/ad9280_ethernet/adc_ethernet.srcs/sources_1/aq_axi_master.v:181]
WARNING: [Synth 8-6014] Unused sequential element resp_reg was removed.  [F:/AD/Artix7-7103/01_demo_document/ad9280_ethernet/adc_ethernet.srcs/sources_1/aq_axi_master.v:182]
WARNING: [Synth 8-5788] Register reg_r_last_reg in module aq_axi_master is has both Set and reset with same priority. This may cause simulation mismatches. Consider rewriting code  [F:/AD/Artix7-7103/01_demo_document/ad9280_ethernet/adc_ethernet.srcs/sources_1/aq_axi_master.v:329]
INFO: [Synth 8-6155] done synthesizing module 'aq_axi_master' (41#1) [F:/AD/Artix7-7103/01_demo_document/ad9280_ethernet/adc_ethernet.srcs/sources_1/aq_axi_master.v:39]
WARNING: [Synth 8-689] width (4) of port connection 'M_AXI_AWID' does not match port width (1) of module 'aq_axi_master' [F:/AD/Artix7-7103/01_demo_document/ad9280_ethernet/adc_ethernet.srcs/sources_1/top.v:479]
WARNING: [Synth 8-689] width (64) of port connection 'M_AXI_AWADDR' does not match port width (32) of module 'aq_axi_master' [F:/AD/Artix7-7103/01_demo_document/ad9280_ethernet/adc_ethernet.srcs/sources_1/top.v:480]
WARNING: [Synth 8-689] width (4) of port connection 'M_AXI_BID' does not match port width (1) of module 'aq_axi_master' [F:/AD/Artix7-7103/01_demo_document/ad9280_ethernet/adc_ethernet.srcs/sources_1/top.v:497]
WARNING: [Synth 8-689] width (4) of port connection 'M_AXI_ARID' does not match port width (1) of module 'aq_axi_master' [F:/AD/Artix7-7103/01_demo_document/ad9280_ethernet/adc_ethernet.srcs/sources_1/top.v:502]
WARNING: [Synth 8-689] width (64) of port connection 'M_AXI_ARADDR' does not match port width (32) of module 'aq_axi_master' [F:/AD/Artix7-7103/01_demo_document/ad9280_ethernet/adc_ethernet.srcs/sources_1/top.v:503]
WARNING: [Synth 8-689] width (4) of port connection 'M_AXI_RID' does not match port width (1) of module 'aq_axi_master' [F:/AD/Artix7-7103/01_demo_document/ad9280_ethernet/adc_ethernet.srcs/sources_1/top.v:514]
WARNING: [Synth 8-3848] Net rgmii2_txd in module/entity top does not have driver. [F:/AD/Artix7-7103/01_demo_document/ad9280_ethernet/adc_ethernet.srcs/sources_1/top.v:49]
WARNING: [Synth 8-3848] Net rgmii2_txctl in module/entity top does not have driver. [F:/AD/Artix7-7103/01_demo_document/ad9280_ethernet/adc_ethernet.srcs/sources_1/top.v:50]
WARNING: [Synth 8-3848] Net rgmii2_txc in module/entity top does not have driver. [F:/AD/Artix7-7103/01_demo_document/ad9280_ethernet/adc_ethernet.srcs/sources_1/top.v:51]
WARNING: [Synth 8-3848] Net s00_axi_buser in module/entity top does not have driver. [F:/AD/Artix7-7103/01_demo_document/ad9280_ethernet/adc_ethernet.srcs/sources_1/top.v:127]
WARNING: [Synth 8-3848] Net s00_axi_ruser in module/entity top does not have driver. [F:/AD/Artix7-7103/01_demo_document/ad9280_ethernet/adc_ethernet.srcs/sources_1/top.v:148]
INFO: [Synth 8-6155] done synthesizing module 'top' (42#1) [F:/AD/Artix7-7103/01_demo_document/ad9280_ethernet/adc_ethernet.srcs/sources_1/top.v:30]
WARNING: [Synth 8-3331] design aq_axi_master has unconnected port M_AXI_BID[0]
WARNING: [Synth 8-3331] design aq_axi_master has unconnected port M_AXI_BRESP[1]
WARNING: [Synth 8-3331] design aq_axi_master has unconnected port M_AXI_BRESP[0]
WARNING: [Synth 8-3331] design aq_axi_master has unconnected port M_AXI_BUSER[0]
WARNING: [Synth 8-3331] design aq_axi_master has unconnected port M_AXI_RID[0]
WARNING: [Synth 8-3331] design aq_axi_master has unconnected port M_AXI_RRESP[1]
WARNING: [Synth 8-3331] design aq_axi_master has unconnected port M_AXI_RRESP[0]
WARNING: [Synth 8-3331] design aq_axi_master has unconnected port M_AXI_RUSER[0]
WARNING: [Synth 8-3331] design frame_fifo_write has unconnected port wr_burst_data_req
WARNING: [Synth 8-3331] design icmp_reply has unconnected port icmp_tx_end
WARNING: [Synth 8-3331] design udp_tx has unconnected port udp_ram_data_req
WARNING: [Synth 8-3331] design udp_tx has unconnected port udp_tx_end
WARNING: [Synth 8-3331] design udp_tx has unconnected port source_ip_addr[31]
WARNING: [Synth 8-3331] design udp_tx has unconnected port source_ip_addr[30]
WARNING: [Synth 8-3331] design udp_tx has unconnected port source_ip_addr[29]
WARNING: [Synth 8-3331] design udp_tx has unconnected port source_ip_addr[28]
WARNING: [Synth 8-3331] design udp_tx has unconnected port source_ip_addr[27]
WARNING: [Synth 8-3331] design udp_tx has unconnected port source_ip_addr[26]
WARNING: [Synth 8-3331] design udp_tx has unconnected port source_ip_addr[25]
WARNING: [Synth 8-3331] design udp_tx has unconnected port source_ip_addr[24]
WARNING: [Synth 8-3331] design udp_tx has unconnected port source_ip_addr[23]
WARNING: [Synth 8-3331] design udp_tx has unconnected port source_ip_addr[22]
WARNING: [Synth 8-3331] design udp_tx has unconnected port source_ip_addr[21]
WARNING: [Synth 8-3331] design udp_tx has unconnected port source_ip_addr[20]
WARNING: [Synth 8-3331] design udp_tx has unconnected port source_ip_addr[19]
WARNING: [Synth 8-3331] design udp_tx has unconnected port source_ip_addr[18]
WARNING: [Synth 8-3331] design udp_tx has unconnected port source_ip_addr[17]
WARNING: [Synth 8-3331] design udp_tx has unconnected port source_ip_addr[16]
WARNING: [Synth 8-3331] design udp_tx has unconnected port source_ip_addr[15]
WARNING: [Synth 8-3331] design udp_tx has unconnected port source_ip_addr[14]
WARNING: [Synth 8-3331] design udp_tx has unconnected port source_ip_addr[13]
WARNING: [Synth 8-3331] design udp_tx has unconnected port source_ip_addr[12]
WARNING: [Synth 8-3331] design udp_tx has unconnected port source_ip_addr[11]
WARNING: [Synth 8-3331] design udp_tx has unconnected port source_ip_addr[10]
WARNING: [Synth 8-3331] design udp_tx has unconnected port source_ip_addr[9]
WARNING: [Synth 8-3331] design udp_tx has unconnected port source_ip_addr[8]
WARNING: [Synth 8-3331] design udp_tx has unconnected port source_ip_addr[7]
WARNING: [Synth 8-3331] design udp_tx has unconnected port source_ip_addr[6]
WARNING: [Synth 8-3331] design udp_tx has unconnected port source_ip_addr[5]
WARNING: [Synth 8-3331] design udp_tx has unconnected port source_ip_addr[4]
WARNING: [Synth 8-3331] design udp_tx has unconnected port source_ip_addr[3]
WARNING: [Synth 8-3331] design udp_tx has unconnected port source_ip_addr[2]
WARNING: [Synth 8-3331] design udp_tx has unconnected port source_ip_addr[1]
WARNING: [Synth 8-3331] design udp_tx has unconnected port source_ip_addr[0]
WARNING: [Synth 8-3331] design udp_tx has unconnected port destination_ip_addr[31]
WARNING: [Synth 8-3331] design udp_tx has unconnected port destination_ip_addr[30]
WARNING: [Synth 8-3331] design udp_tx has unconnected port destination_ip_addr[29]
WARNING: [Synth 8-3331] design udp_tx has unconnected port destination_ip_addr[28]
WARNING: [Synth 8-3331] design udp_tx has unconnected port destination_ip_addr[27]
WARNING: [Synth 8-3331] design udp_tx has unconnected port destination_ip_addr[26]
WARNING: [Synth 8-3331] design udp_tx has unconnected port destination_ip_addr[25]
WARNING: [Synth 8-3331] design udp_tx has unconnected port destination_ip_addr[24]
WARNING: [Synth 8-3331] design udp_tx has unconnected port destination_ip_addr[23]
WARNING: [Synth 8-3331] design udp_tx has unconnected port destination_ip_addr[22]
WARNING: [Synth 8-3331] design udp_tx has unconnected port destination_ip_addr[21]
WARNING: [Synth 8-3331] design udp_tx has unconnected port destination_ip_addr[20]
WARNING: [Synth 8-3331] design udp_tx has unconnected port destination_ip_addr[19]
WARNING: [Synth 8-3331] design udp_tx has unconnected port destination_ip_addr[18]
WARNING: [Synth 8-3331] design udp_tx has unconnected port destination_ip_addr[17]
WARNING: [Synth 8-3331] design udp_tx has unconnected port destination_ip_addr[16]
WARNING: [Synth 8-3331] design udp_tx has unconnected port destination_ip_addr[15]
WARNING: [Synth 8-3331] design udp_tx has unconnected port destination_ip_addr[14]
WARNING: [Synth 8-3331] design udp_tx has unconnected port destination_ip_addr[13]
WARNING: [Synth 8-3331] design udp_tx has unconnected port destination_ip_addr[12]
WARNING: [Synth 8-3331] design udp_tx has unconnected port destination_ip_addr[11]
WARNING: [Synth 8-3331] design udp_tx has unconnected port destination_ip_addr[10]
WARNING: [Synth 8-3331] design udp_tx has unconnected port destination_ip_addr[9]
WARNING: [Synth 8-3331] design udp_tx has unconnected port destination_ip_addr[8]
WARNING: [Synth 8-3331] design udp_tx has unconnected port destination_ip_addr[7]
WARNING: [Synth 8-3331] design udp_tx has unconnected port destination_ip_addr[6]
WARNING: [Synth 8-3331] design udp_tx has unconnected port destination_ip_addr[5]
WARNING: [Synth 8-3331] design udp_tx has unconnected port destination_ip_addr[4]
WARNING: [Synth 8-3331] design udp_tx has unconnected port destination_ip_addr[3]
WARNING: [Synth 8-3331] design udp_tx has unconnected port destination_ip_addr[2]
WARNING: [Synth 8-3331] design udp_tx has unconnected port destination_ip_addr[1]
WARNING: [Synth 8-3331] design udp_tx has unconnected port destination_ip_addr[0]
WARNING: [Synth 8-3331] design udp_tx has unconnected port ram_wr_data[7]
WARNING: [Synth 8-3331] design udp_tx has unconnected port ram_wr_data[6]
WARNING: [Synth 8-3331] design udp_tx has unconnected port ram_wr_data[5]
WARNING: [Synth 8-3331] design udp_tx has unconnected port ram_wr_data[4]
WARNING: [Synth 8-3331] design udp_tx has unconnected port ram_wr_data[3]
WARNING: [Synth 8-3331] design udp_tx has unconnected port ram_wr_data[2]
WARNING: [Synth 8-3331] design udp_tx has unconnected port ram_wr_data[1]
WARNING: [Synth 8-3331] design udp_tx has unconnected port ram_wr_data[0]
WARNING: [Synth 8-3331] design udp_tx has unconnected port ram_wr_en
WARNING: [Synth 8-3331] design ip_tx has unconnected port ip_tx_busy
WARNING: [Synth 8-3331] design mac_tx_top has unconnected port icmp_tx_end
WARNING: [Synth 8-3331] design eth_top has unconnected port fifo_data_count[11]
WARNING: [Synth 8-3331] design util_gmii_to_rgmii has unconnected port speed_selection[1]
WARNING: [Synth 8-3331] design util_gmii_to_rgmii has unconnected port speed_selection[0]
WARNING: [Synth 8-3331] design top has unconnected port rgmii2_txd[3]
WARNING: [Synth 8-3331] design top has unconnected port rgmii2_txd[2]
WARNING: [Synth 8-3331] design top has unconnected port rgmii2_txd[1]
WARNING: [Synth 8-3331] design top has unconnected port rgmii2_txd[0]
WARNING: [Synth 8-3331] design top has unconnected port rgmii2_txctl
WARNING: [Synth 8-3331] design top has unconnected port rgmii2_txc
WARNING: [Synth 8-3331] design top has unconnected port rgmii2_rxd[3]
WARNING: [Synth 8-3331] design top has unconnected port rgmii2_rxd[2]
WARNING: [Synth 8-3331] design top has unconnected port rgmii2_rxd[1]
WARNING: [Synth 8-3331] design top has unconnected port rgmii2_rxd[0]
INFO: [Common 17-14] Message 'Synth 8-3331' appears 100 times and further instances of the messages will be disabled. Use the Tcl command set_msg_config to change the current settings.
---------------------------------------------------------------------------------
Finished RTL Elaboration : Time (s): cpu = 00:00:02 ; elapsed = 00:00:03 . Memory (MB): peak = 853.988 ; gain = 260.270
---------------------------------------------------------------------------------

Report Check Netlist: 
+------+------------------+-------+---------+-------+------------------+
|      |Item              |Errors |Warnings |Status |Description       |
+------+------------------+-------+---------+-------+------------------+
|1     |multi_driven_nets |      0|        0|Passed |Multi driven nets |
+------+------------------+-------+---------+-------+------------------+
---------------------------------------------------------------------------------
Start Handling Custom Attributes
---------------------------------------------------------------------------------
---------------------------------------------------------------------------------
Finished Handling Custom Attributes : Time (s): cpu = 00:00:02 ; elapsed = 00:00:04 . Memory (MB): peak = 856.625 ; gain = 262.906
---------------------------------------------------------------------------------
---------------------------------------------------------------------------------
Finished RTL Optimization Phase 1 : Time (s): cpu = 00:00:02 ; elapsed = 00:00:04 . Memory (MB): peak = 856.625 ; gain = 262.906
---------------------------------------------------------------------------------
INFO: [Netlist 29-17] Analyzing 21 Unisim elements for replacement
INFO: [Netlist 29-28] Unisim Transformation completed in 0 CPU seconds
INFO: [Project 1-570] Preparing netlist for logic optimization

Processing XDC Constraints
Initializing timing engine
Parsing XDC File [f:/AD/Artix7-7103/01_demo_document/ad9280_ethernet/adc_ethernet.srcs/sources_1/ip/ddr3/ddr3/ddr3_in_context.xdc] for cell 'u_ddr3'
Finished Parsing XDC File [f:/AD/Artix7-7103/01_demo_document/ad9280_ethernet/adc_ethernet.srcs/sources_1/ip/ddr3/ddr3/ddr3_in_context.xdc] for cell 'u_ddr3'
Parsing XDC File [f:/AD/Artix7-7103/01_demo_document/ad9280_ethernet/adc_ethernet.srcs/sources_1/ip/afifo_16i_64o_512/afifo_16i_64o_512/afifo_16i_64o_512_in_context.xdc] for cell 'frame_read_write_m0/write_buf'
Finished Parsing XDC File [f:/AD/Artix7-7103/01_demo_document/ad9280_ethernet/adc_ethernet.srcs/sources_1/ip/afifo_16i_64o_512/afifo_16i_64o_512/afifo_16i_64o_512_in_context.xdc] for cell 'frame_read_write_m0/write_buf'
Parsing XDC File [f:/AD/Artix7-7103/01_demo_document/ad9280_ethernet/adc_ethernet.srcs/sources_1/ip/adc_pll/adc_pll/adc_pll_in_context.xdc] for cell 'adc_pll_m0'
Finished Parsing XDC File [f:/AD/Artix7-7103/01_demo_document/ad9280_ethernet/adc_ethernet.srcs/sources_1/ip/adc_pll/adc_pll/adc_pll_in_context.xdc] for cell 'adc_pll_m0'
Parsing XDC File [f:/AD/Artix7-7103/01_demo_document/ad9280_ethernet/adc_ethernet.srcs/sources_1/ip/afifo_64i_16o_128/afifo_64i_16o_128/afifo_64i_16o_128_in_context.xdc] for cell 'frame_read_write_m0/read_buf'
Finished Parsing XDC File [f:/AD/Artix7-7103/01_demo_document/ad9280_ethernet/adc_ethernet.srcs/sources_1/ip/afifo_64i_16o_128/afifo_64i_16o_128/afifo_64i_16o_128_in_context.xdc] for cell 'frame_read_write_m0/read_buf'
Parsing XDC File [F:/AD/Artix7-7103/01_demo_document/ad9280_ethernet/adc_ethernet.srcs/constrs_1/new/adc_ethernet.xdc]
WARNING: [Designutils 20-1567] Use of 'set_false_path' with '-reset_path' is not supported by synthesis. The constraint will not be passed to synthesis. [F:/AD/Artix7-7103/01_demo_document/ad9280_ethernet/adc_ethernet.srcs/constrs_1/new/adc_ethernet.xdc:109]
WARNING: [Designutils 20-1567] Use of 'set_false_path' with '-reset_path' is not supported by synthesis. The constraint will not be passed to synthesis. [F:/AD/Artix7-7103/01_demo_document/ad9280_ethernet/adc_ethernet.srcs/constrs_1/new/adc_ethernet.xdc:110]
WARNING: [Designutils 20-1567] Use of 'set_false_path' with '-reset_path' is not supported by synthesis. The constraint will not be passed to synthesis. [F:/AD/Artix7-7103/01_demo_document/ad9280_ethernet/adc_ethernet.srcs/constrs_1/new/adc_ethernet.xdc:111]
WARNING: [Designutils 20-1567] Use of 'set_false_path' with '-reset_path' is not supported by synthesis. The constraint will not be passed to synthesis. [F:/AD/Artix7-7103/01_demo_document/ad9280_ethernet/adc_ethernet.srcs/constrs_1/new/adc_ethernet.xdc:112]
WARNING: [Designutils 20-1567] Use of 'set_false_path' with '-reset_path' is not supported by synthesis. The constraint will not be passed to synthesis. [F:/AD/Artix7-7103/01_demo_document/ad9280_ethernet/adc_ethernet.srcs/constrs_1/new/adc_ethernet.xdc:113]
WARNING: [Designutils 20-1567] Use of 'set_false_path' with '-reset_path' is not supported by synthesis. The constraint will not be passed to synthesis. [F:/AD/Artix7-7103/01_demo_document/ad9280_ethernet/adc_ethernet.srcs/constrs_1/new/adc_ethernet.xdc:114]
Finished Parsing XDC File [F:/AD/Artix7-7103/01_demo_document/ad9280_ethernet/adc_ethernet.srcs/constrs_1/new/adc_ethernet.xdc]
INFO: [Project 1-236] Implementation specific constraints were found while reading constraint file [F:/AD/Artix7-7103/01_demo_document/ad9280_ethernet/adc_ethernet.srcs/constrs_1/new/adc_ethernet.xdc]. These constraints will be ignored for synthesis but will be used in implementation. Impacted constraints are listed in the file [.Xil/top_propImpl.xdc].
Resolution: To avoid this warning, move constraints listed in [.Xil/top_propImpl.xdc] to another XDC file and exclude this new file from synthesis with the used_in_synthesis property (File Properties dialog in GUI) and re-run elaboration/synthesis.
Completed Processing XDC Constraints

Netlist sorting complete. Time (s): cpu = 00:00:00 ; elapsed = 00:00:00.001 . Memory (MB): peak = 1017.543 ; gain = 0.000
INFO: [Project 1-111] Unisim Transformation Summary:
  A total of 3 instances were transformed.
  IBUFGDS => IBUFDS: 1 instances
  IOBUF => IOBUF (IBUF, OBUFT): 2 instances

Constraint Validation Runtime : Time (s): cpu = 00:00:00 ; elapsed = 00:00:00.029 . Memory (MB): peak = 1017.543 ; gain = 0.000
WARNING: [Timing 38-316] Clock period '10.000' specified during out-of-context synthesis of instance 'frame_read_write_m0/read_buf' at clock pin 'rd_clk' is different from the actual clock period '8.000', this can lead to different synthesis results.
---------------------------------------------------------------------------------
Finished Constraint Validation : Time (s): cpu = 00:00:04 ; elapsed = 00:00:09 . Memory (MB): peak = 1020.699 ; gain = 426.980
---------------------------------------------------------------------------------
---------------------------------------------------------------------------------
Start Loading Part and Timing Information
---------------------------------------------------------------------------------
Loading part: xc7a100tfgg484-2
---------------------------------------------------------------------------------
Finished Loading Part and Timing Information : Time (s): cpu = 00:00:04 ; elapsed = 00:00:09 . Memory (MB): peak = 1020.699 ; gain = 426.980
---------------------------------------------------------------------------------
---------------------------------------------------------------------------------
Start Applying 'set_property' XDC Constraints
---------------------------------------------------------------------------------
Applied set_property IO_BUFFER_TYPE = NONE for ddr3_addr[0]. (constraint file  f:/AD/Artix7-7103/01_demo_document/ad9280_ethernet/adc_ethernet.srcs/sources_1/ip/ddr3/ddr3/ddr3_in_context.xdc, line 2).
Applied set_property CLOCK_BUFFER_TYPE = NONE for ddr3_addr[0]. (constraint file  f:/AD/Artix7-7103/01_demo_document/ad9280_ethernet/adc_ethernet.srcs/sources_1/ip/ddr3/ddr3/ddr3_in_context.xdc, line 3).
Applied set_property IO_BUFFER_TYPE = NONE for ddr3_addr[10]. (constraint file  f:/AD/Artix7-7103/01_demo_document/ad9280_ethernet/adc_ethernet.srcs/sources_1/ip/ddr3/ddr3/ddr3_in_context.xdc, line 4).
Applied set_property CLOCK_BUFFER_TYPE = NONE for ddr3_addr[10]. (constraint file  f:/AD/Artix7-7103/01_demo_document/ad9280_ethernet/adc_ethernet.srcs/sources_1/ip/ddr3/ddr3/ddr3_in_context.xdc, line 5).
Applied set_property IO_BUFFER_TYPE = NONE for ddr3_addr[11]. (constraint file  f:/AD/Artix7-7103/01_demo_document/ad9280_ethernet/adc_ethernet.srcs/sources_1/ip/ddr3/ddr3/ddr3_in_context.xdc, line 6).
Applied set_property CLOCK_BUFFER_TYPE = NONE for ddr3_addr[11]. (constraint file  f:/AD/Artix7-7103/01_demo_document/ad9280_ethernet/adc_ethernet.srcs/sources_1/ip/ddr3/ddr3/ddr3_in_context.xdc, line 7).
Applied set_property IO_BUFFER_TYPE = NONE for ddr3_addr[12]. (constraint file  f:/AD/Artix7-7103/01_demo_document/ad9280_ethernet/adc_ethernet.srcs/sources_1/ip/ddr3/ddr3/ddr3_in_context.xdc, line 8).
Applied set_property CLOCK_BUFFER_TYPE = NONE for ddr3_addr[12]. (constraint file  f:/AD/Artix7-7103/01_demo_document/ad9280_ethernet/adc_ethernet.srcs/sources_1/ip/ddr3/ddr3/ddr3_in_context.xdc, line 9).
Applied set_property IO_BUFFER_TYPE = NONE for ddr3_addr[13]. (constraint file  f:/AD/Artix7-7103/01_demo_document/ad9280_ethernet/adc_ethernet.srcs/sources_1/ip/ddr3/ddr3/ddr3_in_context.xdc, line 10).
Applied set_property CLOCK_BUFFER_TYPE = NONE for ddr3_addr[13]. (constraint file  f:/AD/Artix7-7103/01_demo_document/ad9280_ethernet/adc_ethernet.srcs/sources_1/ip/ddr3/ddr3/ddr3_in_context.xdc, line 11).
Applied set_property IO_BUFFER_TYPE = NONE for ddr3_addr[14]. (constraint file  f:/AD/Artix7-7103/01_demo_document/ad9280_ethernet/adc_ethernet.srcs/sources_1/ip/ddr3/ddr3/ddr3_in_context.xdc, line 12).
Applied set_property CLOCK_BUFFER_TYPE = NONE for ddr3_addr[14]. (constraint file  f:/AD/Artix7-7103/01_demo_document/ad9280_ethernet/adc_ethernet.srcs/sources_1/ip/ddr3/ddr3/ddr3_in_context.xdc, line 13).
Applied set_property IO_BUFFER_TYPE = NONE for ddr3_addr[1]. (constraint file  f:/AD/Artix7-7103/01_demo_document/ad9280_ethernet/adc_ethernet.srcs/sources_1/ip/ddr3/ddr3/ddr3_in_context.xdc, line 14).
Applied set_property CLOCK_BUFFER_TYPE = NONE for ddr3_addr[1]. (constraint file  f:/AD/Artix7-7103/01_demo_document/ad9280_ethernet/adc_ethernet.srcs/sources_1/ip/ddr3/ddr3/ddr3_in_context.xdc, line 15).
Applied set_property IO_BUFFER_TYPE = NONE for ddr3_addr[2]. (constraint file  f:/AD/Artix7-7103/01_demo_document/ad9280_ethernet/adc_ethernet.srcs/sources_1/ip/ddr3/ddr3/ddr3_in_context.xdc, line 16).
Applied set_property CLOCK_BUFFER_TYPE = NONE for ddr3_addr[2]. (constraint file  f:/AD/Artix7-7103/01_demo_document/ad9280_ethernet/adc_ethernet.srcs/sources_1/ip/ddr3/ddr3/ddr3_in_context.xdc, line 17).
Applied set_property IO_BUFFER_TYPE = NONE for ddr3_addr[3]. (constraint file  f:/AD/Artix7-7103/01_demo_document/ad9280_ethernet/adc_ethernet.srcs/sources_1/ip/ddr3/ddr3/ddr3_in_context.xdc, line 18).
Applied set_property CLOCK_BUFFER_TYPE = NONE for ddr3_addr[3]. (constraint file  f:/AD/Artix7-7103/01_demo_document/ad9280_ethernet/adc_ethernet.srcs/sources_1/ip/ddr3/ddr3/ddr3_in_context.xdc, line 19).
Applied set_property IO_BUFFER_TYPE = NONE for ddr3_addr[4]. (constraint file  f:/AD/Artix7-7103/01_demo_document/ad9280_ethernet/adc_ethernet.srcs/sources_1/ip/ddr3/ddr3/ddr3_in_context.xdc, line 20).
Applied set_property CLOCK_BUFFER_TYPE = NONE for ddr3_addr[4]. (constraint file  f:/AD/Artix7-7103/01_demo_document/ad9280_ethernet/adc_ethernet.srcs/sources_1/ip/ddr3/ddr3/ddr3_in_context.xdc, line 21).
Applied set_property IO_BUFFER_TYPE = NONE for ddr3_addr[5]. (constraint file  f:/AD/Artix7-7103/01_demo_document/ad9280_ethernet/adc_ethernet.srcs/sources_1/ip/ddr3/ddr3/ddr3_in_context.xdc, line 22).
Applied set_property CLOCK_BUFFER_TYPE = NONE for ddr3_addr[5]. (constraint file  f:/AD/Artix7-7103/01_demo_document/ad9280_ethernet/adc_ethernet.srcs/sources_1/ip/ddr3/ddr3/ddr3_in_context.xdc, line 23).
Applied set_property IO_BUFFER_TYPE = NONE for ddr3_addr[6]. (constraint file  f:/AD/Artix7-7103/01_demo_document/ad9280_ethernet/adc_ethernet.srcs/sources_1/ip/ddr3/ddr3/ddr3_in_context.xdc, line 24).
Applied set_property CLOCK_BUFFER_TYPE = NONE for ddr3_addr[6]. (constraint file  f:/AD/Artix7-7103/01_demo_document/ad9280_ethernet/adc_ethernet.srcs/sources_1/ip/ddr3/ddr3/ddr3_in_context.xdc, line 25).
Applied set_property IO_BUFFER_TYPE = NONE for ddr3_addr[7]. (constraint file  f:/AD/Artix7-7103/01_demo_document/ad9280_ethernet/adc_ethernet.srcs/sources_1/ip/ddr3/ddr3/ddr3_in_context.xdc, line 26).
Applied set_property CLOCK_BUFFER_TYPE = NONE for ddr3_addr[7]. (constraint file  f:/AD/Artix7-7103/01_demo_document/ad9280_ethernet/adc_ethernet.srcs/sources_1/ip/ddr3/ddr3/ddr3_in_context.xdc, line 27).
Applied set_property IO_BUFFER_TYPE = NONE for ddr3_addr[8]. (constraint file  f:/AD/Artix7-7103/01_demo_document/ad9280_ethernet/adc_ethernet.srcs/sources_1/ip/ddr3/ddr3/ddr3_in_context.xdc, line 28).
Applied set_property CLOCK_BUFFER_TYPE = NONE for ddr3_addr[8]. (constraint file  f:/AD/Artix7-7103/01_demo_document/ad9280_ethernet/adc_ethernet.srcs/sources_1/ip/ddr3/ddr3/ddr3_in_context.xdc, line 29).
Applied set_property IO_BUFFER_TYPE = NONE for ddr3_addr[9]. (constraint file  f:/AD/Artix7-7103/01_demo_document/ad9280_ethernet/adc_ethernet.srcs/sources_1/ip/ddr3/ddr3/ddr3_in_context.xdc, line 30).
Applied set_property CLOCK_BUFFER_TYPE = NONE for ddr3_addr[9]. (constraint file  f:/AD/Artix7-7103/01_demo_document/ad9280_ethernet/adc_ethernet.srcs/sources_1/ip/ddr3/ddr3/ddr3_in_context.xdc, line 31).
Applied set_property IO_BUFFER_TYPE = NONE for ddr3_ba[0]. (constraint file  f:/AD/Artix7-7103/01_demo_document/ad9280_ethernet/adc_ethernet.srcs/sources_1/ip/ddr3/ddr3/ddr3_in_context.xdc, line 32).
Applied set_property CLOCK_BUFFER_TYPE = NONE for ddr3_ba[0]. (constraint file  f:/AD/Artix7-7103/01_demo_document/ad9280_ethernet/adc_ethernet.srcs/sources_1/ip/ddr3/ddr3/ddr3_in_context.xdc, line 33).
Applied set_property IO_BUFFER_TYPE = NONE for ddr3_ba[1]. (constraint file  f:/AD/Artix7-7103/01_demo_document/ad9280_ethernet/adc_ethernet.srcs/sources_1/ip/ddr3/ddr3/ddr3_in_context.xdc, line 34).
Applied set_property CLOCK_BUFFER_TYPE = NONE for ddr3_ba[1]. (constraint file  f:/AD/Artix7-7103/01_demo_document/ad9280_ethernet/adc_ethernet.srcs/sources_1/ip/ddr3/ddr3/ddr3_in_context.xdc, line 35).
Applied set_property IO_BUFFER_TYPE = NONE for ddr3_ba[2]. (constraint file  f:/AD/Artix7-7103/01_demo_document/ad9280_ethernet/adc_ethernet.srcs/sources_1/ip/ddr3/ddr3/ddr3_in_context.xdc, line 36).
Applied set_property CLOCK_BUFFER_TYPE = NONE for ddr3_ba[2]. (constraint file  f:/AD/Artix7-7103/01_demo_document/ad9280_ethernet/adc_ethernet.srcs/sources_1/ip/ddr3/ddr3/ddr3_in_context.xdc, line 37).
Applied set_property IO_BUFFER_TYPE = NONE for ddr3_cas_n. (constraint file  f:/AD/Artix7-7103/01_demo_document/ad9280_ethernet/adc_ethernet.srcs/sources_1/ip/ddr3/ddr3/ddr3_in_context.xdc, line 38).
Applied set_property CLOCK_BUFFER_TYPE = NONE for ddr3_cas_n. (constraint file  f:/AD/Artix7-7103/01_demo_document/ad9280_ethernet/adc_ethernet.srcs/sources_1/ip/ddr3/ddr3/ddr3_in_context.xdc, line 39).
Applied set_property IO_BUFFER_TYPE = NONE for ddr3_ck_n[0]. (constraint file  f:/AD/Artix7-7103/01_demo_document/ad9280_ethernet/adc_ethernet.srcs/sources_1/ip/ddr3/ddr3/ddr3_in_context.xdc, line 40).
Applied set_property CLOCK_BUFFER_TYPE = NONE for ddr3_ck_n[0]. (constraint file  f:/AD/Artix7-7103/01_demo_document/ad9280_ethernet/adc_ethernet.srcs/sources_1/ip/ddr3/ddr3/ddr3_in_context.xdc, line 41).
Applied set_property IO_BUFFER_TYPE = NONE for ddr3_ck_p[0]. (constraint file  f:/AD/Artix7-7103/01_demo_document/ad9280_ethernet/adc_ethernet.srcs/sources_1/ip/ddr3/ddr3/ddr3_in_context.xdc, line 42).
Applied set_property CLOCK_BUFFER_TYPE = NONE for ddr3_ck_p[0]. (constraint file  f:/AD/Artix7-7103/01_demo_document/ad9280_ethernet/adc_ethernet.srcs/sources_1/ip/ddr3/ddr3/ddr3_in_context.xdc, line 43).
Applied set_property IO_BUFFER_TYPE = NONE for ddr3_cke[0]. (constraint file  f:/AD/Artix7-7103/01_demo_document/ad9280_ethernet/adc_ethernet.srcs/sources_1/ip/ddr3/ddr3/ddr3_in_context.xdc, line 44).
Applied set_property CLOCK_BUFFER_TYPE = NONE for ddr3_cke[0]. (constraint file  f:/AD/Artix7-7103/01_demo_document/ad9280_ethernet/adc_ethernet.srcs/sources_1/ip/ddr3/ddr3/ddr3_in_context.xdc, line 45).
Applied set_property IO_BUFFER_TYPE = NONE for ddr3_cs_n[0]. (constraint file  f:/AD/Artix7-7103/01_demo_document/ad9280_ethernet/adc_ethernet.srcs/sources_1/ip/ddr3/ddr3/ddr3_in_context.xdc, line 46).
Applied set_property CLOCK_BUFFER_TYPE = NONE for ddr3_cs_n[0]. (constraint file  f:/AD/Artix7-7103/01_demo_document/ad9280_ethernet/adc_ethernet.srcs/sources_1/ip/ddr3/ddr3/ddr3_in_context.xdc, line 47).
Applied set_property IO_BUFFER_TYPE = NONE for ddr3_dm[0]. (constraint file  f:/AD/Artix7-7103/01_demo_document/ad9280_ethernet/adc_ethernet.srcs/sources_1/ip/ddr3/ddr3/ddr3_in_context.xdc, line 48).
Applied set_property CLOCK_BUFFER_TYPE = NONE for ddr3_dm[0]. (constraint file  f:/AD/Artix7-7103/01_demo_document/ad9280_ethernet/adc_ethernet.srcs/sources_1/ip/ddr3/ddr3/ddr3_in_context.xdc, line 49).
Applied set_property IO_BUFFER_TYPE = NONE for ddr3_dm[1]. (constraint file  f:/AD/Artix7-7103/01_demo_document/ad9280_ethernet/adc_ethernet.srcs/sources_1/ip/ddr3/ddr3/ddr3_in_context.xdc, line 50).
Applied set_property CLOCK_BUFFER_TYPE = NONE for ddr3_dm[1]. (constraint file  f:/AD/Artix7-7103/01_demo_document/ad9280_ethernet/adc_ethernet.srcs/sources_1/ip/ddr3/ddr3/ddr3_in_context.xdc, line 51).
Applied set_property IO_BUFFER_TYPE = NONE for ddr3_dm[2]. (constraint file  f:/AD/Artix7-7103/01_demo_document/ad9280_ethernet/adc_ethernet.srcs/sources_1/ip/ddr3/ddr3/ddr3_in_context.xdc, line 52).
Applied set_property CLOCK_BUFFER_TYPE = NONE for ddr3_dm[2]. (constraint file  f:/AD/Artix7-7103/01_demo_document/ad9280_ethernet/adc_ethernet.srcs/sources_1/ip/ddr3/ddr3/ddr3_in_context.xdc, line 53).
Applied set_property IO_BUFFER_TYPE = NONE for ddr3_dm[3]. (constraint file  f:/AD/Artix7-7103/01_demo_document/ad9280_ethernet/adc_ethernet.srcs/sources_1/ip/ddr3/ddr3/ddr3_in_context.xdc, line 54).
Applied set_property CLOCK_BUFFER_TYPE = NONE for ddr3_dm[3]. (constraint file  f:/AD/Artix7-7103/01_demo_document/ad9280_ethernet/adc_ethernet.srcs/sources_1/ip/ddr3/ddr3/ddr3_in_context.xdc, line 55).
Applied set_property IO_BUFFER_TYPE = NONE for ddr3_dq[0]. (constraint file  f:/AD/Artix7-7103/01_demo_document/ad9280_ethernet/adc_ethernet.srcs/sources_1/ip/ddr3/ddr3/ddr3_in_context.xdc, line 56).
Applied set_property CLOCK_BUFFER_TYPE = NONE for ddr3_dq[0]. (constraint file  f:/AD/Artix7-7103/01_demo_document/ad9280_ethernet/adc_ethernet.srcs/sources_1/ip/ddr3/ddr3/ddr3_in_context.xdc, line 57).
Applied set_property IO_BUFFER_TYPE = NONE for ddr3_dq[10]. (constraint file  f:/AD/Artix7-7103/01_demo_document/ad9280_ethernet/adc_ethernet.srcs/sources_1/ip/ddr3/ddr3/ddr3_in_context.xdc, line 58).
Applied set_property CLOCK_BUFFER_TYPE = NONE for ddr3_dq[10]. (constraint file  f:/AD/Artix7-7103/01_demo_document/ad9280_ethernet/adc_ethernet.srcs/sources_1/ip/ddr3/ddr3/ddr3_in_context.xdc, line 59).
Applied set_property IO_BUFFER_TYPE = NONE for ddr3_dq[11]. (constraint file  f:/AD/Artix7-7103/01_demo_document/ad9280_ethernet/adc_ethernet.srcs/sources_1/ip/ddr3/ddr3/ddr3_in_context.xdc, line 60).
Applied set_property CLOCK_BUFFER_TYPE = NONE for ddr3_dq[11]. (constraint file  f:/AD/Artix7-7103/01_demo_document/ad9280_ethernet/adc_ethernet.srcs/sources_1/ip/ddr3/ddr3/ddr3_in_context.xdc, line 61).
Applied set_property IO_BUFFER_TYPE = NONE for ddr3_dq[12]. (constraint file  f:/AD/Artix7-7103/01_demo_document/ad9280_ethernet/adc_ethernet.srcs/sources_1/ip/ddr3/ddr3/ddr3_in_context.xdc, line 62).
Applied set_property CLOCK_BUFFER_TYPE = NONE for ddr3_dq[12]. (constraint file  f:/AD/Artix7-7103/01_demo_document/ad9280_ethernet/adc_ethernet.srcs/sources_1/ip/ddr3/ddr3/ddr3_in_context.xdc, line 63).
Applied set_property IO_BUFFER_TYPE = NONE for ddr3_dq[13]. (constraint file  f:/AD/Artix7-7103/01_demo_document/ad9280_ethernet/adc_ethernet.srcs/sources_1/ip/ddr3/ddr3/ddr3_in_context.xdc, line 64).
Applied set_property CLOCK_BUFFER_TYPE = NONE for ddr3_dq[13]. (constraint file  f:/AD/Artix7-7103/01_demo_document/ad9280_ethernet/adc_ethernet.srcs/sources_1/ip/ddr3/ddr3/ddr3_in_context.xdc, line 65).
Applied set_property IO_BUFFER_TYPE = NONE for ddr3_dq[14]. (constraint file  f:/AD/Artix7-7103/01_demo_document/ad9280_ethernet/adc_ethernet.srcs/sources_1/ip/ddr3/ddr3/ddr3_in_context.xdc, line 66).
Applied set_property CLOCK_BUFFER_TYPE = NONE for ddr3_dq[14]. (constraint file  f:/AD/Artix7-7103/01_demo_document/ad9280_ethernet/adc_ethernet.srcs/sources_1/ip/ddr3/ddr3/ddr3_in_context.xdc, line 67).
Applied set_property IO_BUFFER_TYPE = NONE for ddr3_dq[15]. (constraint file  f:/AD/Artix7-7103/01_demo_document/ad9280_ethernet/adc_ethernet.srcs/sources_1/ip/ddr3/ddr3/ddr3_in_context.xdc, line 68).
Applied set_property CLOCK_BUFFER_TYPE = NONE for ddr3_dq[15]. (constraint file  f:/AD/Artix7-7103/01_demo_document/ad9280_ethernet/adc_ethernet.srcs/sources_1/ip/ddr3/ddr3/ddr3_in_context.xdc, line 69).
Applied set_property IO_BUFFER_TYPE = NONE for ddr3_dq[16]. (constraint file  f:/AD/Artix7-7103/01_demo_document/ad9280_ethernet/adc_ethernet.srcs/sources_1/ip/ddr3/ddr3/ddr3_in_context.xdc, line 70).
Applied set_property CLOCK_BUFFER_TYPE = NONE for ddr3_dq[16]. (constraint file  f:/AD/Artix7-7103/01_demo_document/ad9280_ethernet/adc_ethernet.srcs/sources_1/ip/ddr3/ddr3/ddr3_in_context.xdc, line 71).
Applied set_property IO_BUFFER_TYPE = NONE for ddr3_dq[17]. (constraint file  f:/AD/Artix7-7103/01_demo_document/ad9280_ethernet/adc_ethernet.srcs/sources_1/ip/ddr3/ddr3/ddr3_in_context.xdc, line 72).
Applied set_property CLOCK_BUFFER_TYPE = NONE for ddr3_dq[17]. (constraint file  f:/AD/Artix7-7103/01_demo_document/ad9280_ethernet/adc_ethernet.srcs/sources_1/ip/ddr3/ddr3/ddr3_in_context.xdc, line 73).
Applied set_property IO_BUFFER_TYPE = NONE for ddr3_dq[18]. (constraint file  f:/AD/Artix7-7103/01_demo_document/ad9280_ethernet/adc_ethernet.srcs/sources_1/ip/ddr3/ddr3/ddr3_in_context.xdc, line 74).
Applied set_property CLOCK_BUFFER_TYPE = NONE for ddr3_dq[18]. (constraint file  f:/AD/Artix7-7103/01_demo_document/ad9280_ethernet/adc_ethernet.srcs/sources_1/ip/ddr3/ddr3/ddr3_in_context.xdc, line 75).
Applied set_property IO_BUFFER_TYPE = NONE for ddr3_dq[19]. (constraint file  f:/AD/Artix7-7103/01_demo_document/ad9280_ethernet/adc_ethernet.srcs/sources_1/ip/ddr3/ddr3/ddr3_in_context.xdc, line 76).
Applied set_property CLOCK_BUFFER_TYPE = NONE for ddr3_dq[19]. (constraint file  f:/AD/Artix7-7103/01_demo_document/ad9280_ethernet/adc_ethernet.srcs/sources_1/ip/ddr3/ddr3/ddr3_in_context.xdc, line 77).
Applied set_property IO_BUFFER_TYPE = NONE for ddr3_dq[1]. (constraint file  f:/AD/Artix7-7103/01_demo_document/ad9280_ethernet/adc_ethernet.srcs/sources_1/ip/ddr3/ddr3/ddr3_in_context.xdc, line 78).
Applied set_property CLOCK_BUFFER_TYPE = NONE for ddr3_dq[1]. (constraint file  f:/AD/Artix7-7103/01_demo_document/ad9280_ethernet/adc_ethernet.srcs/sources_1/ip/ddr3/ddr3/ddr3_in_context.xdc, line 79).
Applied set_property IO_BUFFER_TYPE = NONE for ddr3_dq[20]. (constraint file  f:/AD/Artix7-7103/01_demo_document/ad9280_ethernet/adc_ethernet.srcs/sources_1/ip/ddr3/ddr3/ddr3_in_context.xdc, line 80).
Applied set_property CLOCK_BUFFER_TYPE = NONE for ddr3_dq[20]. (constraint file  f:/AD/Artix7-7103/01_demo_document/ad9280_ethernet/adc_ethernet.srcs/sources_1/ip/ddr3/ddr3/ddr3_in_context.xdc, line 81).
Applied set_property IO_BUFFER_TYPE = NONE for ddr3_dq[21]. (constraint file  f:/AD/Artix7-7103/01_demo_document/ad9280_ethernet/adc_ethernet.srcs/sources_1/ip/ddr3/ddr3/ddr3_in_context.xdc, line 82).
Applied set_property CLOCK_BUFFER_TYPE = NONE for ddr3_dq[21]. (constraint file  f:/AD/Artix7-7103/01_demo_document/ad9280_ethernet/adc_ethernet.srcs/sources_1/ip/ddr3/ddr3/ddr3_in_context.xdc, line 83).
Applied set_property IO_BUFFER_TYPE = NONE for ddr3_dq[22]. (constraint file  f:/AD/Artix7-7103/01_demo_document/ad9280_ethernet/adc_ethernet.srcs/sources_1/ip/ddr3/ddr3/ddr3_in_context.xdc, line 84).
Applied set_property CLOCK_BUFFER_TYPE = NONE for ddr3_dq[22]. (constraint file  f:/AD/Artix7-7103/01_demo_document/ad9280_ethernet/adc_ethernet.srcs/sources_1/ip/ddr3/ddr3/ddr3_in_context.xdc, line 85).
Applied set_property IO_BUFFER_TYPE = NONE for ddr3_dq[23]. (constraint file  f:/AD/Artix7-7103/01_demo_document/ad9280_ethernet/adc_ethernet.srcs/sources_1/ip/ddr3/ddr3/ddr3_in_context.xdc, line 86).
Applied set_property CLOCK_BUFFER_TYPE = NONE for ddr3_dq[23]. (constraint file  f:/AD/Artix7-7103/01_demo_document/ad9280_ethernet/adc_ethernet.srcs/sources_1/ip/ddr3/ddr3/ddr3_in_context.xdc, line 87).
Applied set_property IO_BUFFER_TYPE = NONE for ddr3_dq[24]. (constraint file  f:/AD/Artix7-7103/01_demo_document/ad9280_ethernet/adc_ethernet.srcs/sources_1/ip/ddr3/ddr3/ddr3_in_context.xdc, line 88).
Applied set_property CLOCK_BUFFER_TYPE = NONE for ddr3_dq[24]. (constraint file  f:/AD/Artix7-7103/01_demo_document/ad9280_ethernet/adc_ethernet.srcs/sources_1/ip/ddr3/ddr3/ddr3_in_context.xdc, line 89).
Applied set_property IO_BUFFER_TYPE = NONE for ddr3_dq[25]. (constraint file  f:/AD/Artix7-7103/01_demo_document/ad9280_ethernet/adc_ethernet.srcs/sources_1/ip/ddr3/ddr3/ddr3_in_context.xdc, line 90).
Applied set_property CLOCK_BUFFER_TYPE = NONE for ddr3_dq[25]. (constraint file  f:/AD/Artix7-7103/01_demo_document/ad9280_ethernet/adc_ethernet.srcs/sources_1/ip/ddr3/ddr3/ddr3_in_context.xdc, line 91).
Applied set_property IO_BUFFER_TYPE = NONE for ddr3_dq[26]. (constraint file  f:/AD/Artix7-7103/01_demo_document/ad9280_ethernet/adc_ethernet.srcs/sources_1/ip/ddr3/ddr3/ddr3_in_context.xdc, line 92).
Applied set_property CLOCK_BUFFER_TYPE = NONE for ddr3_dq[26]. (constraint file  f:/AD/Artix7-7103/01_demo_document/ad9280_ethernet/adc_ethernet.srcs/sources_1/ip/ddr3/ddr3/ddr3_in_context.xdc, line 93).
Applied set_property IO_BUFFER_TYPE = NONE for ddr3_dq[27]. (constraint file  f:/AD/Artix7-7103/01_demo_document/ad9280_ethernet/adc_ethernet.srcs/sources_1/ip/ddr3/ddr3/ddr3_in_context.xdc, line 94).
Applied set_property CLOCK_BUFFER_TYPE = NONE for ddr3_dq[27]. (constraint file  f:/AD/Artix7-7103/01_demo_document/ad9280_ethernet/adc_ethernet.srcs/sources_1/ip/ddr3/ddr3/ddr3_in_context.xdc, line 95).
Applied set_property IO_BUFFER_TYPE = NONE for ddr3_dq[28]. (constraint file  f:/AD/Artix7-7103/01_demo_document/ad9280_ethernet/adc_ethernet.srcs/sources_1/ip/ddr3/ddr3/ddr3_in_context.xdc, line 96).
Applied set_property CLOCK_BUFFER_TYPE = NONE for ddr3_dq[28]. (constraint file  f:/AD/Artix7-7103/01_demo_document/ad9280_ethernet/adc_ethernet.srcs/sources_1/ip/ddr3/ddr3/ddr3_in_context.xdc, line 97).
Applied set_property IO_BUFFER_TYPE = NONE for ddr3_dq[29]. (constraint file  f:/AD/Artix7-7103/01_demo_document/ad9280_ethernet/adc_ethernet.srcs/sources_1/ip/ddr3/ddr3/ddr3_in_context.xdc, line 98).
Applied set_property CLOCK_BUFFER_TYPE = NONE for ddr3_dq[29]. (constraint file  f:/AD/Artix7-7103/01_demo_document/ad9280_ethernet/adc_ethernet.srcs/sources_1/ip/ddr3/ddr3/ddr3_in_context.xdc, line 99).
Applied set_property IO_BUFFER_TYPE = NONE for ddr3_dq[2]. (constraint file  f:/AD/Artix7-7103/01_demo_document/ad9280_ethernet/adc_ethernet.srcs/sources_1/ip/ddr3/ddr3/ddr3_in_context.xdc, line 100).
Applied set_property CLOCK_BUFFER_TYPE = NONE for ddr3_dq[2]. (constraint file  f:/AD/Artix7-7103/01_demo_document/ad9280_ethernet/adc_ethernet.srcs/sources_1/ip/ddr3/ddr3/ddr3_in_context.xdc, line 101).
Applied set_property IO_BUFFER_TYPE = NONE for ddr3_dq[30]. (constraint file  f:/AD/Artix7-7103/01_demo_document/ad9280_ethernet/adc_ethernet.srcs/sources_1/ip/ddr3/ddr3/ddr3_in_context.xdc, line 102).
Applied set_property CLOCK_BUFFER_TYPE = NONE for ddr3_dq[30]. (constraint file  f:/AD/Artix7-7103/01_demo_document/ad9280_ethernet/adc_ethernet.srcs/sources_1/ip/ddr3/ddr3/ddr3_in_context.xdc, line 103).
Applied set_property IO_BUFFER_TYPE = NONE for ddr3_dq[31]. (constraint file  f:/AD/Artix7-7103/01_demo_document/ad9280_ethernet/adc_ethernet.srcs/sources_1/ip/ddr3/ddr3/ddr3_in_context.xdc, line 104).
Applied set_property CLOCK_BUFFER_TYPE = NONE for ddr3_dq[31]. (constraint file  f:/AD/Artix7-7103/01_demo_document/ad9280_ethernet/adc_ethernet.srcs/sources_1/ip/ddr3/ddr3/ddr3_in_context.xdc, line 105).
Applied set_property IO_BUFFER_TYPE = NONE for ddr3_dq[3]. (constraint file  f:/AD/Artix7-7103/01_demo_document/ad9280_ethernet/adc_ethernet.srcs/sources_1/ip/ddr3/ddr3/ddr3_in_context.xdc, line 106).
Applied set_property CLOCK_BUFFER_TYPE = NONE for ddr3_dq[3]. (constraint file  f:/AD/Artix7-7103/01_demo_document/ad9280_ethernet/adc_ethernet.srcs/sources_1/ip/ddr3/ddr3/ddr3_in_context.xdc, line 107).
Applied set_property IO_BUFFER_TYPE = NONE for ddr3_dq[4]. (constraint file  f:/AD/Artix7-7103/01_demo_document/ad9280_ethernet/adc_ethernet.srcs/sources_1/ip/ddr3/ddr3/ddr3_in_context.xdc, line 108).
Applied set_property CLOCK_BUFFER_TYPE = NONE for ddr3_dq[4]. (constraint file  f:/AD/Artix7-7103/01_demo_document/ad9280_ethernet/adc_ethernet.srcs/sources_1/ip/ddr3/ddr3/ddr3_in_context.xdc, line 109).
Applied set_property IO_BUFFER_TYPE = NONE for ddr3_dq[5]. (constraint file  f:/AD/Artix7-7103/01_demo_document/ad9280_ethernet/adc_ethernet.srcs/sources_1/ip/ddr3/ddr3/ddr3_in_context.xdc, line 110).
Applied set_property CLOCK_BUFFER_TYPE = NONE for ddr3_dq[5]. (constraint file  f:/AD/Artix7-7103/01_demo_document/ad9280_ethernet/adc_ethernet.srcs/sources_1/ip/ddr3/ddr3/ddr3_in_context.xdc, line 111).
Applied set_property IO_BUFFER_TYPE = NONE for ddr3_dq[6]. (constraint file  f:/AD/Artix7-7103/01_demo_document/ad9280_ethernet/adc_ethernet.srcs/sources_1/ip/ddr3/ddr3/ddr3_in_context.xdc, line 112).
Applied set_property CLOCK_BUFFER_TYPE = NONE for ddr3_dq[6]. (constraint file  f:/AD/Artix7-7103/01_demo_document/ad9280_ethernet/adc_ethernet.srcs/sources_1/ip/ddr3/ddr3/ddr3_in_context.xdc, line 113).
Applied set_property IO_BUFFER_TYPE = NONE for ddr3_dq[7]. (constraint file  f:/AD/Artix7-7103/01_demo_document/ad9280_ethernet/adc_ethernet.srcs/sources_1/ip/ddr3/ddr3/ddr3_in_context.xdc, line 114).
Applied set_property CLOCK_BUFFER_TYPE = NONE for ddr3_dq[7]. (constraint file  f:/AD/Artix7-7103/01_demo_document/ad9280_ethernet/adc_ethernet.srcs/sources_1/ip/ddr3/ddr3/ddr3_in_context.xdc, line 115).
Applied set_property IO_BUFFER_TYPE = NONE for ddr3_dq[8]. (constraint file  f:/AD/Artix7-7103/01_demo_document/ad9280_ethernet/adc_ethernet.srcs/sources_1/ip/ddr3/ddr3/ddr3_in_context.xdc, line 116).
Applied set_property CLOCK_BUFFER_TYPE = NONE for ddr3_dq[8]. (constraint file  f:/AD/Artix7-7103/01_demo_document/ad9280_ethernet/adc_ethernet.srcs/sources_1/ip/ddr3/ddr3/ddr3_in_context.xdc, line 117).
Applied set_property IO_BUFFER_TYPE = NONE for ddr3_dq[9]. (constraint file  f:/AD/Artix7-7103/01_demo_document/ad9280_ethernet/adc_ethernet.srcs/sources_1/ip/ddr3/ddr3/ddr3_in_context.xdc, line 118).
Applied set_property CLOCK_BUFFER_TYPE = NONE for ddr3_dq[9]. (constraint file  f:/AD/Artix7-7103/01_demo_document/ad9280_ethernet/adc_ethernet.srcs/sources_1/ip/ddr3/ddr3/ddr3_in_context.xdc, line 119).
Applied set_property IO_BUFFER_TYPE = NONE for ddr3_dqs_n[0]. (constraint file  f:/AD/Artix7-7103/01_demo_document/ad9280_ethernet/adc_ethernet.srcs/sources_1/ip/ddr3/ddr3/ddr3_in_context.xdc, line 120).
Applied set_property CLOCK_BUFFER_TYPE = NONE for ddr3_dqs_n[0]. (constraint file  f:/AD/Artix7-7103/01_demo_document/ad9280_ethernet/adc_ethernet.srcs/sources_1/ip/ddr3/ddr3/ddr3_in_context.xdc, line 121).
Applied set_property IO_BUFFER_TYPE = NONE for ddr3_dqs_n[1]. (constraint file  f:/AD/Artix7-7103/01_demo_document/ad9280_ethernet/adc_ethernet.srcs/sources_1/ip/ddr3/ddr3/ddr3_in_context.xdc, line 122).
Applied set_property CLOCK_BUFFER_TYPE = NONE for ddr3_dqs_n[1]. (constraint file  f:/AD/Artix7-7103/01_demo_document/ad9280_ethernet/adc_ethernet.srcs/sources_1/ip/ddr3/ddr3/ddr3_in_context.xdc, line 123).
Applied set_property IO_BUFFER_TYPE = NONE for ddr3_dqs_n[2]. (constraint file  f:/AD/Artix7-7103/01_demo_document/ad9280_ethernet/adc_ethernet.srcs/sources_1/ip/ddr3/ddr3/ddr3_in_context.xdc, line 124).
Applied set_property CLOCK_BUFFER_TYPE = NONE for ddr3_dqs_n[2]. (constraint file  f:/AD/Artix7-7103/01_demo_document/ad9280_ethernet/adc_ethernet.srcs/sources_1/ip/ddr3/ddr3/ddr3_in_context.xdc, line 125).
Applied set_property IO_BUFFER_TYPE = NONE for ddr3_dqs_n[3]. (constraint file  f:/AD/Artix7-7103/01_demo_document/ad9280_ethernet/adc_ethernet.srcs/sources_1/ip/ddr3/ddr3/ddr3_in_context.xdc, line 126).
Applied set_property CLOCK_BUFFER_TYPE = NONE for ddr3_dqs_n[3]. (constraint file  f:/AD/Artix7-7103/01_demo_document/ad9280_ethernet/adc_ethernet.srcs/sources_1/ip/ddr3/ddr3/ddr3_in_context.xdc, line 127).
Applied set_property IO_BUFFER_TYPE = NONE for ddr3_dqs_p[0]. (constraint file  f:/AD/Artix7-7103/01_demo_document/ad9280_ethernet/adc_ethernet.srcs/sources_1/ip/ddr3/ddr3/ddr3_in_context.xdc, line 128).
Applied set_property CLOCK_BUFFER_TYPE = NONE for ddr3_dqs_p[0]. (constraint file  f:/AD/Artix7-7103/01_demo_document/ad9280_ethernet/adc_ethernet.srcs/sources_1/ip/ddr3/ddr3/ddr3_in_context.xdc, line 129).
Applied set_property IO_BUFFER_TYPE = NONE for ddr3_dqs_p[1]. (constraint file  f:/AD/Artix7-7103/01_demo_document/ad9280_ethernet/adc_ethernet.srcs/sources_1/ip/ddr3/ddr3/ddr3_in_context.xdc, line 130).
Applied set_property CLOCK_BUFFER_TYPE = NONE for ddr3_dqs_p[1]. (constraint file  f:/AD/Artix7-7103/01_demo_document/ad9280_ethernet/adc_ethernet.srcs/sources_1/ip/ddr3/ddr3/ddr3_in_context.xdc, line 131).
Applied set_property IO_BUFFER_TYPE = NONE for ddr3_dqs_p[2]. (constraint file  f:/AD/Artix7-7103/01_demo_document/ad9280_ethernet/adc_ethernet.srcs/sources_1/ip/ddr3/ddr3/ddr3_in_context.xdc, line 132).
Applied set_property CLOCK_BUFFER_TYPE = NONE for ddr3_dqs_p[2]. (constraint file  f:/AD/Artix7-7103/01_demo_document/ad9280_ethernet/adc_ethernet.srcs/sources_1/ip/ddr3/ddr3/ddr3_in_context.xdc, line 133).
Applied set_property IO_BUFFER_TYPE = NONE for ddr3_dqs_p[3]. (constraint file  f:/AD/Artix7-7103/01_demo_document/ad9280_ethernet/adc_ethernet.srcs/sources_1/ip/ddr3/ddr3/ddr3_in_context.xdc, line 134).
Applied set_property CLOCK_BUFFER_TYPE = NONE for ddr3_dqs_p[3]. (constraint file  f:/AD/Artix7-7103/01_demo_document/ad9280_ethernet/adc_ethernet.srcs/sources_1/ip/ddr3/ddr3/ddr3_in_context.xdc, line 135).
Applied set_property IO_BUFFER_TYPE = NONE for ddr3_odt[0]. (constraint file  f:/AD/Artix7-7103/01_demo_document/ad9280_ethernet/adc_ethernet.srcs/sources_1/ip/ddr3/ddr3/ddr3_in_context.xdc, line 136).
Applied set_property CLOCK_BUFFER_TYPE = NONE for ddr3_odt[0]. (constraint file  f:/AD/Artix7-7103/01_demo_document/ad9280_ethernet/adc_ethernet.srcs/sources_1/ip/ddr3/ddr3/ddr3_in_context.xdc, line 137).
Applied set_property IO_BUFFER_TYPE = NONE for ddr3_ras_n. (constraint file  f:/AD/Artix7-7103/01_demo_document/ad9280_ethernet/adc_ethernet.srcs/sources_1/ip/ddr3/ddr3/ddr3_in_context.xdc, line 138).
Applied set_property CLOCK_BUFFER_TYPE = NONE for ddr3_ras_n. (constraint file  f:/AD/Artix7-7103/01_demo_document/ad9280_ethernet/adc_ethernet.srcs/sources_1/ip/ddr3/ddr3/ddr3_in_context.xdc, line 139).
Applied set_property IO_BUFFER_TYPE = NONE for ddr3_reset_n. (constraint file  f:/AD/Artix7-7103/01_demo_document/ad9280_ethernet/adc_ethernet.srcs/sources_1/ip/ddr3/ddr3/ddr3_in_context.xdc, line 140).
Applied set_property CLOCK_BUFFER_TYPE = NONE for ddr3_reset_n. (constraint file  f:/AD/Artix7-7103/01_demo_document/ad9280_ethernet/adc_ethernet.srcs/sources_1/ip/ddr3/ddr3/ddr3_in_context.xdc, line 141).
Applied set_property IO_BUFFER_TYPE = NONE for ddr3_we_n. (constraint file  f:/AD/Artix7-7103/01_demo_document/ad9280_ethernet/adc_ethernet.srcs/sources_1/ip/ddr3/ddr3/ddr3_in_context.xdc, line 142).
Applied set_property CLOCK_BUFFER_TYPE = NONE for ddr3_we_n. (constraint file  f:/AD/Artix7-7103/01_demo_document/ad9280_ethernet/adc_ethernet.srcs/sources_1/ip/ddr3/ddr3/ddr3_in_context.xdc, line 143).
Applied set_property DONT_TOUCH = true for u_ddr3. (constraint file  auto generated constraint, line ).
Applied set_property DONT_TOUCH = true for frame_read_write_m0/write_buf. (constraint file  auto generated constraint, line ).
Applied set_property DONT_TOUCH = true for adc_pll_m0. (constraint file  auto generated constraint, line ).
Applied set_property DONT_TOUCH = true for frame_read_write_m0/read_buf. (constraint file  auto generated constraint, line ).
---------------------------------------------------------------------------------
Finished applying 'set_property' XDC Constraints : Time (s): cpu = 00:00:04 ; elapsed = 00:00:09 . Memory (MB): peak = 1020.699 ; gain = 426.980
---------------------------------------------------------------------------------
---------------------------------------------------------------------------------------------------
                   State |                     New Encoding |                Previous Encoding 
---------------------------------------------------------------------------------------------------
*
                    IDLE |                       0000000001 |                       0000000001
                WAIT_REQ |                       0000000010 |                       0000000010
                  W_MDIO |                       0000000100 |                       0000000100
                   W_END |                       0001000000 |                       0001000000
                  R_MDIO |                       0000001000 |                       0000001000
                  R_TA_Z |                       0000010000 |                       0000010000
                  R_TA_0 |                       0100000000 |                       0100000000
                  R_DATA |                       0000100000 |                       0000100000
                   R_END |                       0010000000 |                       0010000000
                END_WAIT |                       1000000000 |                       1000000000
---------------------------------------------------------------------------------------------------
INFO: [Synth 8-3898] No Re-encoding of one hot register 'state_reg' in module 'smi_read_write'
---------------------------------------------------------------------------------------------------
                   State |                     New Encoding |                Previous Encoding 
---------------------------------------------------------------------------------------------------
*
                    IDLE |                00000000000000001 |                00000000000000001
                 READ_ID |                01000000000000000 |                01000000000000000
                CHECK_ID |                10000000000000000 |                10000000000000000
             W_PAGE_0A43 |                00000000000000010 |                00000000000000010
                R_REG_1A |                00100000000000000 |                00100000000000000
                 R_CHECK |                00000000000000100 |                00000000000000100
              ETH_UNLINK |                00000000000001000 |                00000000000001000
                  R_WAIT |                00000000010000000 |                00000000010000000
               ETH_1000M |                00000000000010000 |                00000000000010000
                ETH_100M |                00000000000100000 |                00000000000100000
                 ETH_10M |                00000000001000000 |                00000000001000000
              W_PAGE_171 |                00000000100000000 |                00000000100000000
                R_REG_16 |                00000001000000000 |                00000001000000000
                W_REG_16 |                00000010000000000 |                00000010000000000
                R_REG_17 |                00000100000000000 |                00000100000000000
                W_REG_17 |                00001000000000000 |                00001000000000000
                  RW_END |                00010000000000000 |                00010000000000000
---------------------------------------------------------------------------------------------------
INFO: [Synth 8-3898] No Re-encoding of one hot register 'state_reg' in module 'smi_config'
WARNING: [Synth 8-3936] Found unconnected internal register 'gmii_txd_r_d1_reg' and it is trimmed from '8' to '4' bits. [F:/AD/Artix7-7103/01_demo_document/ad9280_ethernet/adc_ethernet.srcs/sources_1/util_gmii_to_rgmii.v:137]
INFO: [Synth 8-802] inferred FSM for state register 'send_state_reg' in module 'mac_tx'
INFO: [Synth 8-802] inferred FSM for state register 'state_reg' in module 'mac_tx_mode'
INFO: [Synth 8-802] inferred FSM for state register 'state_reg' in module 'arp_tx'
INFO: [Synth 8-802] inferred FSM for state register 'state_reg' in module 'ip_tx'
INFO: [Synth 8-802] inferred FSM for state register 'state_reg' in module 'ip_tx_mode'
INFO: [Synth 8-802] inferred FSM for state register 'state_reg' in module 'udp_tx'
INFO: [Synth 8-802] inferred FSM for state register 'rec_state_reg' in module 'mac_rx'
INFO: [Synth 8-5546] ROM "crc_check" won't be mapped to RAM because it is too sparse
INFO: [Synth 8-5546] ROM "crc_rec" won't be mapped to RAM because it is too sparse
INFO: [Synth 8-5546] ROM "mac_rx_destination_mac_addr" won't be mapped to RAM because it is too sparse
INFO: [Synth 8-5546] ROM "mac_rx_source_mac_addr" won't be mapped to RAM because it is too sparse
INFO: [Synth 8-5546] ROM "frame_type" won't be mapped to RAM because it is too sparse
INFO: [Synth 8-802] inferred FSM for state register 'state_reg' in module 'udp_rx'
INFO: [Synth 8-802] inferred FSM for state register 'state_reg' in module 'arp_rx'
INFO: [Synth 8-802] inferred FSM for state register 'state_reg' in module 'icmp_reply'
INFO: [Synth 8-802] inferred FSM for state register 'state_reg' in module 'eth_cmd'
INFO: [Synth 8-802] inferred FSM for state register 'state_reg' in module 'ad9280_sample'
INFO: [Synth 8-802] inferred FSM for state register 'state_reg' in module 'frame_fifo_write'
INFO: [Synth 8-802] inferred FSM for state register 'wr_state_reg' in module 'aq_axi_master'
INFO: [Synth 8-802] inferred FSM for state register 'rd_state_reg' in module 'aq_axi_master'
WARNING: [Synth 8-327] inferring latch for variable 'next_state_reg' [F:/AD/Artix7-7103/01_demo_document/ad9280_ethernet/adc_ethernet.srcs/sources_1/mdio/smi_config.v:85]
---------------------------------------------------------------------------------------------------
                   State |                     New Encoding |                Previous Encoding 
---------------------------------------------------------------------------------------------------
*
              SEND_START |                           000010 |                           000010
           SEND_PREAMBLE |                           000100 |                           000100
               SEND_DATA |                           001000 |                           001000
                SEND_CRC |                           010000 |                           010000
                SEND_END |                           100000 |                           100000
---------------------------------------------------------------------------------------------------
INFO: [Synth 8-3898] No Re-encoding of one hot register 'send_state_reg' in module 'mac_tx'
---------------------------------------------------------------------------------------------------
                   State |                     New Encoding |                Previous Encoding 
---------------------------------------------------------------------------------------------------
*
                    IDLE |                              001 |                              001
                     ARP |                              010 |                              010
                      IP |                              100 |                              100
---------------------------------------------------------------------------------------------------
INFO: [Synth 8-3898] No Re-encoding of one hot register 'state_reg' in module 'mac_tx_mode'
---------------------------------------------------------------------------------------------------
                   State |                     New Encoding |                Previous Encoding 
---------------------------------------------------------------------------------------------------
*
                    IDLE |                            00001 |                            00001
        ARP_REQUEST_WAIT |                            00010 |                            00010
             ARP_REQUEST |                            00100 |                            00100
          ARP_REPLY_WAIT |                            01000 |                            01000
               ARP_REPLY |                            10000 |                            10000
---------------------------------------------------------------------------------------------------
INFO: [Synth 8-3898] No Re-encoding of one hot register 'state_reg' in module 'arp_tx'
---------------------------------------------------------------------------------------------------
                   State |                     New Encoding |                Previous Encoding 
---------------------------------------------------------------------------------------------------
*
                    IDLE |                           000001 |                           000001
        WAIT_DATA_LENGTH |                           000010 |                           000010
            GEN_CHECKSUM |                           000100 |                           000100
               SEND_WAIT |                           001000 |                           001000
                WAIT_MAC |                           010000 |                           010000
                 IP_SEND |                           100000 |                           100000
---------------------------------------------------------------------------------------------------
INFO: [Synth 8-3898] No Re-encoding of one hot register 'state_reg' in module 'ip_tx'
---------------------------------------------------------------------------------------------------
                   State |                     New Encoding |                Previous Encoding 
---------------------------------------------------------------------------------------------------
*
                    IDLE |                              001 |                              001
                     UDP |                              010 |                              010
                    ICMP |                              100 |                              100
---------------------------------------------------------------------------------------------------
INFO: [Synth 8-3898] No Re-encoding of one hot register 'state_reg' in module 'ip_tx_mode'
---------------------------------------------------------------------------------------------------
                   State |                     New Encoding |                Previous Encoding 
---------------------------------------------------------------------------------------------------
*
                    IDLE |                          0000001 |                          0000001
               SEND_WAIT |                          0100000 |                          0100000
                UDP_SEND |                          1000000 |                          1000000
---------------------------------------------------------------------------------------------------
INFO: [Synth 8-3898] No Re-encoding of one hot register 'state_reg' in module 'udp_tx'
---------------------------------------------------------------------------------------------------
                   State |                     New Encoding |                Previous Encoding 
---------------------------------------------------------------------------------------------------
*
                    IDLE |                         00000001 |                         00000001
            REC_PREAMBLE |                         00000010 |                         00000010
            REC_MAC_HEAD |                         00000100 |                         00000100
            REC_IDENTIFY |                         00001000 |                         00001000
                REC_DATA |                         00010000 |                         00010000
                 REC_CRC |                         00100000 |                         00100000
                 REC_END |                         10000000 |                         10000000
               REC_ERROR |                         01000000 |                         01000000
---------------------------------------------------------------------------------------------------
INFO: [Synth 8-3898] No Re-encoding of one hot register 'rec_state_reg' in module 'mac_rx'
INFO: [Synth 8-6430] The Block RAM "dpram:/ram_reg" may get memory collision error if read and write address collide. Use attribute (* rw_addr_collision= "yes" *) to avoid collision 
---------------------------------------------------------------------------------------------------
                   State |                     New Encoding |                Previous Encoding 
---------------------------------------------------------------------------------------------------
*
                    IDLE |                         00000001 |                         00000001
                REC_HEAD |                         00000010 |                         00000010
                REC_DATA |                         00000100 |                         00000100
            REC_ODD_DATA |                         00001000 |                         00001000
         VERIFY_CHECKSUM |                         00010000 |                         00010000
               REC_ERROR |                         00100000 |                         00100000
            REC_END_WAIT |                         01000000 |                         01000000
                 REC_END |                         10000000 |                         10000000
---------------------------------------------------------------------------------------------------
INFO: [Synth 8-3898] No Re-encoding of one hot register 'state_reg' in module 'udp_rx'
---------------------------------------------------------------------------------------------------
                   State |                     New Encoding |                Previous Encoding 
---------------------------------------------------------------------------------------------------
*
                    IDLE |                             0001 |                             0001
            ARP_REC_DATA |                             0010 |                             0010
                ARP_WAIT |                             0100 |                             0100
                 ARP_END |                             1000 |                             1000
---------------------------------------------------------------------------------------------------
INFO: [Synth 8-3898] No Re-encoding of one hot register 'state_reg' in module 'arp_rx'
INFO: [Synth 8-6430] The Block RAM "dpram__parameterized0:/ram_reg" may get memory collision error if read and write address collide. Use attribute (* rw_addr_collision= "yes" *) to avoid collision 
---------------------------------------------------------------------------------------------------
                   State |                     New Encoding |                Previous Encoding 
---------------------------------------------------------------------------------------------------
*
                    IDLE |                      00000000001 |                      00000000001
                REC_DATA |                      00000000010 |                      00000000010
            REC_ODD_DATA |                      00000000100 |                      00000000100
         VERIFY_CHECKSUM |                      00000001000 |                      00000001000
               REC_ERROR |                      00000010000 |                      00000010000
            REC_END_WAIT |                      00000100000 |                      00000100000
                 REC_END |                      01000000000 |                      01000000000
               SEND_WAIT |                      00010000000 |                      00010000000
                    SEND |                      00100000000 |                      00100000000
                SEND_END |                      10000000000 |                      10000000000
---------------------------------------------------------------------------------------------------
INFO: [Synth 8-3898] No Re-encoding of one hot register 'state_reg' in module 'icmp_reply'
---------------------------------------------------------------------------------------------------
                   State |                     New Encoding |                Previous Encoding 
---------------------------------------------------------------------------------------------------
*
                    IDLE |                          0000001 |                          0000001
                CMD_READ |                          0000010 |                          0000010
                CMD_WAIT |                          0000100 |                          0000100
               CMD_CHECK |                          0001000 |                          0001000
          CMD_REPLY_WAIT |                          0010000 |                          0010000
               CMD_REPLY |                          0100000 |                          0100000
                 CMD_END |                          1000000 |                          1000000
---------------------------------------------------------------------------------------------------
INFO: [Synth 8-3898] No Re-encoding of one hot register 'state_reg' in module 'eth_cmd'
---------------------------------------------------------------------------------------------------
                   State |                     New Encoding |                Previous Encoding 
---------------------------------------------------------------------------------------------------
                  S_IDLE |                              000 |                              000
                   S_REQ |                              001 |                              001
              S_ACK_WAIT |                              010 |                              010
                S_SAMPLE |                              011 |                              011
                  S_WAIT |                              100 |                              100
---------------------------------------------------------------------------------------------------
INFO: [Synth 8-3354] encoded FSM with state register 'state_reg' using encoding 'sequential' in module 'ad9280_sample'
---------------------------------------------------------------------------------------------------
                   State |                     New Encoding |                Previous Encoding 
---------------------------------------------------------------------------------------------------
                  S_IDLE |                              000 |                             0000
                   S_ACK |                              001 |                             0001
            S_CHECK_FIFO |                              010 |                             0010
           S_WRITE_BURST |                              011 |                             0011
       S_WRITE_BURST_END |                              100 |                             0100
                   S_END |                              101 |                             0101
---------------------------------------------------------------------------------------------------
INFO: [Synth 8-3354] encoded FSM with state register 'state_reg' using encoding 'sequential' in module 'frame_fifo_write'
---------------------------------------------------------------------------------------------------
                   State |                     New Encoding |                Previous Encoding 
---------------------------------------------------------------------------------------------------
               S_WR_IDLE |                              000 |                              000
               S_WA_WAIT |                              001 |                              001
              S_WA_START |                              010 |                              010
               S_WD_WAIT |                              011 |                              011
               S_WD_PROC |                              100 |                              100
               S_WR_WAIT |                              101 |                              101
               S_WR_DONE |                              110 |                              110
---------------------------------------------------------------------------------------------------
INFO: [Synth 8-3354] encoded FSM with state register 'wr_state_reg' using encoding 'sequential' in module 'aq_axi_master'
---------------------------------------------------------------------------------------------------
                   State |                     New Encoding |                Previous Encoding 
---------------------------------------------------------------------------------------------------
               S_RD_IDLE |                              000 |                              000
               S_RA_WAIT |                              001 |                              001
              S_RA_START |                              010 |                              010
               S_RD_WAIT |                              011 |                              011
               S_RD_PROC |                              100 |                              100
               S_RD_DONE |                              101 |                              101
---------------------------------------------------------------------------------------------------
INFO: [Synth 8-3354] encoded FSM with state register 'rd_state_reg' using encoding 'sequential' in module 'aq_axi_master'
---------------------------------------------------------------------------------
Finished RTL Optimization Phase 2 : Time (s): cpu = 00:00:05 ; elapsed = 00:00:11 . Memory (MB): peak = 1020.699 ; gain = 426.980
---------------------------------------------------------------------------------
INFO: [Synth 8-223] decloning instance 'reset_m0' (reset) to 'reset_m2'

Report RTL Partitions: 
+-+--------------+------------+----------+
| |RTL Partition |Replication |Instances |
+-+--------------+------------+----------+
+-+--------------+------------+----------+
---------------------------------------------------------------------------------
Start RTL Component Statistics 
---------------------------------------------------------------------------------
Detailed RTL Component Info : 
+---Adders : 
	   2 Input     32 Bit       Adders := 30    
	   2 Input     28 Bit       Adders := 3     
	   2 Input     25 Bit       Adders := 4     
	   2 Input     21 Bit       Adders := 2     
	   2 Input     20 Bit       Adders := 1     
	   2 Input     19 Bit       Adders := 2     
	   2 Input     18 Bit       Adders := 3     
	   2 Input     17 Bit       Adders := 17    
	   2 Input     16 Bit       Adders := 10    
	   3 Input     16 Bit       Adders := 1     
	   2 Input     11 Bit       Adders := 3     
	   2 Input      8 Bit       Adders := 5     
	   2 Input      6 Bit       Adders := 3     
	   2 Input      5 Bit       Adders := 3     
	   2 Input      4 Bit       Adders := 6     
	   2 Input      3 Bit       Adders := 3     
+---XORs : 
	   2 Input      1 Bit         XORs := 18    
	   3 Input      1 Bit         XORs := 12    
	   6 Input      1 Bit         XORs := 14    
	   8 Input      1 Bit         XORs := 2     
	   5 Input      1 Bit         XORs := 8     
	   7 Input      1 Bit         XORs := 14    
	  10 Input      1 Bit         XORs := 4     
	   9 Input      1 Bit         XORs := 6     
	  12 Input      1 Bit         XORs := 2     
	   4 Input      1 Bit         XORs := 2     
+---Registers : 
	               80 Bit    Registers := 1     
	               64 Bit    Registers := 1     
	               48 Bit    Registers := 7     
	               32 Bit    Registers := 46    
	               28 Bit    Registers := 3     
	               25 Bit    Registers := 10    
	               20 Bit    Registers := 3     
	               19 Bit    Registers := 2     
	               18 Bit    Registers := 3     
	               17 Bit    Registers := 10    
	               16 Bit    Registers := 37    
	               13 Bit    Registers := 1     
	               11 Bit    Registers := 5     
	               10 Bit    Registers := 4     
	                8 Bit    Registers := 36    
	                6 Bit    Registers := 3     
	                5 Bit    Registers := 8     
	                4 Bit    Registers := 12    
	                3 Bit    Registers := 5     
	                2 Bit    Registers := 6     
	                1 Bit    Registers := 127   
+---Multipliers : 
	                 4x25  Multipliers := 1     
+---RAMs : 
	              16K Bit         RAMs := 1     
	               2K Bit         RAMs := 1     
+---Muxes : 
	   2 Input     64 Bit        Muxes := 2     
	   2 Input     48 Bit        Muxes := 11    
	   7 Input     48 Bit        Muxes := 2     
	   6 Input     48 Bit        Muxes := 3     
	   2 Input     32 Bit        Muxes := 41    
	   4 Input     32 Bit        Muxes := 12    
	   5 Input     32 Bit        Muxes := 1     
	   3 Input     32 Bit        Muxes := 3     
	  14 Input     32 Bit        Muxes := 1     
	   8 Input     32 Bit        Muxes := 1     
	   7 Input     32 Bit        Muxes := 4     
	   6 Input     32 Bit        Muxes := 4     
	   3 Input     28 Bit        Muxes := 3     
	   2 Input     26 Bit        Muxes := 3     
	   4 Input     25 Bit        Muxes := 2     
	   6 Input     25 Bit        Muxes := 2     
	   2 Input     25 Bit        Muxes := 2     
	   8 Input     25 Bit        Muxes := 2     
	   2 Input     20 Bit        Muxes := 1     
	   2 Input     19 Bit        Muxes := 2     
	   2 Input     18 Bit        Muxes := 3     
	   2 Input     17 Bit        Muxes := 14    
	   2 Input     16 Bit        Muxes := 28    
	   5 Input     16 Bit        Muxes := 2     
	   2 Input     15 Bit        Muxes := 4     
	   2 Input     14 Bit        Muxes := 2     
	   2 Input     13 Bit        Muxes := 3     
	   3 Input     13 Bit        Muxes := 1     
	   2 Input     12 Bit        Muxes := 2     
	   2 Input     11 Bit        Muxes := 7     
	  11 Input     11 Bit        Muxes := 1     
	   2 Input     10 Bit        Muxes := 8     
	   2 Input      9 Bit        Muxes := 8     
	   2 Input      8 Bit        Muxes := 48    
	   3 Input      8 Bit        Muxes := 2     
	  43 Input      8 Bit        Muxes := 1     
	   9 Input      8 Bit        Muxes := 2     
	   6 Input      8 Bit        Muxes := 2     
	   7 Input      8 Bit        Muxes := 1     
	   2 Input      7 Bit        Muxes := 17    
	   5 Input      7 Bit        Muxes := 2     
	   4 Input      7 Bit        Muxes := 1     
	   8 Input      7 Bit        Muxes := 1     
	   2 Input      6 Bit        Muxes := 19    
	   6 Input      6 Bit        Muxes := 1     
	   7 Input      6 Bit        Muxes := 1     
	   2 Input      5 Bit        Muxes := 23    
	   3 Input      5 Bit        Muxes := 4     
	   6 Input      5 Bit        Muxes := 1     
	   2 Input      4 Bit        Muxes := 28    
	   5 Input      4 Bit        Muxes := 1     
	   2 Input      3 Bit        Muxes := 30    
	   4 Input      3 Bit        Muxes := 2     
	   5 Input      3 Bit        Muxes := 1     
	   6 Input      3 Bit        Muxes := 2     
	  10 Input      3 Bit        Muxes := 3     
	   8 Input      3 Bit        Muxes := 1     
	   2 Input      2 Bit        Muxes := 22    
	   3 Input      2 Bit        Muxes := 2     
	   2 Input      1 Bit        Muxes := 98    
	   3 Input      1 Bit        Muxes := 12    
	   6 Input      1 Bit        Muxes := 17    
	  16 Input      1 Bit        Muxes := 2     
	   4 Input      1 Bit        Muxes := 1     
	  14 Input      1 Bit        Muxes := 1     
	   5 Input      1 Bit        Muxes := 7     
	   8 Input      1 Bit        Muxes := 10    
	   7 Input      1 Bit        Muxes := 10    
---------------------------------------------------------------------------------
Finished RTL Component Statistics 
---------------------------------------------------------------------------------
---------------------------------------------------------------------------------
Start RTL Hierarchical Component Statistics 
---------------------------------------------------------------------------------
Hierarchical RTL Component report 
Module smi_read_write 
Detailed RTL Component Info : 
+---Adders : 
	   2 Input     32 Bit       Adders := 1     
	   2 Input      6 Bit       Adders := 1     
	   2 Input      5 Bit       Adders := 1     
	   2 Input      4 Bit       Adders := 1     
+---Registers : 
	               32 Bit    Registers := 1     
	               16 Bit    Registers := 1     
	               10 Bit    Registers := 1     
	                6 Bit    Registers := 1     
	                5 Bit    Registers := 1     
	                4 Bit    Registers := 2     
	                1 Bit    Registers := 10    
+---Muxes : 
	   2 Input     32 Bit        Muxes := 1     
	   2 Input     16 Bit        Muxes := 1     
	   2 Input     10 Bit        Muxes := 2     
	   2 Input      9 Bit        Muxes := 2     
	   2 Input      8 Bit        Muxes := 2     
	   2 Input      7 Bit        Muxes := 1     
	   2 Input      6 Bit        Muxes := 1     
	   2 Input      5 Bit        Muxes := 2     
	   2 Input      4 Bit        Muxes := 5     
	   2 Input      2 Bit        Muxes := 2     
	   2 Input      1 Bit        Muxes := 4     
	   3 Input      1 Bit        Muxes := 2     
Module smi_config 
Detailed RTL Component Info : 
+---Adders : 
	   2 Input     32 Bit       Adders := 1     
+---Registers : 
	               32 Bit    Registers := 1     
	               17 Bit    Registers := 1     
	               16 Bit    Registers := 4     
	                5 Bit    Registers := 2     
	                2 Bit    Registers := 1     
	                1 Bit    Registers := 3     
+---Muxes : 
	   2 Input     32 Bit        Muxes := 1     
	   2 Input     17 Bit        Muxes := 1     
	   5 Input     16 Bit        Muxes := 1     
	   2 Input     16 Bit        Muxes := 2     
	   2 Input     15 Bit        Muxes := 2     
	   2 Input     14 Bit        Muxes := 1     
	   2 Input     13 Bit        Muxes := 1     
	   2 Input     12 Bit        Muxes := 1     
	   2 Input     11 Bit        Muxes := 1     
	   2 Input     10 Bit        Muxes := 1     
	   2 Input      8 Bit        Muxes := 1     
	   5 Input      7 Bit        Muxes := 1     
	   2 Input      5 Bit        Muxes := 4     
	   3 Input      5 Bit        Muxes := 1     
	   3 Input      2 Bit        Muxes := 1     
	   2 Input      2 Bit        Muxes := 2     
	   2 Input      1 Bit        Muxes := 2     
	   6 Input      1 Bit        Muxes := 1     
	  16 Input      1 Bit        Muxes := 1     
Module reset 
Detailed RTL Component Info : 
+---Adders : 
	   2 Input     28 Bit       Adders := 1     
+---Registers : 
	               28 Bit    Registers := 1     
	                1 Bit    Registers := 1     
+---Muxes : 
	   3 Input     28 Bit        Muxes := 1     
	   2 Input     26 Bit        Muxes := 1     
Module util_gmii_to_rgmii 
Detailed RTL Component Info : 
+---XORs : 
	   2 Input      1 Bit         XORs := 2     
+---Registers : 
	                8 Bit    Registers := 2     
	                4 Bit    Registers := 2     
	                1 Bit    Registers := 10    
Module mac_tx 
Detailed RTL Component Info : 
+---Adders : 
	   2 Input     16 Bit       Adders := 1     
	   2 Input      4 Bit       Adders := 1     
+---Registers : 
	               32 Bit    Registers := 1     
	               16 Bit    Registers := 1     
	                8 Bit    Registers := 4     
	                4 Bit    Registers := 1     
	                1 Bit    Registers := 7     
+---Muxes : 
	   2 Input     16 Bit        Muxes := 1     
	   2 Input      8 Bit        Muxes := 5     
	   6 Input      6 Bit        Muxes := 1     
	   2 Input      6 Bit        Muxes := 3     
	   2 Input      4 Bit        Muxes := 2     
	   2 Input      3 Bit        Muxes := 1     
	   3 Input      1 Bit        Muxes := 1     
	   2 Input      1 Bit        Muxes := 1     
Module mac_tx_mode 
Detailed RTL Component Info : 
+---Registers : 
	                8 Bit    Registers := 1     
	                1 Bit    Registers := 2     
+---Muxes : 
	   3 Input      8 Bit        Muxes := 1     
	   4 Input      3 Bit        Muxes := 1     
	   2 Input      3 Bit        Muxes := 4     
	   2 Input      2 Bit        Muxes := 2     
	   3 Input      1 Bit        Muxes := 2     
	   2 Input      1 Bit        Muxes := 2     
Module crc 
Detailed RTL Component Info : 
+---XORs : 
	   2 Input      1 Bit         XORs := 8     
	   3 Input      1 Bit         XORs := 6     
	   6 Input      1 Bit         XORs := 7     
	   8 Input      1 Bit         XORs := 1     
	   5 Input      1 Bit         XORs := 4     
	   7 Input      1 Bit         XORs := 7     
	  10 Input      1 Bit         XORs := 2     
	   9 Input      1 Bit         XORs := 3     
	  12 Input      1 Bit         XORs := 1     
	   4 Input      1 Bit         XORs := 1     
+---Registers : 
	               32 Bit    Registers := 1     
Module arp_tx 
Detailed RTL Component Info : 
+---Registers : 
	               48 Bit    Registers := 1     
	               32 Bit    Registers := 1     
	               16 Bit    Registers := 1     
	                8 Bit    Registers := 1     
	                1 Bit    Registers := 3     
+---Muxes : 
	   2 Input     48 Bit        Muxes := 1     
	   2 Input     32 Bit        Muxes := 1     
	  43 Input      8 Bit        Muxes := 1     
	   2 Input      8 Bit        Muxes := 2     
	   6 Input      5 Bit        Muxes := 1     
	   2 Input      5 Bit        Muxes := 2     
	   2 Input      4 Bit        Muxes := 3     
	   2 Input      3 Bit        Muxes := 2     
	   2 Input      2 Bit        Muxes := 2     
	   2 Input      1 Bit        Muxes := 3     
Module ip_tx 
Detailed RTL Component Info : 
+---Adders : 
	   2 Input     20 Bit       Adders := 1     
	   2 Input     19 Bit       Adders := 1     
	   2 Input     18 Bit       Adders := 2     
	   2 Input     17 Bit       Adders := 8     
	   2 Input     16 Bit       Adders := 1     
	   2 Input      4 Bit       Adders := 1     
+---Registers : 
	               20 Bit    Registers := 3     
	               19 Bit    Registers := 1     
	               18 Bit    Registers := 2     
	               17 Bit    Registers := 5     
	               16 Bit    Registers := 3     
	                8 Bit    Registers := 1     
	                4 Bit    Registers := 1     
	                1 Bit    Registers := 4     
+---Muxes : 
	   2 Input     20 Bit        Muxes := 1     
	   2 Input     19 Bit        Muxes := 1     
	   2 Input     18 Bit        Muxes := 2     
	   2 Input     17 Bit        Muxes := 6     
	   2 Input     16 Bit        Muxes := 4     
	   2 Input      8 Bit        Muxes := 2     
	   7 Input      6 Bit        Muxes := 1     
	   2 Input      6 Bit        Muxes := 2     
	   2 Input      5 Bit        Muxes := 2     
	   2 Input      4 Bit        Muxes := 3     
	   2 Input      3 Bit        Muxes := 1     
	   2 Input      2 Bit        Muxes := 1     
	   2 Input      1 Bit        Muxes := 2     
	   3 Input      1 Bit        Muxes := 1     
Module ip_tx_mode 
Detailed RTL Component Info : 
+---Adders : 
	   2 Input     16 Bit       Adders := 1     
+---Registers : 
	               16 Bit    Registers := 1     
	                8 Bit    Registers := 2     
	                1 Bit    Registers := 1     
+---Muxes : 
	   2 Input     16 Bit        Muxes := 1     
	   3 Input      8 Bit        Muxes := 1     
	   3 Input      5 Bit        Muxes := 1     
	   4 Input      3 Bit        Muxes := 1     
	   2 Input      3 Bit        Muxes := 4     
	   2 Input      2 Bit        Muxes := 2     
	   3 Input      1 Bit        Muxes := 1     
	   2 Input      1 Bit        Muxes := 2     
Module udp_tx 
Detailed RTL Component Info : 
+---Adders : 
	   2 Input     32 Bit       Adders := 2     
	   2 Input     16 Bit       Adders := 3     
+---Registers : 
	               16 Bit    Registers := 4     
	                8 Bit    Registers := 2     
	                1 Bit    Registers := 2     
+---Muxes : 
	   2 Input     16 Bit        Muxes := 3     
	   2 Input      8 Bit        Muxes := 4     
	   4 Input      7 Bit        Muxes := 1     
	   2 Input      7 Bit        Muxes := 2     
	   2 Input      6 Bit        Muxes := 2     
	   2 Input      1 Bit        Muxes := 2     
Module mac_rx 
Detailed RTL Component Info : 
+---Adders : 
	   2 Input     16 Bit       Adders := 1     
	   2 Input      5 Bit       Adders := 1     
	   2 Input      4 Bit       Adders := 1     
+---Registers : 
	               64 Bit    Registers := 1     
	               48 Bit    Registers := 2     
	               32 Bit    Registers := 4     
	               16 Bit    Registers := 2     
	                8 Bit    Registers := 4     
	                5 Bit    Registers := 1     
	                4 Bit    Registers := 1     
	                1 Bit    Registers := 7     
+---Muxes : 
	   2 Input     64 Bit        Muxes := 2     
	   7 Input     48 Bit        Muxes := 2     
	   2 Input     48 Bit        Muxes := 3     
	   2 Input     32 Bit        Muxes := 5     
	   4 Input     32 Bit        Muxes := 1     
	   5 Input     32 Bit        Muxes := 1     
	   2 Input     16 Bit        Muxes := 4     
	   2 Input      8 Bit        Muxes := 11    
	   9 Input      8 Bit        Muxes := 1     
	   2 Input      7 Bit        Muxes := 5     
	   2 Input      5 Bit        Muxes := 1     
	   2 Input      4 Bit        Muxes := 2     
	   2 Input      3 Bit        Muxes := 1     
	   2 Input      2 Bit        Muxes := 1     
	   2 Input      1 Bit        Muxes := 3     
Module ip_rx 
Detailed RTL Component Info : 
+---Adders : 
	   2 Input     32 Bit       Adders := 4     
	   2 Input     17 Bit       Adders := 1     
	   3 Input     16 Bit       Adders := 1     
	   2 Input      3 Bit       Adders := 1     
+---Registers : 
	               32 Bit    Registers := 6     
	               16 Bit    Registers := 3     
	                8 Bit    Registers := 2     
	                5 Bit    Registers := 1     
	                4 Bit    Registers := 1     
	                3 Bit    Registers := 1     
	                1 Bit    Registers := 5     
+---Muxes : 
	   2 Input     32 Bit        Muxes := 9     
	   4 Input     32 Bit        Muxes := 4     
	   2 Input     16 Bit        Muxes := 2     
	   3 Input      5 Bit        Muxes := 1     
	   2 Input      4 Bit        Muxes := 1     
	   2 Input      3 Bit        Muxes := 3     
	   2 Input      2 Bit        Muxes := 1     
	   2 Input      1 Bit        Muxes := 3     
	   3 Input      1 Bit        Muxes := 1     
Module dpram 
Detailed RTL Component Info : 
+---Registers : 
	               11 Bit    Registers := 1     
+---RAMs : 
	              16K Bit         RAMs := 1     
Module udp_rx 
Detailed RTL Component Info : 
+---Adders : 
	   2 Input     32 Bit       Adders := 4     
	   2 Input     19 Bit       Adders := 1     
	   2 Input     18 Bit       Adders := 1     
	   2 Input     17 Bit       Adders := 4     
	   2 Input     11 Bit       Adders := 1     
	   2 Input      3 Bit       Adders := 1     
+---Registers : 
	               32 Bit    Registers := 4     
	               19 Bit    Registers := 1     
	               18 Bit    Registers := 1     
	               17 Bit    Registers := 3     
	               16 Bit    Registers := 2     
	               11 Bit    Registers := 1     
	                8 Bit    Registers := 1     
	                3 Bit    Registers := 1     
	                1 Bit    Registers := 5     
+---Muxes : 
	   2 Input     32 Bit        Muxes := 4     
	   2 Input     19 Bit        Muxes := 1     
	   2 Input     18 Bit        Muxes := 1     
	   2 Input     17 Bit        Muxes := 4     
	   2 Input     11 Bit        Muxes := 1     
	   9 Input      8 Bit        Muxes := 1     
	   2 Input      8 Bit        Muxes := 1     
	   2 Input      7 Bit        Muxes := 2     
	   2 Input      6 Bit        Muxes := 5     
	   2 Input      5 Bit        Muxes := 4     
	   2 Input      4 Bit        Muxes := 1     
	   2 Input      3 Bit        Muxes := 1     
	   2 Input      2 Bit        Muxes := 1     
	   2 Input      1 Bit        Muxes := 12    
	   4 Input      1 Bit        Muxes := 1     
Module arp_rx 
Detailed RTL Component Info : 
+---Adders : 
	   2 Input      8 Bit       Adders := 1     
+---Registers : 
	               48 Bit    Registers := 2     
	               32 Bit    Registers := 2     
	               16 Bit    Registers := 1     
	                8 Bit    Registers := 1     
	                1 Bit    Registers := 3     
+---Muxes : 
	   2 Input     48 Bit        Muxes := 4     
	   6 Input     48 Bit        Muxes := 2     
	   2 Input     32 Bit        Muxes := 4     
	   4 Input     32 Bit        Muxes := 3     
	   2 Input     16 Bit        Muxes := 1     
	   2 Input      8 Bit        Muxes := 1     
	   5 Input      4 Bit        Muxes := 1     
	   2 Input      4 Bit        Muxes := 1     
	   2 Input      3 Bit        Muxes := 1     
	   2 Input      2 Bit        Muxes := 1     
	   2 Input      1 Bit        Muxes := 3     
Module dpram__parameterized0 
Detailed RTL Component Info : 
+---Registers : 
	                8 Bit    Registers := 1     
+---RAMs : 
	               2K Bit         RAMs := 1     
Module icmp_reply 
Detailed RTL Component Info : 
+---Adders : 
	   2 Input     32 Bit       Adders := 6     
	   2 Input     17 Bit       Adders := 4     
	   2 Input     16 Bit       Adders := 1     
	   2 Input     11 Bit       Adders := 2     
	   2 Input      3 Bit       Adders := 1     
+---Registers : 
	               32 Bit    Registers := 8     
	               16 Bit    Registers := 4     
	               11 Bit    Registers := 2     
	                8 Bit    Registers := 3     
	                3 Bit    Registers := 1     
	                1 Bit    Registers := 8     
+---Muxes : 
	   2 Input     32 Bit        Muxes := 3     
	   3 Input     32 Bit        Muxes := 2     
	   2 Input     17 Bit        Muxes := 2     
	   2 Input     16 Bit        Muxes := 3     
	  11 Input     11 Bit        Muxes := 1     
	   2 Input     11 Bit        Muxes := 3     
	   2 Input     10 Bit        Muxes := 1     
	   2 Input      9 Bit        Muxes := 2     
	   2 Input      8 Bit        Muxes := 3     
	   2 Input      6 Bit        Muxes := 2     
	   2 Input      5 Bit        Muxes := 2     
	   2 Input      4 Bit        Muxes := 3     
	   2 Input      3 Bit        Muxes := 2     
	   2 Input      2 Bit        Muxes := 2     
	   2 Input      1 Bit        Muxes := 14    
	   3 Input      1 Bit        Muxes := 1     
Module arp_cache 
Detailed RTL Component Info : 
+---Registers : 
	               80 Bit    Registers := 1     
	               48 Bit    Registers := 1     
	                1 Bit    Registers := 1     
+---Muxes : 
	   2 Input     48 Bit        Muxes := 1     
	   2 Input      1 Bit        Muxes := 1     
Module eth_cmd 
Detailed RTL Component Info : 
+---Adders : 
	   2 Input     32 Bit       Adders := 1     
	   2 Input     16 Bit       Adders := 1     
	   2 Input      8 Bit       Adders := 1     
	   2 Input      6 Bit       Adders := 1     
	   2 Input      4 Bit       Adders := 1     
+---Registers : 
	               48 Bit    Registers := 1     
	               32 Bit    Registers := 3     
	               16 Bit    Registers := 1     
	                8 Bit    Registers := 3     
	                6 Bit    Registers := 1     
	                4 Bit    Registers := 1     
	                1 Bit    Registers := 4     
+---Muxes : 
	   2 Input     48 Bit        Muxes := 2     
	   6 Input     48 Bit        Muxes := 1     
	   2 Input     32 Bit        Muxes := 6     
	   4 Input     32 Bit        Muxes := 3     
	   2 Input     16 Bit        Muxes := 1     
	   2 Input      8 Bit        Muxes := 6     
	   8 Input      7 Bit        Muxes := 1     
	   2 Input      7 Bit        Muxes := 5     
	   2 Input      6 Bit        Muxes := 1     
	   2 Input      4 Bit        Muxes := 2     
	   2 Input      3 Bit        Muxes := 1     
	   2 Input      2 Bit        Muxes := 1     
	   2 Input      1 Bit        Muxes := 7     
Module mac_ctrl 
Detailed RTL Component Info : 
+---Adders : 
	   2 Input     32 Bit       Adders := 1     
	   2 Input     16 Bit       Adders := 1     
+---Registers : 
	               32 Bit    Registers := 3     
	               16 Bit    Registers := 2     
	               13 Bit    Registers := 1     
	               11 Bit    Registers := 1     
	                8 Bit    Registers := 3     
	                1 Bit    Registers := 9     
+---Muxes : 
	  14 Input     32 Bit        Muxes := 1     
	   2 Input     16 Bit        Muxes := 2     
	   2 Input     13 Bit        Muxes := 1     
	   3 Input     13 Bit        Muxes := 1     
	   2 Input     11 Bit        Muxes := 1     
	   2 Input     10 Bit        Muxes := 1     
	   2 Input      9 Bit        Muxes := 2     
	   2 Input      8 Bit        Muxes := 5     
	   6 Input      8 Bit        Muxes := 1     
	   2 Input      7 Bit        Muxes := 1     
	   2 Input      6 Bit        Muxes := 2     
	   2 Input      3 Bit        Muxes := 1     
	  14 Input      1 Bit        Muxes := 1     
	   2 Input      1 Bit        Muxes := 6     
	   3 Input      1 Bit        Muxes := 1     
Module eth_top 
Detailed RTL Component Info : 
+---Registers : 
	                8 Bit    Registers := 2     
	                1 Bit    Registers := 2     
Module ad9280_sample 
Detailed RTL Component Info : 
+---Adders : 
	   2 Input     32 Bit       Adders := 1     
	   2 Input      8 Bit       Adders := 1     
+---Registers : 
	               32 Bit    Registers := 1     
	               16 Bit    Registers := 2     
	                8 Bit    Registers := 1     
	                1 Bit    Registers := 6     
+---Muxes : 
	   2 Input     32 Bit        Muxes := 1     
	   5 Input      3 Bit        Muxes := 1     
	   2 Input      3 Bit        Muxes := 3     
	   5 Input      1 Bit        Muxes := 7     
Module frame_fifo_write 
Detailed RTL Component Info : 
+---Adders : 
	   2 Input     25 Bit       Adders := 2     
+---Registers : 
	               25 Bit    Registers := 5     
	               10 Bit    Registers := 1     
	                2 Bit    Registers := 2     
	                1 Bit    Registers := 6     
+---Muxes : 
	   4 Input     25 Bit        Muxes := 1     
	   6 Input     25 Bit        Muxes := 2     
	   6 Input      3 Bit        Muxes := 1     
	   2 Input      3 Bit        Muxes := 3     
	   2 Input      1 Bit        Muxes := 2     
	   6 Input      1 Bit        Muxes := 10    
Module frame_fifo_read 
Detailed RTL Component Info : 
+---Adders : 
	   2 Input     32 Bit       Adders := 1     
	   2 Input     25 Bit       Adders := 2     
+---Registers : 
	               32 Bit    Registers := 2     
	               25 Bit    Registers := 5     
	               10 Bit    Registers := 1     
	                4 Bit    Registers := 1     
	                2 Bit    Registers := 2     
	                1 Bit    Registers := 6     
+---Multipliers : 
	                 4x25  Multipliers := 1     
+---Muxes : 
	   2 Input     32 Bit        Muxes := 1     
	   8 Input     32 Bit        Muxes := 1     
	   2 Input     25 Bit        Muxes := 2     
	   8 Input     25 Bit        Muxes := 2     
	   4 Input     25 Bit        Muxes := 1     
	   2 Input      3 Bit        Muxes := 1     
	  10 Input      3 Bit        Muxes := 1     
	   2 Input      1 Bit        Muxes := 13    
	   8 Input      1 Bit        Muxes := 10    
Module aq_axi_master 
Detailed RTL Component Info : 
+---Adders : 
	   2 Input     32 Bit       Adders := 6     
	   2 Input     21 Bit       Adders := 2     
	   2 Input      8 Bit       Adders := 2     
+---Registers : 
	               32 Bit    Registers := 5     
	                8 Bit    Registers := 2     
	                3 Bit    Registers := 2     
	                1 Bit    Registers := 7     
+---Muxes : 
	   2 Input     32 Bit        Muxes := 3     
	   3 Input     32 Bit        Muxes := 1     
	   7 Input     32 Bit        Muxes := 4     
	   4 Input     32 Bit        Muxes := 1     
	   6 Input     32 Bit        Muxes := 4     
	   2 Input      8 Bit        Muxes := 2     
	   7 Input      8 Bit        Muxes := 1     
	   6 Input      8 Bit        Muxes := 1     
	  10 Input      3 Bit        Muxes := 2     
	   6 Input      3 Bit        Muxes := 1     
	   2 Input      3 Bit        Muxes := 1     
	   8 Input      3 Bit        Muxes := 1     
	   2 Input      1 Bit        Muxes := 10    
	   7 Input      1 Bit        Muxes := 10    
	   6 Input      1 Bit        Muxes := 5     
---------------------------------------------------------------------------------
Finished RTL Hierarchical Component Statistics
---------------------------------------------------------------------------------
---------------------------------------------------------------------------------
Start Part Resource Summary
---------------------------------------------------------------------------------
Part Resources:
DSPs: 240 (col length:80)
BRAMs: 270 (col length: RAMB18 80 RAMB36 40)
---------------------------------------------------------------------------------
Finished Part Resource Summary
---------------------------------------------------------------------------------
---------------------------------------------------------------------------------
Start Cross Boundary and Area Optimization
---------------------------------------------------------------------------------
Warning: Parallel synthesis criteria is not met 
INFO: [Synth 8-5546] ROM "mac_rx_source_mac_addr" won't be mapped to RAM because it is too sparse
RAM Pipeline Warning: Read Address Register Found For RAM udp_receive_ram/ram_reg. We will not be able to pipeline it. This may degrade performance. 
RAM Pipeline Warning: Read Address Register Found For RAM udp_receive_ram/ram_reg. We will not be able to pipeline it. This may degrade performance. 
INFO: [Synth 8-6430] The Block RAM "eth_top_inst/mac_inst/\mac_rx0/udp0 /udp_receive_ram/ram_reg" may get memory collision error if read and write address collide. Use attribute (* rw_addr_collision= "yes" *) to avoid collision 
INFO: [Synth 8-4652] Swapped enable and write-enable on 1 RAM instances of RAM udp_receive_ram/ram_reg to conserve power
RAM Pipeline Warning: Read Address Register Found For RAM icmp_receive_ram/ram_reg. We will not be able to pipeline it. This may degrade performance. 
RAM Pipeline Warning: Read Address Register Found For RAM icmp_receive_ram/ram_reg. We will not be able to pipeline it. This may degrade performance. 
INFO: [Synth 8-6430] The Block RAM "eth_top_inst/mac_inst/icmp0/icmp_receive_ram/ram_reg" may get memory collision error if read and write address collide. Use attribute (* rw_addr_collision= "yes" *) to avoid collision 
INFO: [Synth 8-4652] Swapped enable and write-enable on 1 RAM instances of RAM icmp_receive_ram/ram_reg to conserve power
RAM Pipeline Warning: Read Address Register Found For RAM udp_receive_ram/ram_reg. We will not be able to pipeline it. This may degrade performance. 
RAM Pipeline Warning: Read Address Register Found For RAM icmp_receive_ram/ram_reg. We will not be able to pipeline it. This may degrade performance. 
INFO: [Synth 8-3886] merging instance 'eth_top_inst/mac_inst/mac_tx0/ip0/checksum_tmp2_reg[12]' (FDCE) to 'eth_top_inst/mac_inst/mac_tx0/ip0/check_out_reg[17]'
INFO: [Synth 8-3886] merging instance 'eth_top_inst/mac_inst/mac_tx0/ip0/checkout_buf_reg[19]' (FDCE) to 'eth_top_inst/mac_inst/mac_tx0/ip0/check_out_reg[17]'
INFO: [Synth 8-3886] merging instance 'eth_top_inst/mac_inst/mac_tx0/ip0/checkout_buf_reg[18]' (FDCE) to 'eth_top_inst/mac_inst/mac_tx0/ip0/check_out_reg[17]'
INFO: [Synth 8-3886] merging instance 'eth_top_inst/mac_inst/mac_tx0/ip0/checkout_buf_reg[17]' (FDCE) to 'eth_top_inst/mac_inst/mac_tx0/ip0/check_out_reg[17]'
INFO: [Synth 8-3886] merging instance 'eth_top_inst/mac_inst/mac_tx0/ip0/checksum_tmp3_reg[12]' (FDCE) to 'eth_top_inst/mac_inst/mac_tx0/ip0/check_out_reg[17]'
INFO: [Synth 8-3886] merging instance 'eth_top_inst/mac_inst/mac_tx0/ip0/checksum_tmp2_reg[13]' (FDCE) to 'eth_top_inst/mac_inst/mac_tx0/ip0/check_out_reg[17]'
INFO: [Synth 8-3886] merging instance 'eth_top_inst/mac_inst/mac_tx0/ip0/checksum_tmp3_reg[13]' (FDCE) to 'eth_top_inst/mac_inst/mac_tx0/ip0/check_out_reg[17]'
INFO: [Synth 8-3886] merging instance 'eth_top_inst/mac_inst/mac_tx0/ip0/checksum_tmp2_reg[14]' (FDCE) to 'eth_top_inst/mac_inst/mac_tx0/ip0/check_out_reg[17]'
INFO: [Synth 8-3886] merging instance 'eth_top_inst/mac_inst/mac_tx0/ip0/checksum_tmp3_reg[14]' (FDCE) to 'eth_top_inst/mac_inst/mac_tx0/ip0/checksum_tmp3_reg[15]'
INFO: [Synth 8-3886] merging instance 'eth_top_inst/mac_inst/mac_tx0/ip0/checksum_tmp3_reg[15]' (FDCE) to 'eth_top_inst/mac_inst/mac_tx0/ip0/checksum_tmp3_reg[7]'
INFO: [Synth 8-3886] merging instance 'eth_top_inst/mac_inst/mac_tx0/ip0/checksum_tmp2_reg[16]' (FDCE) to 'eth_top_inst/mac_inst/mac_tx0/ip0/check_out_reg[17]'
INFO: [Synth 8-3886] merging instance 'eth_top_inst/mac_inst/mac_tx0/ip0/checksum_tmp3_reg[16]' (FDCE) to 'eth_top_inst/mac_inst/mac_tx0/ip0/check_out_reg[17]'
INFO: [Synth 8-3886] merging instance 'eth_top_inst/mac_inst/mac_tx0/ip0/checksum_tmp3_reg[1]' (FDCE) to 'eth_top_inst/mac_inst/mac_tx0/ip0/checksum_tmp3_reg[7]'
INFO: [Synth 8-3886] merging instance 'eth_top_inst/mac_inst/mac_tx0/ip0/checksum_tmp3_reg[2]' (FDCE) to 'eth_top_inst/mac_inst/mac_tx0/ip0/check_out_reg[17]'
INFO: [Synth 8-3886] merging instance 'eth_top_inst/mac_inst/mac_tx0/ip0/checksum_tmp3_reg[3]' (FDCE) to 'eth_top_inst/mac_inst/mac_tx0/ip0/checksum_tmp3_reg[7]'
INFO: [Synth 8-3886] merging instance 'eth_top_inst/mac_inst/mac_tx0/ip0/checksum_tmp3_reg[4]' (FDCE) to 'eth_top_inst/mac_inst/mac_tx0/ip0/check_out_reg[17]'
INFO: [Synth 8-3886] merging instance 'eth_top_inst/mac_inst/mac_tx0/ip0/checksum_tmp3_reg[5]' (FDCE) to 'eth_top_inst/mac_inst/mac_tx0/ip0/checksum_tmp3_reg[7]'
INFO: [Synth 8-3886] merging instance 'eth_top_inst/mac_inst/mac_tx0/ip0/checksum_tmp3_reg[6]' (FDCE) to 'eth_top_inst/mac_inst/mac_tx0/ip0/check_out_reg[17]'
INFO: [Synth 8-3886] merging instance 'eth_top_inst/mac_inst/mac_tx0/ip0/checksum_tmp2_reg[8]' (FDCE) to 'eth_top_inst/mac_inst/mac_tx0/ip0/check_out_reg[17]'
INFO: [Synth 8-3886] merging instance 'eth_top_inst/mac_inst/mac_tx0/ip0/checksum_tmp3_reg[8]' (FDCE) to 'eth_top_inst/mac_inst/mac_tx0/ip0/check_out_reg[17]'
INFO: [Synth 8-3886] merging instance 'eth_top_inst/mac_inst/mac_tx0/ip0/checksum_tmp2_reg[9]' (FDCE) to 'eth_top_inst/mac_inst/mac_tx0/ip0/check_out_reg[17]'
INFO: [Synth 8-3886] merging instance 'eth_top_inst/mac_inst/mac_tx0/ip0/checksum_tmp3_reg[9]' (FDCE) to 'eth_top_inst/mac_inst/mac_tx0/ip0/check_out_reg[17]'
INFO: [Synth 8-3886] merging instance 'eth_top_inst/mac_inst/mac_tx0/ip0/checksum_tmp2_reg[10]' (FDCE) to 'eth_top_inst/mac_inst/mac_tx0/ip0/check_out_reg[17]'
INFO: [Synth 8-3886] merging instance 'eth_top_inst/mac_inst/mac_tx0/ip0/checksum_tmp3_reg[10]' (FDCE) to 'eth_top_inst/mac_inst/mac_tx0/ip0/check_out_reg[17]'
INFO: [Synth 8-3886] merging instance 'eth_top_inst/mac_inst/mac_tx0/ip0/checksum_tmp2_reg[11]' (FDCE) to 'eth_top_inst/mac_inst/mac_tx0/ip0/check_out_reg[17]'
INFO: [Synth 8-3886] merging instance 'eth_top_inst/mac_inst/mac_tx0/ip0/checksum_tmp3_reg[11]' (FDCE) to 'eth_top_inst/mac_inst/mac_tx0/ip0/check_out_reg[17]'
INFO: [Synth 8-3886] merging instance 'eth_top_inst/mac_inst/icmp0/check_out_reg[17]' (FDCE) to 'eth_top_inst/mac_inst/icmp0/reply_check_out_reg[17]'
INFO: [Synth 8-3886] merging instance 'eth_top_inst/mac_inst/icmp0/check_out_reg[18]' (FDCE) to 'eth_top_inst/mac_inst/icmp0/reply_check_out_reg[17]'
INFO: [Synth 8-3886] merging instance 'eth_top_inst/mac_inst/icmp0/check_out_reg[19]' (FDCE) to 'eth_top_inst/mac_inst/icmp0/reply_check_out_reg[17]'
INFO: [Synth 8-3886] merging instance 'eth_top_inst/mac_inst/icmp0/check_out_reg[20]' (FDCE) to 'eth_top_inst/mac_inst/icmp0/reply_check_out_reg[17]'
INFO: [Synth 8-3886] merging instance 'eth_top_inst/mac_inst/icmp0/check_out_reg[21]' (FDCE) to 'eth_top_inst/mac_inst/icmp0/reply_check_out_reg[17]'
INFO: [Synth 8-3886] merging instance 'eth_top_inst/mac_inst/icmp0/check_out_reg[22]' (FDCE) to 'eth_top_inst/mac_inst/icmp0/reply_check_out_reg[17]'
INFO: [Synth 8-3886] merging instance 'eth_top_inst/mac_inst/icmp0/check_out_reg[23]' (FDCE) to 'eth_top_inst/mac_inst/icmp0/reply_check_out_reg[17]'
INFO: [Synth 8-3886] merging instance 'eth_top_inst/mac_inst/icmp0/check_out_reg[24]' (FDCE) to 'eth_top_inst/mac_inst/icmp0/reply_check_out_reg[17]'
INFO: [Synth 8-3886] merging instance 'eth_top_inst/mac_inst/icmp0/check_out_reg[25]' (FDCE) to 'eth_top_inst/mac_inst/icmp0/reply_check_out_reg[17]'
INFO: [Synth 8-3886] merging instance 'eth_top_inst/mac_inst/icmp0/check_out_reg[26]' (FDCE) to 'eth_top_inst/mac_inst/icmp0/reply_check_out_reg[17]'
INFO: [Synth 8-3886] merging instance 'eth_top_inst/mac_inst/icmp0/check_out_reg[27]' (FDCE) to 'eth_top_inst/mac_inst/icmp0/reply_check_out_reg[17]'
INFO: [Synth 8-3886] merging instance 'eth_top_inst/mac_inst/icmp0/check_out_reg[28]' (FDCE) to 'eth_top_inst/mac_inst/icmp0/reply_check_out_reg[17]'
INFO: [Synth 8-3886] merging instance 'eth_top_inst/mac_inst/icmp0/check_out_reg[29]' (FDCE) to 'eth_top_inst/mac_inst/icmp0/reply_check_out_reg[17]'
INFO: [Synth 8-3886] merging instance 'eth_top_inst/mac_inst/icmp0/check_out_reg[30]' (FDCE) to 'eth_top_inst/mac_inst/icmp0/reply_check_out_reg[17]'
INFO: [Synth 8-3886] merging instance 'eth_top_inst/mac_inst/icmp0/check_out_reg[31]' (FDCE) to 'eth_top_inst/mac_inst/icmp0/reply_check_out_reg[17]'
INFO: [Synth 8-3886] merging instance 'eth_top_inst/mac_inst/icmp0/reply_check_out_reg[28]' (FDCE) to 'eth_top_inst/mac_inst/icmp0/reply_check_out_reg[17]'
INFO: [Synth 8-3886] merging instance 'eth_top_inst/mac_inst/icmp0/reply_check_out_reg[29]' (FDCE) to 'eth_top_inst/mac_inst/icmp0/reply_check_out_reg[17]'
INFO: [Synth 8-3886] merging instance 'eth_top_inst/mac_inst/icmp0/reply_check_out_reg[30]' (FDCE) to 'eth_top_inst/mac_inst/icmp0/reply_check_out_reg[17]'
INFO: [Synth 8-3886] merging instance 'eth_top_inst/mac_inst/icmp0/reply_check_out_reg[31]' (FDCE) to 'eth_top_inst/mac_inst/icmp0/reply_check_out_reg[17]'
INFO: [Synth 8-3886] merging instance 'eth_top_inst/mac_inst/icmp0/reply_check_out_reg[17]' (FDCE) to 'eth_top_inst/mac_inst/icmp0/reply_check_out_reg[18]'
INFO: [Synth 8-3886] merging instance 'eth_top_inst/mac_inst/icmp0/reply_check_out_reg[18]' (FDCE) to 'eth_top_inst/mac_inst/icmp0/reply_check_out_reg[19]'
INFO: [Synth 8-3886] merging instance 'eth_top_inst/mac_inst/icmp0/reply_check_out_reg[19]' (FDCE) to 'eth_top_inst/mac_inst/icmp0/reply_check_out_reg[20]'
INFO: [Synth 8-3886] merging instance 'eth_top_inst/mac_inst/icmp0/reply_check_out_reg[20]' (FDCE) to 'eth_top_inst/mac_inst/icmp0/reply_check_out_reg[21]'
INFO: [Synth 8-3886] merging instance 'eth_top_inst/mac_inst/icmp0/reply_check_out_reg[21]' (FDCE) to 'eth_top_inst/mac_inst/icmp0/reply_check_out_reg[22]'
INFO: [Synth 8-3886] merging instance 'eth_top_inst/mac_inst/icmp0/reply_check_out_reg[22]' (FDCE) to 'eth_top_inst/mac_inst/icmp0/reply_check_out_reg[23]'
INFO: [Synth 8-3886] merging instance 'eth_top_inst/mac_inst/icmp0/reply_check_out_reg[23]' (FDCE) to 'eth_top_inst/mac_inst/icmp0/reply_check_out_reg[24]'
INFO: [Synth 8-3886] merging instance 'eth_top_inst/mac_inst/icmp0/reply_check_out_reg[24]' (FDCE) to 'eth_top_inst/mac_inst/icmp0/reply_check_out_reg[25]'
INFO: [Synth 8-3886] merging instance 'eth_top_inst/mac_inst/icmp0/reply_check_out_reg[25]' (FDCE) to 'eth_top_inst/mac_inst/icmp0/reply_check_out_reg[26]'
INFO: [Synth 8-3886] merging instance 'eth_top_inst/mac_inst/icmp0/reply_check_out_reg[26]' (FDCE) to 'eth_top_inst/mac_inst/icmp0/reply_check_out_reg[27]'
INFO: [Synth 8-3333] propagating constant 0 across sequential element (eth_top_inst/mac_inst/icmp0/\reply_check_out_reg[27] )
INFO: [Synth 8-3886] merging instance 'eth_top_inst/mac_inst/mac_tx0/ip0/check_out_reg[17]' (FDCE) to 'eth_top_inst/mac_inst/mac_tx0/ip0/check_out_reg[18]'
INFO: [Synth 8-3886] merging instance 'eth_top_inst/mac_inst/mac_tx0/ip0/check_out_reg[18]' (FDCE) to 'eth_top_inst/mac_inst/mac_tx0/ip0/check_out_reg[19]'
INFO: [Synth 8-3333] propagating constant 0 across sequential element (eth_top_inst/mac_inst/mac_tx0/\ip0/check_out_reg[19] )
INFO: [Synth 8-3886] merging instance 'eth_top_inst/mac_inst/icmp0/checkout_buf_reg[17]' (FDC) to 'eth_top_inst/mac_inst/icmp0/state_reg[6]'
INFO: [Synth 8-3886] merging instance 'eth_top_inst/mac_inst/icmp0/checkout_buf_reg[18]' (FDC) to 'eth_top_inst/mac_inst/icmp0/state_reg[6]'
INFO: [Synth 8-3886] merging instance 'eth_top_inst/mac_inst/icmp0/checkout_buf_reg[19]' (FDC) to 'eth_top_inst/mac_inst/icmp0/state_reg[6]'
INFO: [Synth 8-3886] merging instance 'eth_top_inst/mac_inst/icmp0/checkout_buf_reg[20]' (FDC) to 'eth_top_inst/mac_inst/icmp0/state_reg[6]'
INFO: [Synth 8-3886] merging instance 'eth_top_inst/mac_inst/icmp0/checkout_buf_reg[21]' (FDC) to 'eth_top_inst/mac_inst/icmp0/state_reg[6]'
INFO: [Synth 8-3886] merging instance 'eth_top_inst/mac_inst/icmp0/checkout_buf_reg[22]' (FDC) to 'eth_top_inst/mac_inst/icmp0/state_reg[6]'
INFO: [Synth 8-3886] merging instance 'eth_top_inst/mac_inst/icmp0/checkout_buf_reg[23]' (FDC) to 'eth_top_inst/mac_inst/icmp0/state_reg[6]'
INFO: [Synth 8-3886] merging instance 'eth_top_inst/mac_inst/icmp0/checkout_buf_reg[24]' (FDC) to 'eth_top_inst/mac_inst/icmp0/state_reg[6]'
INFO: [Synth 8-3886] merging instance 'eth_top_inst/mac_inst/icmp0/checkout_buf_reg[25]' (FDC) to 'eth_top_inst/mac_inst/icmp0/state_reg[6]'
INFO: [Synth 8-3886] merging instance 'eth_top_inst/mac_inst/icmp0/checkout_buf_reg[26]' (FDC) to 'eth_top_inst/mac_inst/icmp0/state_reg[6]'
INFO: [Synth 8-3886] merging instance 'eth_top_inst/mac_inst/icmp0/checkout_buf_reg[27]' (FDC) to 'eth_top_inst/mac_inst/icmp0/state_reg[6]'
INFO: [Synth 8-3886] merging instance 'eth_top_inst/mac_inst/icmp0/checkout_buf_reg[28]' (FDC) to 'eth_top_inst/mac_inst/icmp0/state_reg[6]'
INFO: [Synth 8-3886] merging instance 'eth_top_inst/mac_inst/icmp0/checkout_buf_reg[29]' (FDC) to 'eth_top_inst/mac_inst/icmp0/state_reg[6]'
INFO: [Synth 8-3886] merging instance 'eth_top_inst/mac_inst/icmp0/checkout_buf_reg[30]' (FDC) to 'eth_top_inst/mac_inst/icmp0/state_reg[6]'
INFO: [Synth 8-3886] merging instance 'eth_top_inst/mac_inst/icmp0/checkout_buf_reg[31]' (FDC) to 'eth_top_inst/mac_inst/icmp0/state_reg[6]'
INFO: [Synth 8-3333] propagating constant 0 across sequential element (eth_top_inst/mac_inst/icmp0/\state_reg[6] )
INFO: [Synth 8-3886] merging instance 'eth_top_inst/mac_inst/mac_tx0/arp_tx0/op_reg[4]' (FDC) to 'eth_top_inst/mac_inst/mac_tx0/ipmode/ip_send_type_reg[7]'
INFO: [Synth 8-3886] merging instance 'eth_top_inst/mac_inst/mac_tx0/arp_tx0/op_reg[12]' (FDC) to 'eth_top_inst/mac_inst/mac_tx0/ipmode/ip_send_type_reg[7]'
INFO: [Synth 8-3886] merging instance 'eth_top_inst/mac_inst/mac_tx0/arp_tx0/op_reg[8]' (FDC) to 'eth_top_inst/mac_inst/mac_tx0/ipmode/ip_send_type_reg[7]'
INFO: [Synth 8-3333] propagating constant 1 across sequential element (eth_top_inst/mac_inst/mac_tx0/\ipmode/ip_send_type_reg[0] )
INFO: [Synth 8-3886] merging instance 'eth_top_inst/mac_inst/mac_tx0/arp_tx0/op_reg[5]' (FDC) to 'eth_top_inst/mac_inst/mac_tx0/ipmode/ip_send_type_reg[7]'
INFO: [Synth 8-3886] merging instance 'eth_top_inst/mac_inst/mac_tx0/arp_tx0/op_reg[13]' (FDC) to 'eth_top_inst/mac_inst/mac_tx0/ipmode/ip_send_type_reg[7]'
INFO: [Synth 8-3886] merging instance 'eth_top_inst/mac_inst/mac_tx0/ipmode/ip_send_type_reg[5]' (FDC) to 'eth_top_inst/mac_inst/mac_tx0/ipmode/ip_send_type_reg[7]'
INFO: [Synth 8-3886] merging instance 'eth_top_inst/mac_inst/mac_tx0/arp_tx0/op_reg[9]' (FDC) to 'eth_top_inst/mac_inst/mac_tx0/ipmode/ip_send_type_reg[7]'
INFO: [Synth 8-3886] merging instance 'eth_top_inst/mac_inst/mac_tx0/ipmode/ip_send_type_reg[1]' (FDC) to 'eth_top_inst/mac_inst/mac_tx0/ipmode/ip_send_type_reg[7]'
INFO: [Synth 8-3886] merging instance 'eth_top_inst/mac_inst/mac_tx0/arp_tx0/op_reg[6]' (FDC) to 'eth_top_inst/mac_inst/mac_tx0/ipmode/ip_send_type_reg[7]'
INFO: [Synth 8-3886] merging instance 'eth_top_inst/mac_inst/mac_tx0/arp_tx0/op_reg[14]' (FDC) to 'eth_top_inst/mac_inst/mac_tx0/ipmode/ip_send_type_reg[7]'
INFO: [Synth 8-3886] merging instance 'eth_top_inst/mac_inst/mac_tx0/ipmode/ip_send_type_reg[6]' (FDC) to 'eth_top_inst/mac_inst/mac_tx0/ipmode/ip_send_type_reg[7]'
INFO: [Synth 8-3886] merging instance 'eth_top_inst/mac_inst/mac_tx0/arp_tx0/op_reg[2]' (FDC) to 'eth_top_inst/mac_inst/mac_tx0/ipmode/ip_send_type_reg[7]'
INFO: [Synth 8-3886] merging instance 'eth_top_inst/mac_inst/mac_tx0/arp_tx0/op_reg[10]' (FDC) to 'eth_top_inst/mac_inst/mac_tx0/ipmode/ip_send_type_reg[7]'
INFO: [Synth 8-3886] merging instance 'eth_top_inst/mac_inst/mac_tx0/ipmode/ip_send_type_reg[2]' (FDC) to 'eth_top_inst/mac_inst/mac_tx0/ipmode/ip_send_type_reg[7]'
INFO: [Synth 8-3886] merging instance 'eth_top_inst/mac_inst/mac_tx0/arp_tx0/op_reg[7]' (FDC) to 'eth_top_inst/mac_inst/mac_tx0/ipmode/ip_send_type_reg[7]'
INFO: [Synth 8-3886] merging instance 'eth_top_inst/mac_inst/mac_tx0/arp_tx0/op_reg[15]' (FDC) to 'eth_top_inst/mac_inst/mac_tx0/ipmode/ip_send_type_reg[7]'
INFO: [Synth 8-3886] merging instance 'eth_top_inst/mac_inst/mac_tx0/ipmode/ip_send_type_reg[7]' (FDC) to 'eth_top_inst/mac_inst/mac_tx0/ipmode/ip_send_type_reg[3]'
INFO: [Synth 8-3886] merging instance 'eth_top_inst/mac_inst/mac_tx0/arp_tx0/op_reg[3]' (FDC) to 'eth_top_inst/mac_inst/mac_tx0/ipmode/ip_send_type_reg[3]'
INFO: [Synth 8-3886] merging instance 'eth_top_inst/mac_inst/mac_tx0/arp_tx0/op_reg[11]' (FDC) to 'eth_top_inst/mac_inst/mac_tx0/ipmode/ip_send_type_reg[3]'
INFO: [Synth 8-3886] merging instance 'eth_top_inst/mac_inst/mac_tx0/ipmode/ip_send_type_reg[3]' (FDC) to 'eth_top_inst/mac_inst/mac_tx0/udp0/state_reg[1]'
INFO: [Synth 8-3886] merging instance 'eth_top_inst/ctrl_inst/udp_send_data_length_reg[2]' (FDCE) to 'eth_top_inst/ctrl_inst/udp_send_data_length_reg[10]'
INFO: [Synth 8-3886] merging instance 'eth_top_inst/ctrl_inst/udp_send_data_length_reg[3]' (FDCE) to 'eth_top_inst/ctrl_inst/udp_send_data_length_reg[4]'
INFO: [Synth 8-3886] merging instance 'eth_top_inst/ctrl_inst/udp_send_data_length_reg[1]' (FDCE) to 'eth_top_inst/ctrl_inst/udp_send_data_length_reg[4]'
INFO: [Synth 8-3886] merging instance 'eth_top_inst/ctrl_inst/udp_send_data_length_reg[5]' (FDCE) to 'eth_top_inst/ctrl_inst/udp_send_data_length_reg[15]'
INFO: [Synth 8-3886] merging instance 'eth_top_inst/ctrl_inst/udp_send_data_length_reg[6]' (FDCE) to 'eth_top_inst/ctrl_inst/udp_send_data_length_reg[15]'
INFO: [Synth 8-3886] merging instance 'eth_top_inst/ctrl_inst/udp_send_data_length_reg[7]' (FDCE) to 'eth_top_inst/ctrl_inst/udp_send_data_length_reg[15]'
INFO: [Synth 8-3886] merging instance 'eth_top_inst/ctrl_inst/udp_send_data_length_reg[8]' (FDCE) to 'eth_top_inst/ctrl_inst/udp_send_data_length_reg[15]'
INFO: [Synth 8-3886] merging instance 'eth_top_inst/ctrl_inst/udp_send_data_length_reg[9]' (FDCE) to 'eth_top_inst/ctrl_inst/udp_send_data_length_reg[15]'
INFO: [Common 17-14] Message 'Synth 8-3886' appears 100 times and further instances of the messages will be disabled. Use the Tcl command set_msg_config to change the current settings.
INFO: [Synth 8-3333] propagating constant 0 across sequential element (eth_top_inst/\ctrl_inst/udp_send_data_length_reg[15] )
INFO: [Synth 8-3333] propagating constant 0 across sequential element (eth_top_inst/\ctrl_inst/fifo_rdusedw_reg[10] )
INFO: [Synth 8-3333] propagating constant 0 across sequential element (eth_top_inst/mac_inst/mac_tx0/\mac0/send_state_reg[0] )
INFO: [Synth 8-3333] propagating constant 0 across sequential element (frame_read_write_m0/\frame_fifo_write_m0/write_addr_index_d0_reg[1] )
INFO: [Synth 8-3333] propagating constant 0 across sequential element (frame_read_write_m0/\frame_fifo_read_m0/state_reg[3] )
INFO: [Synth 8-3333] propagating constant 0 across sequential element (frame_read_write_m0/\frame_fifo_read_m0/rd_burst_len_reg[9] )
INFO: [Synth 8-3333] propagating constant 0 across sequential element (frame_read_write_m0/\frame_fifo_write_m0/wr_burst_len_reg[7] )
INFO: [Synth 8-3333] propagating constant 0 across sequential element (\util_gmii_to_rgmii_m0/gmii_tx_er_r_reg )
INFO: [Synth 8-3333] propagating constant 0 across sequential element (\util_gmii_to_rgmii_m0/tx_reset_d1_reg )
INFO: [Synth 8-3333] propagating constant 0 across sequential element (frame_read_write_m0/\frame_fifo_write_m0/write_addr_index_d0_reg[1] )
INFO: [Synth 8-3333] propagating constant 0 across sequential element (smi_config:/\write_reg_16_reg[14] )
INFO: [Synth 8-3333] propagating constant 0 across sequential element (eth_top_inst/mac_inst/mac_tx0/\ip0/checksum_tmp3_reg[0] )
WARNING: [Synth 8-3332] Sequential element (next_state_reg[16]) is unused and will be removed from module smi_config__1.
WARNING: [Synth 8-3332] Sequential element (next_state_reg[15]) is unused and will be removed from module smi_config__1.
WARNING: [Synth 8-3332] Sequential element (next_state_reg[14]) is unused and will be removed from module smi_config__1.
WARNING: [Synth 8-3332] Sequential element (next_state_reg[13]) is unused and will be removed from module smi_config__1.
WARNING: [Synth 8-3332] Sequential element (next_state_reg[12]) is unused and will be removed from module smi_config__1.
WARNING: [Synth 8-3332] Sequential element (next_state_reg[11]) is unused and will be removed from module smi_config__1.
WARNING: [Synth 8-3332] Sequential element (next_state_reg[10]) is unused and will be removed from module smi_config__1.
WARNING: [Synth 8-3332] Sequential element (next_state_reg[9]) is unused and will be removed from module smi_config__1.
WARNING: [Synth 8-3332] Sequential element (next_state_reg[8]) is unused and will be removed from module smi_config__1.
WARNING: [Synth 8-3332] Sequential element (next_state_reg[7]) is unused and will be removed from module smi_config__1.
WARNING: [Synth 8-3332] Sequential element (next_state_reg[6]) is unused and will be removed from module smi_config__1.
WARNING: [Synth 8-3332] Sequential element (next_state_reg[5]) is unused and will be removed from module smi_config__1.
WARNING: [Synth 8-3332] Sequential element (next_state_reg[4]) is unused and will be removed from module smi_config__1.
WARNING: [Synth 8-3332] Sequential element (next_state_reg[3]) is unused and will be removed from module smi_config__1.
WARNING: [Synth 8-3332] Sequential element (next_state_reg[2]) is unused and will be removed from module smi_config__1.
WARNING: [Synth 8-3332] Sequential element (next_state_reg[1]) is unused and will be removed from module smi_config__1.
WARNING: [Synth 8-3332] Sequential element (next_state_reg[0]) is unused and will be removed from module smi_config__1.
WARNING: [Synth 8-3332] Sequential element (next_state_reg[16]) is unused and will be removed from module smi_config.
WARNING: [Synth 8-3332] Sequential element (next_state_reg[15]) is unused and will be removed from module smi_config.
WARNING: [Synth 8-3332] Sequential element (next_state_reg[14]) is unused and will be removed from module smi_config.
WARNING: [Synth 8-3332] Sequential element (next_state_reg[13]) is unused and will be removed from module smi_config.
WARNING: [Synth 8-3332] Sequential element (next_state_reg[12]) is unused and will be removed from module smi_config.
WARNING: [Synth 8-3332] Sequential element (next_state_reg[11]) is unused and will be removed from module smi_config.
WARNING: [Synth 8-3332] Sequential element (next_state_reg[10]) is unused and will be removed from module smi_config.
WARNING: [Synth 8-3332] Sequential element (next_state_reg[9]) is unused and will be removed from module smi_config.
WARNING: [Synth 8-3332] Sequential element (next_state_reg[8]) is unused and will be removed from module smi_config.
WARNING: [Synth 8-3332] Sequential element (next_state_reg[7]) is unused and will be removed from module smi_config.
WARNING: [Synth 8-3332] Sequential element (next_state_reg[6]) is unused and will be removed from module smi_config.
WARNING: [Synth 8-3332] Sequential element (next_state_reg[5]) is unused and will be removed from module smi_config.
WARNING: [Synth 8-3332] Sequential element (next_state_reg[4]) is unused and will be removed from module smi_config.
WARNING: [Synth 8-3332] Sequential element (next_state_reg[3]) is unused and will be removed from module smi_config.
WARNING: [Synth 8-3332] Sequential element (next_state_reg[2]) is unused and will be removed from module smi_config.
WARNING: [Synth 8-3332] Sequential element (next_state_reg[1]) is unused and will be removed from module smi_config.
WARNING: [Synth 8-3332] Sequential element (next_state_reg[0]) is unused and will be removed from module smi_config.
---------------------------------------------------------------------------------
Finished Cross Boundary and Area Optimization : Time (s): cpu = 00:00:11 ; elapsed = 00:00:23 . Memory (MB): peak = 1020.699 ; gain = 426.980
---------------------------------------------------------------------------------
---------------------------------------------------------------------------------
Start ROM, RAM, DSP and Shift Register Reporting
---------------------------------------------------------------------------------

Block RAM: Preliminary Mapping  Report (see note below)
+-----------------------+------------+------------------------+---+---+------------------------+---+---+------------------+--------+--------+
|Module Name            | RTL Object | PORT A (Depth x Width) | W | R | PORT B (Depth x Width) | W | R | Ports driving FF | RAMB18 | RAMB36 | 
+-----------------------+------------+------------------------+---+---+------------------------+---+---+------------------+--------+--------+
|dpram:                 | ram_reg    | 2 K x 8(READ_FIRST)    | W |   | 2 K x 8(WRITE_FIRST)   |   | R | Port A and B     | 1      | 0      | 
|dpram__parameterized0: | ram_reg    | 256 x 8(READ_FIRST)    | W |   | 256 x 8(WRITE_FIRST)   |   | R | Port A and B     | 1      | 0      | 
+-----------------------+------------+------------------------+---+---+------------------------+---+---+------------------+--------+--------+

Note: The table above is a preliminary report that shows the Block RAMs at the current stage of the synthesis flow. Some Block RAMs may be reimplemented as non Block RAM primitives later in the synthesis flow. Multiple instantiated Block RAMs are reported only once. 
---------------------------------------------------------------------------------
Finished ROM, RAM, DSP and Shift Register Reporting
---------------------------------------------------------------------------------
INFO: [Synth 8-6837] The timing for the instance eth_top_inst/mac_inst/mac_rx0/udp0/i_0/udp_receive_ram/ram_reg (implemented as a Block RAM) might be sub-optimal as no optional output register could be merged into the block ram. Providing additional output register may help in improving timing.
INFO: [Synth 8-6837] The timing for the instance eth_top_inst/mac_inst/icmp0/i_1/icmp_receive_ram/ram_reg (implemented as a Block RAM) might be sub-optimal as no optional output register could be merged into the block ram. Providing additional output register may help in improving timing.

Report RTL Partitions: 
+-+--------------+------------+----------+
| |RTL Partition |Replication |Instances |
+-+--------------+------------+----------+
+-+--------------+------------+----------+
---------------------------------------------------------------------------------
Start Applying XDC Timing Constraints
---------------------------------------------------------------------------------
INFO: [Synth 8-5578] Moved timing constraint from pin 'u_ddr3/ui_clk' to pin 'u_ddr3/bbstub_ui_clk/O'
INFO: [Synth 8-5578] Moved timing constraint from pin 'adc_pll_m0/clk_out1' to pin 'adc_pll_m0/bbstub_clk_out1/O'
INFO: [Synth 8-5783] Moving clock source from hierarchical pin 'adc_pll_m0/clk_in1' to 'IDELAYCTRL_inst/REFCLK'
INFO: [Synth 8-5819] Moved 3 constraints on hierarchical pins to their respective driving/loading pins
---------------------------------------------------------------------------------
Finished Applying XDC Timing Constraints : Time (s): cpu = 00:00:13 ; elapsed = 00:00:28 . Memory (MB): peak = 1020.699 ; gain = 426.980
---------------------------------------------------------------------------------
---------------------------------------------------------------------------------
Start Timing Optimization
---------------------------------------------------------------------------------
---------------------------------------------------------------------------------
Finished Timing Optimization : Time (s): cpu = 00:00:13 ; elapsed = 00:00:29 . Memory (MB): peak = 1020.699 ; gain = 426.980
---------------------------------------------------------------------------------
---------------------------------------------------------------------------------
Start ROM, RAM, DSP and Shift Register Reporting
---------------------------------------------------------------------------------

Block RAM: Final Mapping  Report
+-----------------------+------------+------------------------+---+---+------------------------+---+---+------------------+--------+--------+
|Module Name            | RTL Object | PORT A (Depth x Width) | W | R | PORT B (Depth x Width) | W | R | Ports driving FF | RAMB18 | RAMB36 | 
+-----------------------+------------+------------------------+---+---+------------------------+---+---+------------------+--------+--------+
|dpram:                 | ram_reg    | 2 K x 8(READ_FIRST)    | W |   | 2 K x 8(WRITE_FIRST)   |   | R | Port A and B     | 1      | 0      | 
|dpram__parameterized0: | ram_reg    | 256 x 8(READ_FIRST)    | W |   | 256 x 8(WRITE_FIRST)   |   | R | Port A and B     | 1      | 0      | 
+-----------------------+------------+------------------------+---+---+------------------------+---+---+------------------+--------+--------+

---------------------------------------------------------------------------------
Finished ROM, RAM, DSP and Shift Register Reporting
---------------------------------------------------------------------------------

Report RTL Partitions: 
+-+--------------+------------+----------+
| |RTL Partition |Replication |Instances |
+-+--------------+------------+----------+
+-+--------------+------------+----------+
---------------------------------------------------------------------------------
Start Technology Mapping
---------------------------------------------------------------------------------
INFO: [Synth 8-6837] The timing for the instance eth_top_inst/mac_inst/mac_rx0/udp0/udp_receive_ram/ram_reg (implemented as a Block RAM) might be sub-optimal as no optional output register could be merged into the block ram. Providing additional output register may help in improving timing.
INFO: [Synth 8-6837] The timing for the instance eth_top_inst/mac_inst/icmp0/icmp_receive_ram/ram_reg (implemented as a Block RAM) might be sub-optimal as no optional output register could be merged into the block ram. Providing additional output register may help in improving timing.
---------------------------------------------------------------------------------
Finished Technology Mapping : Time (s): cpu = 00:00:14 ; elapsed = 00:00:31 . Memory (MB): peak = 1048.109 ; gain = 454.391
---------------------------------------------------------------------------------

Report RTL Partitions: 
+-+--------------+------------+----------+
| |RTL Partition |Replication |Instances |
+-+--------------+------------+----------+
+-+--------------+------------+----------+
---------------------------------------------------------------------------------
Start IO Insertion
---------------------------------------------------------------------------------
---------------------------------------------------------------------------------
Start Flattening Before IO Insertion
---------------------------------------------------------------------------------
---------------------------------------------------------------------------------
Finished Flattening Before IO Insertion
---------------------------------------------------------------------------------
---------------------------------------------------------------------------------
Start Final Netlist Cleanup
---------------------------------------------------------------------------------
INFO: [Synth 8-5365] Flop eth_top_inst/mac_inst/mac_tx0/ip0/checkout_buf_reg[0] is being inverted and renamed to eth_top_inst/mac_inst/mac_tx0/ip0/checkout_buf_reg[0]_inv.
INFO: [Synth 8-5365] Flop eth_top_inst/mac_inst/mac_tx0/ip0/checkout_buf_reg[1] is being inverted and renamed to eth_top_inst/mac_inst/mac_tx0/ip0/checkout_buf_reg[1]_inv.
INFO: [Synth 8-5365] Flop eth_top_inst/mac_inst/mac_tx0/ip0/checkout_buf_reg[2] is being inverted and renamed to eth_top_inst/mac_inst/mac_tx0/ip0/checkout_buf_reg[2]_inv.
INFO: [Synth 8-5365] Flop eth_top_inst/mac_inst/mac_tx0/ip0/checkout_buf_reg[3] is being inverted and renamed to eth_top_inst/mac_inst/mac_tx0/ip0/checkout_buf_reg[3]_inv.
INFO: [Synth 8-5365] Flop eth_top_inst/mac_inst/mac_tx0/ip0/checkout_buf_reg[4] is being inverted and renamed to eth_top_inst/mac_inst/mac_tx0/ip0/checkout_buf_reg[4]_inv.
INFO: [Synth 8-5365] Flop eth_top_inst/mac_inst/mac_tx0/ip0/checkout_buf_reg[5] is being inverted and renamed to eth_top_inst/mac_inst/mac_tx0/ip0/checkout_buf_reg[5]_inv.
INFO: [Synth 8-5365] Flop eth_top_inst/mac_inst/mac_tx0/ip0/checkout_buf_reg[6] is being inverted and renamed to eth_top_inst/mac_inst/mac_tx0/ip0/checkout_buf_reg[6]_inv.
INFO: [Synth 8-5365] Flop eth_top_inst/mac_inst/mac_tx0/ip0/checkout_buf_reg[7] is being inverted and renamed to eth_top_inst/mac_inst/mac_tx0/ip0/checkout_buf_reg[7]_inv.
INFO: [Synth 8-5365] Flop eth_top_inst/mac_inst/mac_tx0/ip0/checkout_buf_reg[8] is being inverted and renamed to eth_top_inst/mac_inst/mac_tx0/ip0/checkout_buf_reg[8]_inv.
INFO: [Synth 8-5365] Flop eth_top_inst/mac_inst/mac_tx0/ip0/checkout_buf_reg[9] is being inverted and renamed to eth_top_inst/mac_inst/mac_tx0/ip0/checkout_buf_reg[9]_inv.
INFO: [Synth 8-5365] Flop eth_top_inst/mac_inst/mac_tx0/ip0/checkout_buf_reg[10] is being inverted and renamed to eth_top_inst/mac_inst/mac_tx0/ip0/checkout_buf_reg[10]_inv.
INFO: [Synth 8-5365] Flop eth_top_inst/mac_inst/mac_tx0/ip0/checkout_buf_reg[11] is being inverted and renamed to eth_top_inst/mac_inst/mac_tx0/ip0/checkout_buf_reg[11]_inv.
INFO: [Synth 8-5365] Flop eth_top_inst/mac_inst/mac_tx0/ip0/checkout_buf_reg[12] is being inverted and renamed to eth_top_inst/mac_inst/mac_tx0/ip0/checkout_buf_reg[12]_inv.
INFO: [Synth 8-5365] Flop eth_top_inst/mac_inst/mac_tx0/ip0/checkout_buf_reg[13] is being inverted and renamed to eth_top_inst/mac_inst/mac_tx0/ip0/checkout_buf_reg[13]_inv.
INFO: [Synth 8-5365] Flop eth_top_inst/mac_inst/mac_tx0/ip0/checkout_buf_reg[14] is being inverted and renamed to eth_top_inst/mac_inst/mac_tx0/ip0/checkout_buf_reg[14]_inv.
INFO: [Synth 8-5365] Flop eth_top_inst/mac_inst/mac_tx0/ip0/checkout_buf_reg[15] is being inverted and renamed to eth_top_inst/mac_inst/mac_tx0/ip0/checkout_buf_reg[15]_inv.
---------------------------------------------------------------------------------
Finished Final Netlist Cleanup
---------------------------------------------------------------------------------
---------------------------------------------------------------------------------
Finished IO Insertion : Time (s): cpu = 00:00:14 ; elapsed = 00:00:32 . Memory (MB): peak = 1053.953 ; gain = 460.234
---------------------------------------------------------------------------------

Report Check Netlist: 
+------+------------------+-------+---------+-------+------------------+
|      |Item              |Errors |Warnings |Status |Description       |
+------+------------------+-------+---------+-------+------------------+
|1     |multi_driven_nets |      0|        0|Passed |Multi driven nets |
+------+------------------+-------+---------+-------+------------------+
---------------------------------------------------------------------------------
Start Renaming Generated Instances
---------------------------------------------------------------------------------
---------------------------------------------------------------------------------
Finished Renaming Generated Instances : Time (s): cpu = 00:00:14 ; elapsed = 00:00:32 . Memory (MB): peak = 1053.953 ; gain = 460.234
---------------------------------------------------------------------------------

Report RTL Partitions: 
+-+--------------+------------+----------+
| |RTL Partition |Replication |Instances |
+-+--------------+------------+----------+
+-+--------------+------------+----------+
---------------------------------------------------------------------------------
Start Rebuilding User Hierarchy
---------------------------------------------------------------------------------
---------------------------------------------------------------------------------
Finished Rebuilding User Hierarchy : Time (s): cpu = 00:00:14 ; elapsed = 00:00:33 . Memory (MB): peak = 1053.953 ; gain = 460.234
---------------------------------------------------------------------------------
---------------------------------------------------------------------------------
Start Renaming Generated Ports
---------------------------------------------------------------------------------
---------------------------------------------------------------------------------
Finished Renaming Generated Ports : Time (s): cpu = 00:00:14 ; elapsed = 00:00:33 . Memory (MB): peak = 1053.953 ; gain = 460.234
---------------------------------------------------------------------------------
---------------------------------------------------------------------------------
Start Handling Custom Attributes
---------------------------------------------------------------------------------
---------------------------------------------------------------------------------
Finished Handling Custom Attributes : Time (s): cpu = 00:00:15 ; elapsed = 00:00:33 . Memory (MB): peak = 1053.953 ; gain = 460.234
---------------------------------------------------------------------------------
---------------------------------------------------------------------------------
Start Renaming Generated Nets
---------------------------------------------------------------------------------
---------------------------------------------------------------------------------
Finished Renaming Generated Nets : Time (s): cpu = 00:00:15 ; elapsed = 00:00:33 . Memory (MB): peak = 1053.953 ; gain = 460.234
---------------------------------------------------------------------------------
---------------------------------------------------------------------------------
Start Writing Synthesis Report
---------------------------------------------------------------------------------

Report BlackBoxes: 
+------+------------------+----------+
|      |BlackBox name     |Instances |
+------+------------------+----------+
|1     |adc_pll           |         1|
|2     |ddr3              |         1|
|3     |afifo_16i_64o_512 |         1|
|4     |afifo_64i_16o_128 |         1|
+------+------------------+----------+

Report Cell Usage: 
+------+------------------+------+
|      |Cell              |Count |
+------+------------------+------+
|1     |adc_pll           |     1|
|2     |afifo_16i_64o_512 |     1|
|3     |afifo_64i_16o_128 |     1|
|4     |ddr3              |     1|
|5     |BUFG              |     2|
|6     |BUFIO             |     1|
|7     |CARRY4            |   514|
|8     |IDDR              |     5|
|9     |IDELAYCTRL        |     1|
|10    |IDELAYE2          |     5|
|11    |LUT1              |   189|
|12    |LUT2              |  1199|
|13    |LUT3              |   653|
|14    |LUT4              |   752|
|15    |LUT5              |   546|
|16    |LUT6              |   958|
|17    |MUXF7             |     8|
|18    |MUXF8             |     3|
|19    |ODDR              |     2|
|20    |ODDR_1            |     6|
|21    |RAMB18E1          |     1|
|22    |RAMB18E1_1        |     1|
|23    |FDCE              |  3203|
|24    |FDPE              |   268|
|25    |FDRE              |   117|
|26    |IBUF              |    15|
|27    |IBUFGDS           |     1|
|28    |IOBUF             |     2|
|29    |OBUF              |    11|
|30    |OBUFT             |     6|
+------+------------------+------+

Report Instance Areas: 
+------+--------------------------+----------------------+------+
|      |Instance                  |Module                |Cells |
+------+--------------------------+----------------------+------+
|1     |top                       |                      |  8723|
|2     |  smi_config_inst0        |smi_config__1         |   494|
|3     |    smi_inst              |smi_read_write__1     |   244|
|4     |  smi_config_inst1        |smi_config            |   494|
|5     |    smi_inst              |smi_read_write        |   244|
|6     |  ad9280_sample_m0        |ad9280_sample         |   198|
|7     |  eth_top_inst            |eth_top               |  5954|
|8     |    cmd_inst              |eth_cmd               |   337|
|9     |    ctrl_inst             |mac_ctrl              |   520|
|10    |    mac_inst              |mac_top               |  5079|
|11    |      cache0              |arp_cache             |   243|
|12    |      icmp0               |icmp_reply            |   830|
|13    |        icmp_receive_ram  |dpram__parameterized0 |     9|
|14    |      mac_rx0             |mac_rx_top            |  2415|
|15    |        c0                |crc_2                 |    61|
|16    |        arp0              |arp_rx                |   296|
|17    |        ip0               |ip_rx                 |   606|
|18    |        mac0              |mac_rx                |   619|
|19    |        udp0              |udp_rx                |   832|
|20    |          udp_receive_ram |dpram                 |     1|
|21    |      mac_tx0             |mac_tx_top            |  1591|
|22    |        c0                |crc                   |    61|
|23    |        arp_tx0           |arp_tx                |   302|
|24    |        ip0               |ip_tx                 |   590|
|25    |        ipmode            |ip_tx_mode            |   131|
|26    |        mac0              |mac_tx                |   188|
|27    |        mode0             |mac_tx_mode           |    79|
|28    |        udp0              |udp_tx                |   240|
|29    |  frame_read_write_m0     |frame_read_write      |   737|
|30    |    frame_fifo_read_m0    |frame_fifo_read       |   342|
|31    |    frame_fifo_write_m0   |frame_fifo_write      |   267|
|32    |  reset_m0                |reset                 |    72|
|33    |  reset_m1                |reset_0               |    71|
|34    |  reset_m3                |reset_1               |    71|
|35    |  u_aq_axi_master         |aq_axi_master         |   417|
|36    |  util_gmii_to_rgmii_m0   |util_gmii_to_rgmii    |    46|
+------+--------------------------+----------------------+------+
---------------------------------------------------------------------------------
Finished Writing Synthesis Report : Time (s): cpu = 00:00:15 ; elapsed = 00:00:33 . Memory (MB): peak = 1053.953 ; gain = 460.234
---------------------------------------------------------------------------------
Synthesis finished with 0 errors, 0 critical warnings and 136 warnings.
Synthesis Optimization Runtime : Time (s): cpu = 00:00:12 ; elapsed = 00:00:30 . Memory (MB): peak = 1053.953 ; gain = 296.160
Synthesis Optimization Complete : Time (s): cpu = 00:00:15 ; elapsed = 00:00:33 . Memory (MB): peak = 1053.953 ; gain = 460.234
INFO: [Project 1-571] Translating synthesized netlist
INFO: [Netlist 29-17] Analyzing 548 Unisim elements for replacement
INFO: [Netlist 29-28] Unisim Transformation completed in 0 CPU seconds
INFO: [Project 1-570] Preparing netlist for logic optimization
INFO: [Opt 31-138] Pushed 0 inverter(s) to 0 load pin(s).
Netlist sorting complete. Time (s): cpu = 00:00:00 ; elapsed = 00:00:00.001 . Memory (MB): peak = 1053.953 ; gain = 0.000
INFO: [Project 1-111] Unisim Transformation Summary:
  A total of 3 instances were transformed.
  IBUFGDS => IBUFDS: 1 instances
  IOBUF => IOBUF (IBUF, OBUFT): 2 instances

INFO: [Common 17-83] Releasing license: Synthesis
313 Infos, 203 Warnings, 0 Critical Warnings and 0 Errors encountered.
synth_design completed successfully
synth_design: Time (s): cpu = 00:00:16 ; elapsed = 00:00:38 . Memory (MB): peak = 1053.953 ; gain = 720.129
Netlist sorting complete. Time (s): cpu = 00:00:00 ; elapsed = 00:00:00.002 . Memory (MB): peak = 1053.953 ; gain = 0.000
WARNING: [Constraints 18-5210] No constraints selected for write.
Resolution: This message can indicate that there are no constraints for the design, or it can indicate that the used_in flags are set such that the constraints are ignored. This later case is used when running synth_design to not write synthesis constraints to the resulting checkpoint. Instead, project constraints are read when the synthesized design is opened.
INFO: [Common 17-1381] The checkpoint 'F:/AD/Artix7-7103/01_demo_document/ad9280_ethernet/synth_1/top.dcp' has been generated.
INFO: [runtcl-4] Executing : report_utilization -file top_utilization_synth.rpt -pb top_utilization_synth.pb
INFO: [Common 17-206] Exiting Vivado at Thu Mar 20 11:57:41 2025...
