
*** Running vivado
    with args -log fft_ls.vds -m64 -product Vivado -mode batch -messageDb vivado.pb -notrace -source fft_ls.tcl


****** Vivado v2019.1 (64-bit)
  **** SW Build 2552052 on Fri May 24 14:49:42 MDT 2019
  **** IP Build 2548770 on Fri May 24 18:01:18 MDT 2019
    ** Copyright 1986-2019 Xilinx, Inc. All Rights Reserved.

source fft_ls.tcl -notrace
Command: synth_design -top fft_ls -part xc7a100tfgg484-2 -mode out_of_context
Starting synth_design
Attempting to get a license for feature 'Synthesis' and/or device 'xc7a100t'
INFO: [Common 17-349] Got license for feature 'Synthesis' and/or device 'xc7a100t'
INFO: [Device 21-403] Loading part xc7a100tfgg484-2
INFO: Launching helper process for spawning children vivado processes
INFO: Helper process launched with PID 16612 
---------------------------------------------------------------------------------
Starting RTL Elaboration : Time (s): cpu = 00:00:02 ; elapsed = 00:00:06 . Memory (MB): peak = 749.703 ; gain = 178.223
---------------------------------------------------------------------------------
INFO: [Synth 8-638] synthesizing module 'fft_ls' [f:/AD/experiment/ad9280_ethernet/adc_ethernet.srcs/sources_1/ip/fft_ls/synth/fft_ls.vhd:87]
	Parameter C_XDEVICEFAMILY bound to: artix7 - type: string 
	Parameter C_S_AXIS_CONFIG_TDATA_WIDTH bound to: 16 - type: integer 
	Parameter C_S_AXIS_DATA_TDATA_WIDTH bound to: 128 - type: integer 
	Parameter C_M_AXIS_DATA_TDATA_WIDTH bound to: 128 - type: integer 
	Parameter C_M_AXIS_DATA_TUSER_WIDTH bound to: 32 - type: integer 
	Parameter C_M_AXIS_STATUS_TDATA_WIDTH bound to: 32 - type: integer 
	Parameter C_THROTTLE_SCHEME bound to: 1 - type: integer 
	Parameter C_CHANNELS bound to: 4 - type: integer 
	Parameter C_NFFT_MAX bound to: 9 - type: integer 
	Parameter C_ARCH bound to: 1 - type: integer 
	Parameter C_HAS_NFFT bound to: 0 - type: integer 
	Parameter C_USE_FLT_PT bound to: 0 - type: integer 
	Parameter C_INPUT_WIDTH bound to: 9 - type: integer 
	Parameter C_TWIDDLE_WIDTH bound to: 9 - type: integer 
	Parameter C_OUTPUT_WIDTH bound to: 9 - type: integer 
	Parameter C_HAS_SCALING bound to: 1 - type: integer 
	Parameter C_HAS_BFP bound to: 1 - type: integer 
	Parameter C_HAS_ROUNDING bound to: 1 - type: integer 
	Parameter C_HAS_ACLKEN bound to: 0 - type: integer 
	Parameter C_HAS_ARESETN bound to: 1 - type: integer 
	Parameter C_HAS_OVFLO bound to: 0 - type: integer 
	Parameter C_HAS_NATURAL_INPUT bound to: 1 - type: integer 
	Parameter C_HAS_NATURAL_OUTPUT bound to: 0 - type: integer 
	Parameter C_HAS_CYCLIC_PREFIX bound to: 0 - type: integer 
	Parameter C_HAS_XK_INDEX bound to: 0 - type: integer 
	Parameter C_DATA_MEM_TYPE bound to: 1 - type: integer 
	Parameter C_TWIDDLE_MEM_TYPE bound to: 1 - type: integer 
	Parameter C_BRAM_STAGES bound to: 0 - type: integer 
	Parameter C_REORDER_MEM_TYPE bound to: 1 - type: integer 
	Parameter C_USE_HYBRID_RAM bound to: 0 - type: integer 
	Parameter C_OPTIMIZE_GOAL bound to: 0 - type: integer 
	Parameter C_CMPY_TYPE bound to: 1 - type: integer 
	Parameter C_BFLY_TYPE bound to: 0 - type: integer 
INFO: [Synth 8-3491] module 'xfft_v9_1_2' declared at 'f:/AD/experiment/ad9280_ethernet/adc_ethernet.srcs/sources_1/ip/fft_ls/hdl/xfft_v9_1_vh_rfs.vhd:103134' bound to instance 'U0' of component 'xfft_v9_1_2' [f:/AD/experiment/ad9280_ethernet/adc_ethernet.srcs/sources_1/ip/fft_ls/synth/fft_ls.vhd:199]
INFO: [Synth 8-256] done synthesizing module 'fft_ls' (65#1) [f:/AD/experiment/ad9280_ethernet/adc_ethernet.srcs/sources_1/ip/fft_ls/synth/fft_ls.vhd:87]
WARNING: [Synth 8-3331] design mux_bus4__parameterized4 has unconnected port LUT_SCLR
WARNING: [Synth 8-3331] design mux_bus4__parameterized2 has unconnected port LUT_SCLR
WARNING: [Synth 8-3331] design shift_ram__parameterized26 has unconnected port D1
WARNING: [Synth 8-3331] design shift_ram__parameterized26 has unconnected port COMBI_SCLR
WARNING: [Synth 8-3331] design shift_ram__parameterized26 has unconnected port DEPTHx2
WARNING: [Synth 8-3331] design logic_gate has unconnected port clk
WARNING: [Synth 8-3331] design logic_gate has unconnected port ce
WARNING: [Synth 8-3331] design c_addsub_v12_0_13_lut6_legacy__parameterized19 has unconnected port clk
WARNING: [Synth 8-3331] design c_addsub_v12_0_13_lut6_legacy__parameterized19 has unconnected port add
WARNING: [Synth 8-3331] design c_addsub_v12_0_13_lut6_legacy__parameterized19 has unconnected port c_in
WARNING: [Synth 8-3331] design c_addsub_v12_0_13_lut6_legacy__parameterized19 has unconnected port ce
WARNING: [Synth 8-3331] design c_addsub_v12_0_13_lut6_legacy__parameterized19 has unconnected port bypass
WARNING: [Synth 8-3331] design c_addsub_v12_0_13_lut6_legacy__parameterized19 has unconnected port aclr
WARNING: [Synth 8-3331] design c_addsub_v12_0_13_lut6_legacy__parameterized19 has unconnected port aset
WARNING: [Synth 8-3331] design c_addsub_v12_0_13_lut6_legacy__parameterized19 has unconnected port ainit
WARNING: [Synth 8-3331] design c_addsub_v12_0_13_lut6_legacy__parameterized19 has unconnected port sclr
WARNING: [Synth 8-3331] design c_addsub_v12_0_13_lut6_legacy__parameterized19 has unconnected port sset
WARNING: [Synth 8-3331] design c_addsub_v12_0_13_lut6_legacy__parameterized19 has unconnected port sinit
WARNING: [Synth 8-3331] design c_addsub_v12_0_13_legacy__parameterized19 has unconnected port c_in
WARNING: [Synth 8-3331] design c_addsub_v12_0_13_legacy__parameterized19 has unconnected port b_in
WARNING: [Synth 8-3331] design c_addsub_v12_0_13_legacy__parameterized19 has unconnected port a_signed
WARNING: [Synth 8-3331] design c_addsub_v12_0_13_legacy__parameterized19 has unconnected port b_signed
WARNING: [Synth 8-3331] design c_addsub_v12_0_13_viv__parameterized10 has unconnected port C_IN
WARNING: [Synth 8-3331] design logic_gate__parameterized0 has unconnected port clk
WARNING: [Synth 8-3331] design logic_gate__parameterized0 has unconnected port ce
WARNING: [Synth 8-3331] design c_reg_fd_v12_0_6_viv__parameterized10 has unconnected port AINIT
WARNING: [Synth 8-3331] design c_reg_fd_v12_0_6_viv__parameterized10 has unconnected port ACLR
WARNING: [Synth 8-3331] design c_reg_fd_v12_0_6_viv__parameterized10 has unconnected port ASET
WARNING: [Synth 8-3331] design c_reg_fd_v12_0_6_viv__parameterized10 has unconnected port SINIT
WARNING: [Synth 8-3331] design c_reg_fd_v12_0_6_viv__parameterized10 has unconnected port SCLR
WARNING: [Synth 8-3331] design c_reg_fd_v12_0_6_viv__parameterized10 has unconnected port SSET
WARNING: [Synth 8-3331] design c_addsub_v12_0_13_lut6_legacy__parameterized17 has unconnected port add
WARNING: [Synth 8-3331] design c_addsub_v12_0_13_lut6_legacy__parameterized17 has unconnected port c_in
WARNING: [Synth 8-3331] design c_addsub_v12_0_13_lut6_legacy__parameterized17 has unconnected port bypass
WARNING: [Synth 8-3331] design c_addsub_v12_0_13_lut6_legacy__parameterized17 has unconnected port sclr
WARNING: [Synth 8-3331] design c_addsub_v12_0_13_lut6_legacy__parameterized17 has unconnected port sset
WARNING: [Synth 8-3331] design c_addsub_v12_0_13_lut6_legacy__parameterized17 has unconnected port sinit
WARNING: [Synth 8-3331] design c_addsub_v12_0_13_legacy__parameterized17 has unconnected port c_in
WARNING: [Synth 8-3331] design c_addsub_v12_0_13_legacy__parameterized17 has unconnected port b_in
WARNING: [Synth 8-3331] design c_addsub_v12_0_13_legacy__parameterized17 has unconnected port a_signed
WARNING: [Synth 8-3331] design c_addsub_v12_0_13_legacy__parameterized17 has unconnected port b_signed
WARNING: [Synth 8-3331] design c_addsub_v12_0_13_viv__parameterized9 has unconnected port C_IN
WARNING: [Synth 8-3331] design c_addsub_v12_0_13_lut6_legacy__parameterized15 has unconnected port add
WARNING: [Synth 8-3331] design c_addsub_v12_0_13_lut6_legacy__parameterized15 has unconnected port c_in
WARNING: [Synth 8-3331] design c_addsub_v12_0_13_lut6_legacy__parameterized15 has unconnected port bypass
WARNING: [Synth 8-3331] design c_addsub_v12_0_13_lut6_legacy__parameterized15 has unconnected port sclr
WARNING: [Synth 8-3331] design c_addsub_v12_0_13_lut6_legacy__parameterized15 has unconnected port sset
WARNING: [Synth 8-3331] design c_addsub_v12_0_13_lut6_legacy__parameterized15 has unconnected port sinit
WARNING: [Synth 8-3331] design c_addsub_v12_0_13_legacy__parameterized15 has unconnected port c_in
WARNING: [Synth 8-3331] design c_addsub_v12_0_13_legacy__parameterized15 has unconnected port b_in
WARNING: [Synth 8-3331] design c_addsub_v12_0_13_legacy__parameterized15 has unconnected port a_signed
WARNING: [Synth 8-3331] design c_addsub_v12_0_13_legacy__parameterized15 has unconnected port b_signed
WARNING: [Synth 8-3331] design c_addsub_v12_0_13_viv__parameterized8 has unconnected port C_IN
WARNING: [Synth 8-3331] design c_reg_fd_v12_0_6_viv__parameterized8 has unconnected port AINIT
WARNING: [Synth 8-3331] design c_reg_fd_v12_0_6_viv__parameterized8 has unconnected port ACLR
WARNING: [Synth 8-3331] design c_reg_fd_v12_0_6_viv__parameterized8 has unconnected port ASET
WARNING: [Synth 8-3331] design c_reg_fd_v12_0_6_viv__parameterized8 has unconnected port SINIT
WARNING: [Synth 8-3331] design c_reg_fd_v12_0_6_viv__parameterized8 has unconnected port SCLR
WARNING: [Synth 8-3331] design c_reg_fd_v12_0_6_viv__parameterized8 has unconnected port SSET
WARNING: [Synth 8-3331] design c_addsub_v12_0_13_lut6_legacy__parameterized13 has unconnected port add
WARNING: [Synth 8-3331] design c_addsub_v12_0_13_lut6_legacy__parameterized13 has unconnected port c_in
WARNING: [Synth 8-3331] design c_addsub_v12_0_13_lut6_legacy__parameterized13 has unconnected port sclr
WARNING: [Synth 8-3331] design c_addsub_v12_0_13_lut6_legacy__parameterized13 has unconnected port sset
WARNING: [Synth 8-3331] design c_addsub_v12_0_13_lut6_legacy__parameterized13 has unconnected port sinit
WARNING: [Synth 8-3331] design c_addsub_v12_0_13_legacy__parameterized13 has unconnected port c_in
WARNING: [Synth 8-3331] design c_addsub_v12_0_13_legacy__parameterized13 has unconnected port b_in
WARNING: [Synth 8-3331] design c_addsub_v12_0_13_legacy__parameterized13 has unconnected port a_signed
WARNING: [Synth 8-3331] design c_addsub_v12_0_13_legacy__parameterized13 has unconnected port b_signed
WARNING: [Synth 8-3331] design c_addsub_v12_0_13_viv__parameterized7 has unconnected port C_IN
WARNING: [Synth 8-3331] design c_reg_fd_v12_0_6_viv__parameterized6 has unconnected port AINIT
WARNING: [Synth 8-3331] design c_reg_fd_v12_0_6_viv__parameterized6 has unconnected port ACLR
WARNING: [Synth 8-3331] design c_reg_fd_v12_0_6_viv__parameterized6 has unconnected port ASET
WARNING: [Synth 8-3331] design c_reg_fd_v12_0_6_viv__parameterized6 has unconnected port SINIT
WARNING: [Synth 8-3331] design c_reg_fd_v12_0_6_viv__parameterized6 has unconnected port SCLR
WARNING: [Synth 8-3331] design c_reg_fd_v12_0_6_viv__parameterized6 has unconnected port SSET
WARNING: [Synth 8-3331] design c_addsub_v12_0_13_lut6_legacy__parameterized11 has unconnected port add
WARNING: [Synth 8-3331] design c_addsub_v12_0_13_lut6_legacy__parameterized11 has unconnected port sclr
WARNING: [Synth 8-3331] design c_addsub_v12_0_13_lut6_legacy__parameterized11 has unconnected port sset
WARNING: [Synth 8-3331] design c_addsub_v12_0_13_lut6_legacy__parameterized11 has unconnected port sinit
WARNING: [Synth 8-3331] design c_addsub_v12_0_13_legacy__parameterized11 has unconnected port b_in
WARNING: [Synth 8-3331] design c_addsub_v12_0_13_legacy__parameterized11 has unconnected port a_signed
WARNING: [Synth 8-3331] design c_addsub_v12_0_13_legacy__parameterized11 has unconnected port b_signed
WARNING: [Synth 8-3331] design adder_bypass__parameterized0 has unconnected port CIN
WARNING: [Synth 8-3331] design c_addsub_v12_0_13_viv__parameterized6 has unconnected port C_IN
WARNING: [Synth 8-3331] design adder_bypass has unconnected port CIN
WARNING: [Synth 8-3331] design mux_bus4__parameterized3 has unconnected port LUT_SCLR
WARNING: [Synth 8-3331] design mult_gen_v12_0_15_delay_line__parameterized1 has unconnected port CLK
WARNING: [Synth 8-3331] design mult_gen_v12_0_15_delay_line__parameterized1 has unconnected port CE
WARNING: [Synth 8-3331] design mult_gen_v12_0_15_delay_line__parameterized1 has unconnected port SCLR
WARNING: [Synth 8-3331] design mult_gen_v12_0_15_delay_line__parameterized0 has unconnected port SCLR
WARNING: [Synth 8-3331] design mult_gen_v12_0_15_delay_line has unconnected port SCLR
WARNING: [Synth 8-3331] design dsp__parameterized1 has unconnected port SUBTRACT
WARNING: [Synth 8-3331] design dsp__parameterized1 has unconnected port CARRY_IN
WARNING: [Synth 8-3331] design cmpy_v6_0_17_delay_line__parameterized0 has unconnected port CLK
WARNING: [Synth 8-3331] design cmpy_v6_0_17_delay_line__parameterized0 has unconnected port CE
WARNING: [Synth 8-3331] design cmpy_v6_0_17_delay_line__parameterized0 has unconnected port SCLR
WARNING: [Synth 8-3331] design cmpy_v6_0_17_delay_line__parameterized1 has unconnected port SCLR
WARNING: [Synth 8-3331] design mult_gen_v12_0_15_delay_line__parameterized3 has unconnected port CLK
WARNING: [Synth 8-3331] design mult_gen_v12_0_15_delay_line__parameterized3 has unconnected port CE
WARNING: [Synth 8-3331] design mult_gen_v12_0_15_delay_line__parameterized3 has unconnected port SCLR
INFO: [Common 17-14] Message 'Synth 8-3331' appears 100 times and further instances of the messages will be disabled. Use the Tcl command set_msg_config to change the current settings.
---------------------------------------------------------------------------------
Finished RTL Elaboration : Time (s): cpu = 00:00:16 ; elapsed = 00:00:43 . Memory (MB): peak = 1482.754 ; gain = 911.273
---------------------------------------------------------------------------------

Report Check Netlist: 
+------+------------------+-------+---------+-------+------------------+
|      |Item              |Errors |Warnings |Status |Description       |
+------+------------------+-------+---------+-------+------------------+
|1     |multi_driven_nets |      0|        0|Passed |Multi driven nets |
+------+------------------+-------+---------+-------+------------------+
---------------------------------------------------------------------------------
Start Handling Custom Attributes
---------------------------------------------------------------------------------
---------------------------------------------------------------------------------
Finished Handling Custom Attributes : Time (s): cpu = 00:00:16 ; elapsed = 00:00:44 . Memory (MB): peak = 1482.754 ; gain = 911.273
---------------------------------------------------------------------------------
---------------------------------------------------------------------------------
Finished RTL Optimization Phase 1 : Time (s): cpu = 00:00:16 ; elapsed = 00:00:44 . Memory (MB): peak = 1482.754 ; gain = 911.273
---------------------------------------------------------------------------------
INFO: [Netlist 29-17] Analyzing 2880 Unisim elements for replacement
INFO: [Netlist 29-28] Unisim Transformation completed in 0 CPU seconds
INFO: [Project 1-570] Preparing netlist for logic optimization

Processing XDC Constraints
Initializing timing engine
Parsing XDC File [f:/AD/experiment/ad9280_ethernet/adc_ethernet.srcs/sources_1/ip/fft_ls/fft_ls_ooc.xdc] for cell 'U0'
Finished Parsing XDC File [f:/AD/experiment/ad9280_ethernet/adc_ethernet.srcs/sources_1/ip/fft_ls/fft_ls_ooc.xdc] for cell 'U0'
Parsing XDC File [F:/AD/experiment/ad9280_ethernet/adc_ethernet.runs/fft_ls_synth_1/dont_touch.xdc]
Finished Parsing XDC File [F:/AD/experiment/ad9280_ethernet/adc_ethernet.runs/fft_ls_synth_1/dont_touch.xdc]
Completed Processing XDC Constraints

Netlist sorting complete. Time (s): cpu = 00:00:00 ; elapsed = 00:00:00.013 . Memory (MB): peak = 1482.754 ; gain = 0.000
INFO: [Project 1-111] Unisim Transformation Summary:
  A total of 302 instances were transformed.
  FDE => FDRE: 302 instances

Constraint Validation Runtime : Time (s): cpu = 00:00:00 ; elapsed = 00:00:00.394 . Memory (MB): peak = 1482.754 ; gain = 0.000
---------------------------------------------------------------------------------
Finished Constraint Validation : Time (s): cpu = 00:00:19 ; elapsed = 00:00:52 . Memory (MB): peak = 1482.754 ; gain = 911.273
---------------------------------------------------------------------------------
---------------------------------------------------------------------------------
Start Loading Part and Timing Information
---------------------------------------------------------------------------------
Loading part: xc7a100tfgg484-2
---------------------------------------------------------------------------------
Finished Loading Part and Timing Information : Time (s): cpu = 00:00:19 ; elapsed = 00:00:52 . Memory (MB): peak = 1482.754 ; gain = 911.273
---------------------------------------------------------------------------------
---------------------------------------------------------------------------------
Start Applying 'set_property' XDC Constraints
---------------------------------------------------------------------------------
Applied set_property DONT_TOUCH = true for U0. (constraint file  F:/AD/experiment/ad9280_ethernet/adc_ethernet.runs/fft_ls_synth_1/dont_touch.xdc, line 9).
---------------------------------------------------------------------------------
Finished applying 'set_property' XDC Constraints : Time (s): cpu = 00:00:19 ; elapsed = 00:00:52 . Memory (MB): peak = 1482.754 ; gain = 911.273
---------------------------------------------------------------------------------
INFO: [Synth 8-802] inferred FSM for state register 'gen_status_channel.gen_status_blk_exp.we_current_state_reg' in module 'axi_wrapper'
INFO: [Synth 8-7031] Trying to map ROM "half_sincos_table" into Block RAM due to explicit "ram_style" or "rom_style" specification
INFO: [Synth 8-7031] Trying to map ROM "half_sincos_table" into Block RAM due to explicit "ram_style" or "rom_style" specification
---------------------------------------------------------------------------------------------------
                   State |                     New Encoding |                Previous Encoding 
---------------------------------------------------------------------------------------------------
 st_wait_for_frame_start |                              001 |                               00
  st_wait_for_fifo_write |                              010 |                               01
   st_wait_for_frame_end |                              100 |                               10
---------------------------------------------------------------------------------------------------
INFO: [Synth 8-3354] encoded FSM with state register 'gen_status_channel.gen_status_blk_exp.we_current_state_reg' using encoding 'one-hot' in module 'axi_wrapper'
---------------------------------------------------------------------------------
Finished RTL Optimization Phase 2 : Time (s): cpu = 00:00:21 ; elapsed = 00:00:56 . Memory (MB): peak = 1482.754 ; gain = 911.273
---------------------------------------------------------------------------------
INFO: [Synth 8-223] decloning instance 'U0/i_synth/xfft_inst/non_floating_point.arch_b.xfft_inst/control/delay_line4_for_rfd' (shift_ram__parameterized3) to 'U0/i_synth/xfft_inst/non_floating_point.arch_b.xfft_inst/control/has_bfp.delay_rfd_for_scale_select'

Report RTL Partitions: 
+-+--------------+------------+----------+
| |RTL Partition |Replication |Instances |
+-+--------------+------------+----------+
+-+--------------+------------+----------+
---------------------------------------------------------------------------------
Start RTL Component Statistics 
---------------------------------------------------------------------------------
---------------------------------------------------------------------------------
Finished RTL Component Statistics 
---------------------------------------------------------------------------------
---------------------------------------------------------------------------------
Start RTL Hierarchical Component Statistics 
---------------------------------------------------------------------------------
---------------------------------------------------------------------------------
Finished RTL Hierarchical Component Statistics
---------------------------------------------------------------------------------
---------------------------------------------------------------------------------
Start Part Resource Summary
---------------------------------------------------------------------------------
Part Resources:
DSPs: 240 (col length:80)
BRAMs: 270 (col length: RAMB18 80 RAMB36 40)
---------------------------------------------------------------------------------
Finished Part Resource Summary
---------------------------------------------------------------------------------
---------------------------------------------------------------------------------
Start Cross Boundary and Area Optimization
---------------------------------------------------------------------------------
Warning: Parallel synthesis criteria is not met 
INFO: [Synth 8-3332] Sequential element (xfft_inst/non_floating_point.arch_b.xfft_inst/control/delay_line_for_xk_index/no_sclr_lut.real_shift_ram.use_baseblock.use_hlutnm_srls.srl_loop[0].i_fdre0) is unused and will be removed from module xfft_v9_1_2_viv.
INFO: [Synth 8-3332] Sequential element (xfft_inst/non_floating_point.arch_b.xfft_inst/control/delay_line_for_xk_index/no_sclr_lut.real_shift_ram.use_baseblock.use_hlutnm_srls.srl_loop[0].i_fdre1) is unused and will be removed from module xfft_v9_1_2_viv.
INFO: [Synth 8-3332] Sequential element (xfft_inst/non_floating_point.arch_b.xfft_inst/control/delay_line_for_xk_index/no_sclr_lut.real_shift_ram.use_baseblock.use_hlutnm_srls.srl_loop[1].i_fdre0) is unused and will be removed from module xfft_v9_1_2_viv.
INFO: [Synth 8-3332] Sequential element (xfft_inst/non_floating_point.arch_b.xfft_inst/control/delay_line_for_xk_index/no_sclr_lut.real_shift_ram.use_baseblock.use_hlutnm_srls.srl_loop[1].i_fdre1) is unused and will be removed from module xfft_v9_1_2_viv.
INFO: [Synth 8-3332] Sequential element (xfft_inst/non_floating_point.arch_b.xfft_inst/control/delay_line_for_xk_index/no_sclr_lut.real_shift_ram.use_baseblock.use_hlutnm_srls.srl_loop[2].i_fdre0) is unused and will be removed from module xfft_v9_1_2_viv.
INFO: [Synth 8-3332] Sequential element (xfft_inst/non_floating_point.arch_b.xfft_inst/control/delay_line_for_xk_index/no_sclr_lut.real_shift_ram.use_baseblock.use_hlutnm_srls.srl_loop[2].i_fdre1) is unused and will be removed from module xfft_v9_1_2_viv.
INFO: [Synth 8-3332] Sequential element (xfft_inst/non_floating_point.arch_b.xfft_inst/control/delay_line_for_xk_index/no_sclr_lut.real_shift_ram.use_baseblock.use_hlutnm_srls.srl_loop[3].i_fdre0) is unused and will be removed from module xfft_v9_1_2_viv.
INFO: [Synth 8-3332] Sequential element (xfft_inst/non_floating_point.arch_b.xfft_inst/control/delay_line_for_xk_index/no_sclr_lut.real_shift_ram.use_baseblock.use_hlutnm_srls.srl_loop[3].i_fdre1) is unused and will be removed from module xfft_v9_1_2_viv.
INFO: [Synth 8-3332] Sequential element (xfft_inst/non_floating_point.arch_b.xfft_inst/control/delay_line_for_xk_index/no_sclr_lut.real_shift_ram.use_baseblock.use_hlutnm_srls.runt_srl_loop.i_fdre) is unused and will be removed from module xfft_v9_1_2_viv.
INFO: [Synth 8-3332] Sequential element (xfft_inst/non_floating_point.arch_b.xfft_inst/multichannel.multichannel_datapath[0].datapath/pe/scaler_gen.scaler_0r/scale_mux/four_inputs.use_lut6.no_lut_sclr.four_to_one_mux[17].latency1.reg) is unused and will be removed from module xfft_v9_1_2_viv.
INFO: [Synth 8-3332] Sequential element (xfft_inst/non_floating_point.arch_b.xfft_inst/multichannel.multichannel_datapath[0].datapath/pe/scaler_gen.scaler_0r/scale_mux/four_inputs.use_lut6.no_lut_sclr.four_to_one_mux[16].latency1.reg) is unused and will be removed from module xfft_v9_1_2_viv.
INFO: [Synth 8-3332] Sequential element (xfft_inst/non_floating_point.arch_b.xfft_inst/multichannel.multichannel_datapath[0].datapath/pe/scaler_gen.scaler_0r/scale_mux/four_inputs.use_lut6.no_lut_sclr.four_to_one_mux[15].latency1.reg) is unused and will be removed from module xfft_v9_1_2_viv.
INFO: [Synth 8-3332] Sequential element (xfft_inst/non_floating_point.arch_b.xfft_inst/multichannel.multichannel_datapath[0].datapath/pe/scaler_gen.scaler_0i/scale_mux/four_inputs.use_lut6.no_lut_sclr.four_to_one_mux[17].latency1.reg) is unused and will be removed from module xfft_v9_1_2_viv.
INFO: [Synth 8-3332] Sequential element (xfft_inst/non_floating_point.arch_b.xfft_inst/multichannel.multichannel_datapath[0].datapath/pe/scaler_gen.scaler_0i/scale_mux/four_inputs.use_lut6.no_lut_sclr.four_to_one_mux[16].latency1.reg) is unused and will be removed from module xfft_v9_1_2_viv.
INFO: [Synth 8-3332] Sequential element (xfft_inst/non_floating_point.arch_b.xfft_inst/multichannel.multichannel_datapath[0].datapath/pe/scaler_gen.scaler_0i/scale_mux/four_inputs.use_lut6.no_lut_sclr.four_to_one_mux[15].latency1.reg) is unused and will be removed from module xfft_v9_1_2_viv.
INFO: [Synth 8-3332] Sequential element (xfft_inst/non_floating_point.arch_b.xfft_inst/multichannel.multichannel_datapath[0].datapath/pe/scaler_gen.scaler_1r/scale_mux/four_inputs.use_lut6.no_lut_sclr.four_to_one_mux[17].latency1.reg) is unused and will be removed from module xfft_v9_1_2_viv.
INFO: [Synth 8-3332] Sequential element (xfft_inst/non_floating_point.arch_b.xfft_inst/multichannel.multichannel_datapath[0].datapath/pe/scaler_gen.scaler_1r/scale_mux/four_inputs.use_lut6.no_lut_sclr.four_to_one_mux[16].latency1.reg) is unused and will be removed from module xfft_v9_1_2_viv.
INFO: [Synth 8-3332] Sequential element (xfft_inst/non_floating_point.arch_b.xfft_inst/multichannel.multichannel_datapath[0].datapath/pe/scaler_gen.scaler_1r/scale_mux/four_inputs.use_lut6.no_lut_sclr.four_to_one_mux[15].latency1.reg) is unused and will be removed from module xfft_v9_1_2_viv.
INFO: [Synth 8-3332] Sequential element (xfft_inst/non_floating_point.arch_b.xfft_inst/multichannel.multichannel_datapath[0].datapath/pe/scaler_gen.scaler_1i/scale_mux/four_inputs.use_lut6.no_lut_sclr.four_to_one_mux[17].latency1.reg) is unused and will be removed from module xfft_v9_1_2_viv.
INFO: [Synth 8-3332] Sequential element (xfft_inst/non_floating_point.arch_b.xfft_inst/multichannel.multichannel_datapath[0].datapath/pe/scaler_gen.scaler_1i/scale_mux/four_inputs.use_lut6.no_lut_sclr.four_to_one_mux[16].latency1.reg) is unused and will be removed from module xfft_v9_1_2_viv.
INFO: [Synth 8-3332] Sequential element (xfft_inst/non_floating_point.arch_b.xfft_inst/multichannel.multichannel_datapath[0].datapath/pe/scaler_gen.scaler_1i/scale_mux/four_inputs.use_lut6.no_lut_sclr.four_to_one_mux[15].latency1.reg) is unused and will be removed from module xfft_v9_1_2_viv.
INFO: [Synth 8-3332] Sequential element (xfft_inst/non_floating_point.arch_b.xfft_inst/multichannel.multichannel_datapath[0].datapath/pe/scaler_gen.scaler_2r/scale_mux/four_inputs.use_lut6.no_lut_sclr.four_to_one_mux[17].latency1.reg) is unused and will be removed from module xfft_v9_1_2_viv.
INFO: [Synth 8-3332] Sequential element (xfft_inst/non_floating_point.arch_b.xfft_inst/multichannel.multichannel_datapath[0].datapath/pe/scaler_gen.scaler_2r/scale_mux/four_inputs.use_lut6.no_lut_sclr.four_to_one_mux[16].latency1.reg) is unused and will be removed from module xfft_v9_1_2_viv.
INFO: [Synth 8-3332] Sequential element (xfft_inst/non_floating_point.arch_b.xfft_inst/multichannel.multichannel_datapath[0].datapath/pe/scaler_gen.scaler_2r/scale_mux/four_inputs.use_lut6.no_lut_sclr.four_to_one_mux[15].latency1.reg) is unused and will be removed from module xfft_v9_1_2_viv.
INFO: [Synth 8-3332] Sequential element (xfft_inst/non_floating_point.arch_b.xfft_inst/multichannel.multichannel_datapath[0].datapath/pe/scaler_gen.scaler_2i/scale_mux/four_inputs.use_lut6.no_lut_sclr.four_to_one_mux[17].latency1.reg) is unused and will be removed from module xfft_v9_1_2_viv.
INFO: [Synth 8-3332] Sequential element (xfft_inst/non_floating_point.arch_b.xfft_inst/multichannel.multichannel_datapath[0].datapath/pe/scaler_gen.scaler_2i/scale_mux/four_inputs.use_lut6.no_lut_sclr.four_to_one_mux[16].latency1.reg) is unused and will be removed from module xfft_v9_1_2_viv.
INFO: [Synth 8-3332] Sequential element (xfft_inst/non_floating_point.arch_b.xfft_inst/multichannel.multichannel_datapath[0].datapath/pe/scaler_gen.scaler_2i/scale_mux/four_inputs.use_lut6.no_lut_sclr.four_to_one_mux[15].latency1.reg) is unused and will be removed from module xfft_v9_1_2_viv.
INFO: [Synth 8-3332] Sequential element (xfft_inst/non_floating_point.arch_b.xfft_inst/multichannel.multichannel_datapath[0].datapath/pe/scaler_gen.scaler_3r/scale_mux/four_inputs.use_lut6.no_lut_sclr.four_to_one_mux[17].latency1.reg) is unused and will be removed from module xfft_v9_1_2_viv.
INFO: [Synth 8-3332] Sequential element (xfft_inst/non_floating_point.arch_b.xfft_inst/multichannel.multichannel_datapath[0].datapath/pe/scaler_gen.scaler_3r/scale_mux/four_inputs.use_lut6.no_lut_sclr.four_to_one_mux[16].latency1.reg) is unused and will be removed from module xfft_v9_1_2_viv.
INFO: [Synth 8-3332] Sequential element (xfft_inst/non_floating_point.arch_b.xfft_inst/multichannel.multichannel_datapath[0].datapath/pe/scaler_gen.scaler_3r/scale_mux/four_inputs.use_lut6.no_lut_sclr.four_to_one_mux[15].latency1.reg) is unused and will be removed from module xfft_v9_1_2_viv.
INFO: [Synth 8-3332] Sequential element (xfft_inst/non_floating_point.arch_b.xfft_inst/multichannel.multichannel_datapath[0].datapath/pe/scaler_gen.scaler_3i/scale_mux/four_inputs.use_lut6.no_lut_sclr.four_to_one_mux[17].latency1.reg) is unused and will be removed from module xfft_v9_1_2_viv.
INFO: [Synth 8-3332] Sequential element (xfft_inst/non_floating_point.arch_b.xfft_inst/multichannel.multichannel_datapath[0].datapath/pe/scaler_gen.scaler_3i/scale_mux/four_inputs.use_lut6.no_lut_sclr.four_to_one_mux[16].latency1.reg) is unused and will be removed from module xfft_v9_1_2_viv.
INFO: [Synth 8-3332] Sequential element (xfft_inst/non_floating_point.arch_b.xfft_inst/multichannel.multichannel_datapath[0].datapath/pe/scaler_gen.scaler_3i/scale_mux/four_inputs.use_lut6.no_lut_sclr.four_to_one_mux[15].latency1.reg) is unused and will be removed from module xfft_v9_1_2_viv.
INFO: [Synth 8-3332] Sequential element (xfft_inst/non_floating_point.arch_b.xfft_inst/multichannel.multichannel_datapath[0].datapath/pe/rounder_inst.with_mults.rounder_0r/reg_gate.delay_d_2/no_sclr_lut.real_shift_ram.use_baseblock.use_hlutnm_srls.srl_loop[0].i_fdre0) is unused and will be removed from module xfft_v9_1_2_viv.
INFO: [Synth 8-3332] Sequential element (xfft_inst/non_floating_point.arch_b.xfft_inst/multichannel.multichannel_datapath[0].datapath/pe/rounder_inst.with_mults.rounder_0i/reg_gate.delay_d_2/no_sclr_lut.real_shift_ram.use_baseblock.use_hlutnm_srls.srl_loop[0].i_fdre0) is unused and will be removed from module xfft_v9_1_2_viv.
INFO: [Synth 8-3332] Sequential element (xfft_inst/non_floating_point.arch_b.xfft_inst/multichannel.multichannel_datapath[0].datapath/pe/rounder_inst.with_mults.rounder_1r/reg_gate.delay_d_2/no_sclr_lut.real_shift_ram.use_baseblock.use_hlutnm_srls.srl_loop[0].i_fdre0) is unused and will be removed from module xfft_v9_1_2_viv.
INFO: [Synth 8-3332] Sequential element (xfft_inst/non_floating_point.arch_b.xfft_inst/multichannel.multichannel_datapath[0].datapath/pe/rounder_inst.with_mults.rounder_1i/reg_gate.delay_d_2/no_sclr_lut.real_shift_ram.use_baseblock.use_hlutnm_srls.srl_loop[0].i_fdre0) is unused and will be removed from module xfft_v9_1_2_viv.
INFO: [Synth 8-3332] Sequential element (xfft_inst/non_floating_point.arch_b.xfft_inst/multichannel.multichannel_datapath[0].datapath/pe/rounder_inst.with_mults.rounder_2r/reg_gate.delay_d_2/no_sclr_lut.real_shift_ram.use_baseblock.use_hlutnm_srls.srl_loop[0].i_fdre0) is unused and will be removed from module xfft_v9_1_2_viv.
INFO: [Synth 8-3332] Sequential element (xfft_inst/non_floating_point.arch_b.xfft_inst/multichannel.multichannel_datapath[0].datapath/pe/rounder_inst.with_mults.rounder_2i/reg_gate.delay_d_2/no_sclr_lut.real_shift_ram.use_baseblock.use_hlutnm_srls.srl_loop[0].i_fdre0) is unused and will be removed from module xfft_v9_1_2_viv.
INFO: [Synth 8-3332] Sequential element (xfft_inst/non_floating_point.arch_b.xfft_inst/multichannel.multichannel_datapath[0].datapath/pe/rounder_inst.with_mults.rounder_3r/reg_gate.delay_d_2/no_sclr_lut.real_shift_ram.use_baseblock.use_hlutnm_srls.srl_loop[0].i_fdre0) is unused and will be removed from module xfft_v9_1_2_viv.
INFO: [Synth 8-3332] Sequential element (xfft_inst/non_floating_point.arch_b.xfft_inst/multichannel.multichannel_datapath[0].datapath/pe/rounder_inst.with_mults.rounder_3i/reg_gate.delay_d_2/no_sclr_lut.real_shift_ram.use_baseblock.use_hlutnm_srls.srl_loop[0].i_fdre0) is unused and will be removed from module xfft_v9_1_2_viv.
INFO: [Synth 8-3332] Sequential element (xfft_inst/non_floating_point.arch_b.xfft_inst/multichannel.multichannel_datapath[1].datapath/pe/scaler_gen.scaler_0r/scale_mux/four_inputs.use_lut6.no_lut_sclr.four_to_one_mux[17].latency1.reg) is unused and will be removed from module xfft_v9_1_2_viv.
INFO: [Synth 8-3332] Sequential element (xfft_inst/non_floating_point.arch_b.xfft_inst/multichannel.multichannel_datapath[1].datapath/pe/scaler_gen.scaler_0r/scale_mux/four_inputs.use_lut6.no_lut_sclr.four_to_one_mux[16].latency1.reg) is unused and will be removed from module xfft_v9_1_2_viv.
INFO: [Synth 8-3332] Sequential element (xfft_inst/non_floating_point.arch_b.xfft_inst/multichannel.multichannel_datapath[1].datapath/pe/scaler_gen.scaler_0r/scale_mux/four_inputs.use_lut6.no_lut_sclr.four_to_one_mux[15].latency1.reg) is unused and will be removed from module xfft_v9_1_2_viv.
INFO: [Synth 8-3332] Sequential element (xfft_inst/non_floating_point.arch_b.xfft_inst/multichannel.multichannel_datapath[1].datapath/pe/scaler_gen.scaler_0i/scale_mux/four_inputs.use_lut6.no_lut_sclr.four_to_one_mux[17].latency1.reg) is unused and will be removed from module xfft_v9_1_2_viv.
INFO: [Synth 8-3332] Sequential element (xfft_inst/non_floating_point.arch_b.xfft_inst/multichannel.multichannel_datapath[1].datapath/pe/scaler_gen.scaler_0i/scale_mux/four_inputs.use_lut6.no_lut_sclr.four_to_one_mux[16].latency1.reg) is unused and will be removed from module xfft_v9_1_2_viv.
INFO: [Synth 8-3332] Sequential element (xfft_inst/non_floating_point.arch_b.xfft_inst/multichannel.multichannel_datapath[1].datapath/pe/scaler_gen.scaler_0i/scale_mux/four_inputs.use_lut6.no_lut_sclr.four_to_one_mux[15].latency1.reg) is unused and will be removed from module xfft_v9_1_2_viv.
INFO: [Synth 8-3332] Sequential element (xfft_inst/non_floating_point.arch_b.xfft_inst/multichannel.multichannel_datapath[1].datapath/pe/scaler_gen.scaler_1r/scale_mux/four_inputs.use_lut6.no_lut_sclr.four_to_one_mux[17].latency1.reg) is unused and will be removed from module xfft_v9_1_2_viv.
INFO: [Synth 8-3332] Sequential element (xfft_inst/non_floating_point.arch_b.xfft_inst/multichannel.multichannel_datapath[1].datapath/pe/scaler_gen.scaler_1r/scale_mux/four_inputs.use_lut6.no_lut_sclr.four_to_one_mux[16].latency1.reg) is unused and will be removed from module xfft_v9_1_2_viv.
INFO: [Synth 8-3332] Sequential element (xfft_inst/non_floating_point.arch_b.xfft_inst/multichannel.multichannel_datapath[1].datapath/pe/scaler_gen.scaler_1r/scale_mux/four_inputs.use_lut6.no_lut_sclr.four_to_one_mux[15].latency1.reg) is unused and will be removed from module xfft_v9_1_2_viv.
INFO: [Synth 8-3332] Sequential element (xfft_inst/non_floating_point.arch_b.xfft_inst/multichannel.multichannel_datapath[1].datapath/pe/scaler_gen.scaler_1i/scale_mux/four_inputs.use_lut6.no_lut_sclr.four_to_one_mux[17].latency1.reg) is unused and will be removed from module xfft_v9_1_2_viv.
INFO: [Synth 8-3332] Sequential element (xfft_inst/non_floating_point.arch_b.xfft_inst/multichannel.multichannel_datapath[1].datapath/pe/scaler_gen.scaler_1i/scale_mux/four_inputs.use_lut6.no_lut_sclr.four_to_one_mux[16].latency1.reg) is unused and will be removed from module xfft_v9_1_2_viv.
INFO: [Synth 8-3332] Sequential element (xfft_inst/non_floating_point.arch_b.xfft_inst/multichannel.multichannel_datapath[1].datapath/pe/scaler_gen.scaler_1i/scale_mux/four_inputs.use_lut6.no_lut_sclr.four_to_one_mux[15].latency1.reg) is unused and will be removed from module xfft_v9_1_2_viv.
INFO: [Synth 8-3332] Sequential element (xfft_inst/non_floating_point.arch_b.xfft_inst/multichannel.multichannel_datapath[1].datapath/pe/scaler_gen.scaler_2r/scale_mux/four_inputs.use_lut6.no_lut_sclr.four_to_one_mux[17].latency1.reg) is unused and will be removed from module xfft_v9_1_2_viv.
INFO: [Synth 8-3332] Sequential element (xfft_inst/non_floating_point.arch_b.xfft_inst/multichannel.multichannel_datapath[1].datapath/pe/scaler_gen.scaler_2r/scale_mux/four_inputs.use_lut6.no_lut_sclr.four_to_one_mux[16].latency1.reg) is unused and will be removed from module xfft_v9_1_2_viv.
INFO: [Synth 8-3332] Sequential element (xfft_inst/non_floating_point.arch_b.xfft_inst/multichannel.multichannel_datapath[1].datapath/pe/scaler_gen.scaler_2r/scale_mux/four_inputs.use_lut6.no_lut_sclr.four_to_one_mux[15].latency1.reg) is unused and will be removed from module xfft_v9_1_2_viv.
INFO: [Synth 8-3332] Sequential element (xfft_inst/non_floating_point.arch_b.xfft_inst/multichannel.multichannel_datapath[1].datapath/pe/scaler_gen.scaler_2i/scale_mux/four_inputs.use_lut6.no_lut_sclr.four_to_one_mux[17].latency1.reg) is unused and will be removed from module xfft_v9_1_2_viv.
INFO: [Synth 8-3332] Sequential element (xfft_inst/non_floating_point.arch_b.xfft_inst/multichannel.multichannel_datapath[1].datapath/pe/scaler_gen.scaler_2i/scale_mux/four_inputs.use_lut6.no_lut_sclr.four_to_one_mux[16].latency1.reg) is unused and will be removed from module xfft_v9_1_2_viv.
INFO: [Synth 8-3332] Sequential element (xfft_inst/non_floating_point.arch_b.xfft_inst/multichannel.multichannel_datapath[1].datapath/pe/scaler_gen.scaler_2i/scale_mux/four_inputs.use_lut6.no_lut_sclr.four_to_one_mux[15].latency1.reg) is unused and will be removed from module xfft_v9_1_2_viv.
INFO: [Synth 8-3332] Sequential element (xfft_inst/non_floating_point.arch_b.xfft_inst/multichannel.multichannel_datapath[1].datapath/pe/scaler_gen.scaler_3r/scale_mux/four_inputs.use_lut6.no_lut_sclr.four_to_one_mux[17].latency1.reg) is unused and will be removed from module xfft_v9_1_2_viv.
INFO: [Synth 8-3332] Sequential element (xfft_inst/non_floating_point.arch_b.xfft_inst/multichannel.multichannel_datapath[1].datapath/pe/scaler_gen.scaler_3r/scale_mux/four_inputs.use_lut6.no_lut_sclr.four_to_one_mux[16].latency1.reg) is unused and will be removed from module xfft_v9_1_2_viv.
INFO: [Synth 8-3332] Sequential element (xfft_inst/non_floating_point.arch_b.xfft_inst/multichannel.multichannel_datapath[1].datapath/pe/scaler_gen.scaler_3r/scale_mux/four_inputs.use_lut6.no_lut_sclr.four_to_one_mux[15].latency1.reg) is unused and will be removed from module xfft_v9_1_2_viv.
INFO: [Synth 8-3332] Sequential element (xfft_inst/non_floating_point.arch_b.xfft_inst/multichannel.multichannel_datapath[1].datapath/pe/scaler_gen.scaler_3i/scale_mux/four_inputs.use_lut6.no_lut_sclr.four_to_one_mux[17].latency1.reg) is unused and will be removed from module xfft_v9_1_2_viv.
INFO: [Synth 8-3332] Sequential element (xfft_inst/non_floating_point.arch_b.xfft_inst/multichannel.multichannel_datapath[1].datapath/pe/scaler_gen.scaler_3i/scale_mux/four_inputs.use_lut6.no_lut_sclr.four_to_one_mux[16].latency1.reg) is unused and will be removed from module xfft_v9_1_2_viv.
INFO: [Synth 8-3332] Sequential element (xfft_inst/non_floating_point.arch_b.xfft_inst/multichannel.multichannel_datapath[1].datapath/pe/scaler_gen.scaler_3i/scale_mux/four_inputs.use_lut6.no_lut_sclr.four_to_one_mux[15].latency1.reg) is unused and will be removed from module xfft_v9_1_2_viv.
INFO: [Synth 8-3332] Sequential element (xfft_inst/non_floating_point.arch_b.xfft_inst/multichannel.multichannel_datapath[1].datapath/pe/rounder_inst.with_mults.rounder_0r/reg_gate.delay_d_2/no_sclr_lut.real_shift_ram.use_baseblock.use_hlutnm_srls.srl_loop[0].i_fdre0) is unused and will be removed from module xfft_v9_1_2_viv.
INFO: [Synth 8-3332] Sequential element (xfft_inst/non_floating_point.arch_b.xfft_inst/multichannel.multichannel_datapath[1].datapath/pe/rounder_inst.with_mults.rounder_0i/reg_gate.delay_d_2/no_sclr_lut.real_shift_ram.use_baseblock.use_hlutnm_srls.srl_loop[0].i_fdre0) is unused and will be removed from module xfft_v9_1_2_viv.
INFO: [Synth 8-3332] Sequential element (xfft_inst/non_floating_point.arch_b.xfft_inst/multichannel.multichannel_datapath[1].datapath/pe/rounder_inst.with_mults.rounder_1r/reg_gate.delay_d_2/no_sclr_lut.real_shift_ram.use_baseblock.use_hlutnm_srls.srl_loop[0].i_fdre0) is unused and will be removed from module xfft_v9_1_2_viv.
INFO: [Synth 8-3332] Sequential element (xfft_inst/non_floating_point.arch_b.xfft_inst/multichannel.multichannel_datapath[1].datapath/pe/rounder_inst.with_mults.rounder_1i/reg_gate.delay_d_2/no_sclr_lut.real_shift_ram.use_baseblock.use_hlutnm_srls.srl_loop[0].i_fdre0) is unused and will be removed from module xfft_v9_1_2_viv.
INFO: [Synth 8-3332] Sequential element (xfft_inst/non_floating_point.arch_b.xfft_inst/multichannel.multichannel_datapath[1].datapath/pe/rounder_inst.with_mults.rounder_2r/reg_gate.delay_d_2/no_sclr_lut.real_shift_ram.use_baseblock.use_hlutnm_srls.srl_loop[0].i_fdre0) is unused and will be removed from module xfft_v9_1_2_viv.
INFO: [Synth 8-3332] Sequential element (xfft_inst/non_floating_point.arch_b.xfft_inst/multichannel.multichannel_datapath[1].datapath/pe/rounder_inst.with_mults.rounder_2i/reg_gate.delay_d_2/no_sclr_lut.real_shift_ram.use_baseblock.use_hlutnm_srls.srl_loop[0].i_fdre0) is unused and will be removed from module xfft_v9_1_2_viv.
INFO: [Synth 8-3332] Sequential element (xfft_inst/non_floating_point.arch_b.xfft_inst/multichannel.multichannel_datapath[1].datapath/pe/rounder_inst.with_mults.rounder_3r/reg_gate.delay_d_2/no_sclr_lut.real_shift_ram.use_baseblock.use_hlutnm_srls.srl_loop[0].i_fdre0) is unused and will be removed from module xfft_v9_1_2_viv.
INFO: [Synth 8-3332] Sequential element (xfft_inst/non_floating_point.arch_b.xfft_inst/multichannel.multichannel_datapath[1].datapath/pe/rounder_inst.with_mults.rounder_3i/reg_gate.delay_d_2/no_sclr_lut.real_shift_ram.use_baseblock.use_hlutnm_srls.srl_loop[0].i_fdre0) is unused and will be removed from module xfft_v9_1_2_viv.
INFO: [Synth 8-3332] Sequential element (xfft_inst/non_floating_point.arch_b.xfft_inst/multichannel.multichannel_datapath[2].datapath/pe/scaler_gen.scaler_0r/scale_mux/four_inputs.use_lut6.no_lut_sclr.four_to_one_mux[17].latency1.reg) is unused and will be removed from module xfft_v9_1_2_viv.
INFO: [Synth 8-3332] Sequential element (xfft_inst/non_floating_point.arch_b.xfft_inst/multichannel.multichannel_datapath[2].datapath/pe/scaler_gen.scaler_0r/scale_mux/four_inputs.use_lut6.no_lut_sclr.four_to_one_mux[16].latency1.reg) is unused and will be removed from module xfft_v9_1_2_viv.
INFO: [Synth 8-3332] Sequential element (xfft_inst/non_floating_point.arch_b.xfft_inst/multichannel.multichannel_datapath[2].datapath/pe/scaler_gen.scaler_0r/scale_mux/four_inputs.use_lut6.no_lut_sclr.four_to_one_mux[15].latency1.reg) is unused and will be removed from module xfft_v9_1_2_viv.
INFO: [Synth 8-3332] Sequential element (xfft_inst/non_floating_point.arch_b.xfft_inst/multichannel.multichannel_datapath[2].datapath/pe/scaler_gen.scaler_0i/scale_mux/four_inputs.use_lut6.no_lut_sclr.four_to_one_mux[17].latency1.reg) is unused and will be removed from module xfft_v9_1_2_viv.
INFO: [Synth 8-3332] Sequential element (xfft_inst/non_floating_point.arch_b.xfft_inst/multichannel.multichannel_datapath[2].datapath/pe/scaler_gen.scaler_0i/scale_mux/four_inputs.use_lut6.no_lut_sclr.four_to_one_mux[16].latency1.reg) is unused and will be removed from module xfft_v9_1_2_viv.
INFO: [Synth 8-3332] Sequential element (xfft_inst/non_floating_point.arch_b.xfft_inst/multichannel.multichannel_datapath[2].datapath/pe/scaler_gen.scaler_0i/scale_mux/four_inputs.use_lut6.no_lut_sclr.four_to_one_mux[15].latency1.reg) is unused and will be removed from module xfft_v9_1_2_viv.
INFO: [Synth 8-3332] Sequential element (xfft_inst/non_floating_point.arch_b.xfft_inst/multichannel.multichannel_datapath[2].datapath/pe/scaler_gen.scaler_1r/scale_mux/four_inputs.use_lut6.no_lut_sclr.four_to_one_mux[17].latency1.reg) is unused and will be removed from module xfft_v9_1_2_viv.
INFO: [Synth 8-3332] Sequential element (xfft_inst/non_floating_point.arch_b.xfft_inst/multichannel.multichannel_datapath[2].datapath/pe/scaler_gen.scaler_1r/scale_mux/four_inputs.use_lut6.no_lut_sclr.four_to_one_mux[16].latency1.reg) is unused and will be removed from module xfft_v9_1_2_viv.
INFO: [Synth 8-3332] Sequential element (xfft_inst/non_floating_point.arch_b.xfft_inst/multichannel.multichannel_datapath[2].datapath/pe/scaler_gen.scaler_1r/scale_mux/four_inputs.use_lut6.no_lut_sclr.four_to_one_mux[15].latency1.reg) is unused and will be removed from module xfft_v9_1_2_viv.
INFO: [Synth 8-3332] Sequential element (xfft_inst/non_floating_point.arch_b.xfft_inst/multichannel.multichannel_datapath[2].datapath/pe/scaler_gen.scaler_1i/scale_mux/four_inputs.use_lut6.no_lut_sclr.four_to_one_mux[17].latency1.reg) is unused and will be removed from module xfft_v9_1_2_viv.
INFO: [Synth 8-3332] Sequential element (xfft_inst/non_floating_point.arch_b.xfft_inst/multichannel.multichannel_datapath[2].datapath/pe/scaler_gen.scaler_1i/scale_mux/four_inputs.use_lut6.no_lut_sclr.four_to_one_mux[16].latency1.reg) is unused and will be removed from module xfft_v9_1_2_viv.
INFO: [Synth 8-3332] Sequential element (xfft_inst/non_floating_point.arch_b.xfft_inst/multichannel.multichannel_datapath[2].datapath/pe/scaler_gen.scaler_1i/scale_mux/four_inputs.use_lut6.no_lut_sclr.four_to_one_mux[15].latency1.reg) is unused and will be removed from module xfft_v9_1_2_viv.
INFO: [Synth 8-3332] Sequential element (xfft_inst/non_floating_point.arch_b.xfft_inst/multichannel.multichannel_datapath[2].datapath/pe/scaler_gen.scaler_2r/scale_mux/four_inputs.use_lut6.no_lut_sclr.four_to_one_mux[17].latency1.reg) is unused and will be removed from module xfft_v9_1_2_viv.
INFO: [Synth 8-3332] Sequential element (xfft_inst/non_floating_point.arch_b.xfft_inst/multichannel.multichannel_datapath[2].datapath/pe/scaler_gen.scaler_2r/scale_mux/four_inputs.use_lut6.no_lut_sclr.four_to_one_mux[16].latency1.reg) is unused and will be removed from module xfft_v9_1_2_viv.
INFO: [Synth 8-3332] Sequential element (xfft_inst/non_floating_point.arch_b.xfft_inst/multichannel.multichannel_datapath[2].datapath/pe/scaler_gen.scaler_2r/scale_mux/four_inputs.use_lut6.no_lut_sclr.four_to_one_mux[15].latency1.reg) is unused and will be removed from module xfft_v9_1_2_viv.
INFO: [Synth 8-3332] Sequential element (xfft_inst/non_floating_point.arch_b.xfft_inst/multichannel.multichannel_datapath[2].datapath/pe/scaler_gen.scaler_2i/scale_mux/four_inputs.use_lut6.no_lut_sclr.four_to_one_mux[17].latency1.reg) is unused and will be removed from module xfft_v9_1_2_viv.
INFO: [Synth 8-3332] Sequential element (xfft_inst/non_floating_point.arch_b.xfft_inst/multichannel.multichannel_datapath[2].datapath/pe/scaler_gen.scaler_2i/scale_mux/four_inputs.use_lut6.no_lut_sclr.four_to_one_mux[16].latency1.reg) is unused and will be removed from module xfft_v9_1_2_viv.
INFO: [Synth 8-3332] Sequential element (xfft_inst/non_floating_point.arch_b.xfft_inst/multichannel.multichannel_datapath[2].datapath/pe/scaler_gen.scaler_2i/scale_mux/four_inputs.use_lut6.no_lut_sclr.four_to_one_mux[15].latency1.reg) is unused and will be removed from module xfft_v9_1_2_viv.
INFO: [Synth 8-3332] Sequential element (xfft_inst/non_floating_point.arch_b.xfft_inst/multichannel.multichannel_datapath[2].datapath/pe/scaler_gen.scaler_3r/scale_mux/four_inputs.use_lut6.no_lut_sclr.four_to_one_mux[17].latency1.reg) is unused and will be removed from module xfft_v9_1_2_viv.
INFO: [Synth 8-3332] Sequential element (xfft_inst/non_floating_point.arch_b.xfft_inst/multichannel.multichannel_datapath[2].datapath/pe/scaler_gen.scaler_3r/scale_mux/four_inputs.use_lut6.no_lut_sclr.four_to_one_mux[16].latency1.reg) is unused and will be removed from module xfft_v9_1_2_viv.
INFO: [Synth 8-3332] Sequential element (xfft_inst/non_floating_point.arch_b.xfft_inst/multichannel.multichannel_datapath[2].datapath/pe/scaler_gen.scaler_3r/scale_mux/four_inputs.use_lut6.no_lut_sclr.four_to_one_mux[15].latency1.reg) is unused and will be removed from module xfft_v9_1_2_viv.
INFO: [Synth 8-3332] Sequential element (xfft_inst/non_floating_point.arch_b.xfft_inst/multichannel.multichannel_datapath[2].datapath/pe/scaler_gen.scaler_3i/scale_mux/four_inputs.use_lut6.no_lut_sclr.four_to_one_mux[17].latency1.reg) is unused and will be removed from module xfft_v9_1_2_viv.
INFO: [Synth 8-3332] Sequential element (xfft_inst/non_floating_point.arch_b.xfft_inst/multichannel.multichannel_datapath[2].datapath/pe/scaler_gen.scaler_3i/scale_mux/four_inputs.use_lut6.no_lut_sclr.four_to_one_mux[16].latency1.reg) is unused and will be removed from module xfft_v9_1_2_viv.
INFO: [Synth 8-3332] Sequential element (xfft_inst/non_floating_point.arch_b.xfft_inst/multichannel.multichannel_datapath[2].datapath/pe/scaler_gen.scaler_3i/scale_mux/four_inputs.use_lut6.no_lut_sclr.four_to_one_mux[15].latency1.reg) is unused and will be removed from module xfft_v9_1_2_viv.
INFO: [Synth 8-3332] Sequential element (xfft_inst/non_floating_point.arch_b.xfft_inst/multichannel.multichannel_datapath[2].datapath/pe/rounder_inst.with_mults.rounder_0r/reg_gate.delay_d_2/no_sclr_lut.real_shift_ram.use_baseblock.use_hlutnm_srls.srl_loop[0].i_fdre0) is unused and will be removed from module xfft_v9_1_2_viv.
INFO: [Synth 8-3332] Sequential element (xfft_inst/non_floating_point.arch_b.xfft_inst/multichannel.multichannel_datapath[2].datapath/pe/rounder_inst.with_mults.rounder_0i/reg_gate.delay_d_2/no_sclr_lut.real_shift_ram.use_baseblock.use_hlutnm_srls.srl_loop[0].i_fdre0) is unused and will be removed from module xfft_v9_1_2_viv.
INFO: [Synth 8-3332] Sequential element (xfft_inst/non_floating_point.arch_b.xfft_inst/multichannel.multichannel_datapath[2].datapath/pe/rounder_inst.with_mults.rounder_1r/reg_gate.delay_d_2/no_sclr_lut.real_shift_ram.use_baseblock.use_hlutnm_srls.srl_loop[0].i_fdre0) is unused and will be removed from module xfft_v9_1_2_viv.
INFO: [Common 17-14] Message 'Synth 8-3332' appears 100 times and further instances of the messages will be disabled. Use the Tcl command set_msg_config to change the current settings.
INFO: [Synth 8-3333] propagating constant 0 across sequential element (U0/i_synth/\xfft_inst/non_floating_point.arch_b.xfft_inst/control/twiddle_address_generator/N_MAX_P2.p2/nor_gate[0].pre_tw2_reg[0] )
INFO: [Synth 8-3886] merging instance 'U0/i_synth/xfft_inst/non_floating_point.arch_b.xfft_inst/multichannel.multichannel_datapath[0].datapath/pe/mult_gen.Mult1/i_cmpy/three_mult_structure.use_dsp.i_dsp48/mult3_preadder_d_minus_a.mult3/mult/use_prim.iBdelx[0].iBdely[0].need_delay_line.Bdelay/dN.std_srl.shift_reg_reg[0][9]' (FDE) to 'U0/i_synth/xfft_inst/non_floating_point.arch_b.xfft_inst/multichannel.multichannel_datapath[0].datapath/pe/mult_gen.Mult1/i_cmpy/three_mult_structure.use_dsp.i_dsp48/mult3_preadder_d_minus_a.mult3/mult/use_prim.iBdelx[0].iBdely[0].need_delay_line.Bdelay/dN.std_srl.shift_reg_reg[0][10]'
INFO: [Synth 8-3886] merging instance 'U0/i_synth/xfft_inst/non_floating_point.arch_b.xfft_inst/multichannel.multichannel_datapath[0].datapath/pe/mult_gen.Mult1/i_cmpy/three_mult_structure.use_dsp.i_dsp48/mult3_preadder_d_minus_a.mult3/mult/use_prim.iBdelx[0].iBdely[0].need_delay_line.Bdelay/dN.std_srl.shift_reg_reg[0][10]' (FDE) to 'U0/i_synth/xfft_inst/non_floating_point.arch_b.xfft_inst/multichannel.multichannel_datapath[0].datapath/pe/mult_gen.Mult1/i_cmpy/three_mult_structure.use_dsp.i_dsp48/mult3_preadder_d_minus_a.mult3/mult/use_prim.iBdelx[0].iBdely[0].need_delay_line.Bdelay/dN.std_srl.shift_reg_reg[0][11]'
INFO: [Synth 8-3886] merging instance 'U0/i_synth/xfft_inst/non_floating_point.arch_b.xfft_inst/multichannel.multichannel_datapath[0].datapath/pe/mult_gen.Mult1/i_cmpy/three_mult_structure.use_dsp.i_dsp48/mult3_preadder_d_minus_a.mult3/mult/use_prim.iBdelx[0].iBdely[0].need_delay_line.Bdelay/dN.std_srl.shift_reg_reg[0][11]' (FDE) to 'U0/i_synth/xfft_inst/non_floating_point.arch_b.xfft_inst/multichannel.multichannel_datapath[0].datapath/pe/mult_gen.Mult1/i_cmpy/three_mult_structure.use_dsp.i_dsp48/mult3_preadder_d_minus_a.mult3/mult/use_prim.iBdelx[0].iBdely[0].need_delay_line.Bdelay/dN.std_srl.shift_reg_reg[0][12]'
INFO: [Synth 8-3886] merging instance 'U0/i_synth/xfft_inst/non_floating_point.arch_b.xfft_inst/multichannel.multichannel_datapath[0].datapath/pe/mult_gen.Mult1/i_cmpy/three_mult_structure.use_dsp.i_dsp48/mult3_preadder_d_minus_a.mult3/mult/use_prim.iBdelx[0].iBdely[0].need_delay_line.Bdelay/dN.std_srl.shift_reg_reg[0][12]' (FDE) to 'U0/i_synth/xfft_inst/non_floating_point.arch_b.xfft_inst/multichannel.multichannel_datapath[0].datapath/pe/mult_gen.Mult1/i_cmpy/three_mult_structure.use_dsp.i_dsp48/mult3_preadder_d_minus_a.mult3/mult/use_prim.iBdelx[0].iBdely[0].need_delay_line.Bdelay/dN.std_srl.shift_reg_reg[0][13]'
INFO: [Synth 8-3886] merging instance 'U0/i_synth/xfft_inst/non_floating_point.arch_b.xfft_inst/multichannel.multichannel_datapath[0].datapath/pe/mult_gen.Mult1/i_cmpy/three_mult_structure.use_dsp.i_dsp48/mult3_preadder_d_minus_a.mult3/mult/use_prim.iBdelx[0].iBdely[0].need_delay_line.Bdelay/dN.std_srl.shift_reg_reg[0][13]' (FDE) to 'U0/i_synth/xfft_inst/non_floating_point.arch_b.xfft_inst/multichannel.multichannel_datapath[0].datapath/pe/mult_gen.Mult1/i_cmpy/three_mult_structure.use_dsp.i_dsp48/mult3_preadder_d_minus_a.mult3/mult/use_prim.iBdelx[0].iBdely[0].need_delay_line.Bdelay/dN.std_srl.shift_reg_reg[0][14]'
INFO: [Synth 8-3886] merging instance 'U0/i_synth/xfft_inst/non_floating_point.arch_b.xfft_inst/multichannel.multichannel_datapath[0].datapath/pe/mult_gen.Mult1/i_cmpy/three_mult_structure.use_dsp.i_dsp48/mult3_preadder_d_minus_a.mult3/mult/use_prim.iBdelx[0].iBdely[0].need_delay_line.Bdelay/dN.std_srl.shift_reg_reg[0][14]' (FDE) to 'U0/i_synth/xfft_inst/non_floating_point.arch_b.xfft_inst/multichannel.multichannel_datapath[0].datapath/pe/mult_gen.Mult1/i_cmpy/three_mult_structure.use_dsp.i_dsp48/mult3_preadder_d_minus_a.mult3/mult/use_prim.iBdelx[0].iBdely[0].need_delay_line.Bdelay/dN.std_srl.shift_reg_reg[0][15]'
INFO: [Synth 8-3886] merging instance 'U0/i_synth/xfft_inst/non_floating_point.arch_b.xfft_inst/multichannel.multichannel_datapath[0].datapath/pe/mult_gen.Mult1/i_cmpy/three_mult_structure.use_dsp.i_dsp48/mult3_preadder_d_minus_a.mult3/mult/use_prim.iBdelx[0].iBdely[0].need_delay_line.Bdelay/dN.std_srl.shift_reg_reg[0][15]' (FDE) to 'U0/i_synth/xfft_inst/non_floating_point.arch_b.xfft_inst/multichannel.multichannel_datapath[0].datapath/pe/mult_gen.Mult1/i_cmpy/three_mult_structure.use_dsp.i_dsp48/mult3_preadder_d_minus_a.mult3/mult/use_prim.iBdelx[0].iBdely[0].need_delay_line.Bdelay/dN.std_srl.shift_reg_reg[0][16]'
INFO: [Synth 8-3886] merging instance 'U0/i_synth/xfft_inst/non_floating_point.arch_b.xfft_inst/multichannel.multichannel_datapath[0].datapath/pe/mult_gen.Mult1/i_cmpy/three_mult_structure.use_dsp.i_dsp48/mult3_preadder_d_minus_a.mult3/mult/use_prim.iBdelx[0].iBdely[0].need_delay_line.Bdelay/dN.std_srl.shift_reg_reg[0][16]' (FDE) to 'U0/i_synth/xfft_inst/non_floating_point.arch_b.xfft_inst/multichannel.multichannel_datapath[0].datapath/pe/mult_gen.Mult1/i_cmpy/three_mult_structure.use_dsp.i_dsp48/mult3_preadder_d_minus_a.mult3/mult/use_prim.iBdelx[0].iBdely[0].need_delay_line.Bdelay/dN.std_srl.shift_reg_reg[0][17]'
INFO: [Synth 8-3886] merging instance 'U0/i_synth/xfft_inst/non_floating_point.arch_b.xfft_inst/multichannel.multichannel_datapath[0].datapath/pe/mult_gen.Mult2/i_cmpy/three_mult_structure.use_dsp.i_dsp48/mult1_preadder_d_plus_a.mult1/mult/use_prim.iBdelx[0].iBdely[0].need_delay_line.Bdelay/dN.std_srl.shift_reg_reg[0][9]' (FDE) to 'U0/i_synth/xfft_inst/non_floating_point.arch_b.xfft_inst/multichannel.multichannel_datapath[0].datapath/pe/mult_gen.Mult2/i_cmpy/three_mult_structure.use_dsp.i_dsp48/mult1_preadder_d_plus_a.mult1/mult/use_prim.iBdelx[0].iBdely[0].need_delay_line.Bdelay/dN.std_srl.shift_reg_reg[0][10]'
INFO: [Synth 8-3886] merging instance 'U0/i_synth/xfft_inst/non_floating_point.arch_b.xfft_inst/multichannel.multichannel_datapath[0].datapath/pe/mult_gen.Mult2/i_cmpy/three_mult_structure.use_dsp.i_dsp48/mult1_preadder_d_plus_a.mult1/mult/use_prim.iBdelx[0].iBdely[0].need_delay_line.Bdelay/dN.std_srl.shift_reg_reg[0][10]' (FDE) to 'U0/i_synth/xfft_inst/non_floating_point.arch_b.xfft_inst/multichannel.multichannel_datapath[0].datapath/pe/mult_gen.Mult2/i_cmpy/three_mult_structure.use_dsp.i_dsp48/mult1_preadder_d_plus_a.mult1/mult/use_prim.iBdelx[0].iBdely[0].need_delay_line.Bdelay/dN.std_srl.shift_reg_reg[0][11]'
INFO: [Synth 8-3886] merging instance 'U0/i_synth/xfft_inst/non_floating_point.arch_b.xfft_inst/multichannel.multichannel_datapath[0].datapath/pe/mult_gen.Mult2/i_cmpy/three_mult_structure.use_dsp.i_dsp48/mult1_preadder_d_plus_a.mult1/mult/use_prim.iBdelx[0].iBdely[0].need_delay_line.Bdelay/dN.std_srl.shift_reg_reg[0][11]' (FDE) to 'U0/i_synth/xfft_inst/non_floating_point.arch_b.xfft_inst/multichannel.multichannel_datapath[0].datapath/pe/mult_gen.Mult2/i_cmpy/three_mult_structure.use_dsp.i_dsp48/mult1_preadder_d_plus_a.mult1/mult/use_prim.iBdelx[0].iBdely[0].need_delay_line.Bdelay/dN.std_srl.shift_reg_reg[0][12]'
INFO: [Synth 8-3886] merging instance 'U0/i_synth/xfft_inst/non_floating_point.arch_b.xfft_inst/multichannel.multichannel_datapath[0].datapath/pe/mult_gen.Mult2/i_cmpy/three_mult_structure.use_dsp.i_dsp48/mult1_preadder_d_plus_a.mult1/mult/use_prim.iBdelx[0].iBdely[0].need_delay_line.Bdelay/dN.std_srl.shift_reg_reg[0][12]' (FDE) to 'U0/i_synth/xfft_inst/non_floating_point.arch_b.xfft_inst/multichannel.multichannel_datapath[0].datapath/pe/mult_gen.Mult2/i_cmpy/three_mult_structure.use_dsp.i_dsp48/mult1_preadder_d_plus_a.mult1/mult/use_prim.iBdelx[0].iBdely[0].need_delay_line.Bdelay/dN.std_srl.shift_reg_reg[0][13]'
INFO: [Synth 8-3886] merging instance 'U0/i_synth/xfft_inst/non_floating_point.arch_b.xfft_inst/multichannel.multichannel_datapath[0].datapath/pe/mult_gen.Mult2/i_cmpy/three_mult_structure.use_dsp.i_dsp48/mult1_preadder_d_plus_a.mult1/mult/use_prim.iBdelx[0].iBdely[0].need_delay_line.Bdelay/dN.std_srl.shift_reg_reg[0][13]' (FDE) to 'U0/i_synth/xfft_inst/non_floating_point.arch_b.xfft_inst/multichannel.multichannel_datapath[0].datapath/pe/mult_gen.Mult2/i_cmpy/three_mult_structure.use_dsp.i_dsp48/mult1_preadder_d_plus_a.mult1/mult/use_prim.iBdelx[0].iBdely[0].need_delay_line.Bdelay/dN.std_srl.shift_reg_reg[0][14]'
INFO: [Synth 8-3886] merging instance 'U0/i_synth/xfft_inst/non_floating_point.arch_b.xfft_inst/multichannel.multichannel_datapath[0].datapath/pe/mult_gen.Mult2/i_cmpy/three_mult_structure.use_dsp.i_dsp48/mult1_preadder_d_plus_a.mult1/mult/use_prim.iBdelx[0].iBdely[0].need_delay_line.Bdelay/dN.std_srl.shift_reg_reg[0][14]' (FDE) to 'U0/i_synth/xfft_inst/non_floating_point.arch_b.xfft_inst/multichannel.multichannel_datapath[0].datapath/pe/mult_gen.Mult2/i_cmpy/three_mult_structure.use_dsp.i_dsp48/mult1_preadder_d_plus_a.mult1/mult/use_prim.iBdelx[0].iBdely[0].need_delay_line.Bdelay/dN.std_srl.shift_reg_reg[0][15]'
INFO: [Synth 8-3886] merging instance 'U0/i_synth/xfft_inst/non_floating_point.arch_b.xfft_inst/multichannel.multichannel_datapath[0].datapath/pe/mult_gen.Mult2/i_cmpy/three_mult_structure.use_dsp.i_dsp48/mult1_preadder_d_plus_a.mult1/mult/use_prim.iBdelx[0].iBdely[0].need_delay_line.Bdelay/dN.std_srl.shift_reg_reg[0][15]' (FDE) to 'U0/i_synth/xfft_inst/non_floating_point.arch_b.xfft_inst/multichannel.multichannel_datapath[0].datapath/pe/mult_gen.Mult2/i_cmpy/three_mult_structure.use_dsp.i_dsp48/mult1_preadder_d_plus_a.mult1/mult/use_prim.iBdelx[0].iBdely[0].need_delay_line.Bdelay/dN.std_srl.shift_reg_reg[0][16]'
INFO: [Synth 8-3886] merging instance 'U0/i_synth/xfft_inst/non_floating_point.arch_b.xfft_inst/multichannel.multichannel_datapath[0].datapath/pe/mult_gen.Mult2/i_cmpy/three_mult_structure.use_dsp.i_dsp48/mult1_preadder_d_plus_a.mult1/mult/use_prim.iBdelx[0].iBdely[0].need_delay_line.Bdelay/dN.std_srl.shift_reg_reg[0][16]' (FDE) to 'U0/i_synth/xfft_inst/non_floating_point.arch_b.xfft_inst/multichannel.multichannel_datapath[0].datapath/pe/mult_gen.Mult2/i_cmpy/three_mult_structure.use_dsp.i_dsp48/mult1_preadder_d_plus_a.mult1/mult/use_prim.iBdelx[0].iBdely[0].need_delay_line.Bdelay/dN.std_srl.shift_reg_reg[0][17]'
INFO: [Synth 8-3886] merging instance 'U0/i_synth/xfft_inst/non_floating_point.arch_b.xfft_inst/multichannel.multichannel_datapath[0].datapath/pe/mult_gen.Mult3/i_cmpy/three_mult_structure.use_dsp.i_dsp48/mult1_preadder_d_plus_a.mult1/mult/use_prim.iBdelx[0].iBdely[0].need_delay_line.Bdelay/dN.std_srl.shift_reg_reg[0][9]' (FDE) to 'U0/i_synth/xfft_inst/non_floating_point.arch_b.xfft_inst/multichannel.multichannel_datapath[0].datapath/pe/mult_gen.Mult3/i_cmpy/three_mult_structure.use_dsp.i_dsp48/mult1_preadder_d_plus_a.mult1/mult/use_prim.iBdelx[0].iBdely[0].need_delay_line.Bdelay/dN.std_srl.shift_reg_reg[0][10]'
INFO: [Synth 8-3886] merging instance 'U0/i_synth/xfft_inst/non_floating_point.arch_b.xfft_inst/multichannel.multichannel_datapath[0].datapath/pe/mult_gen.Mult3/i_cmpy/three_mult_structure.use_dsp.i_dsp48/mult1_preadder_d_plus_a.mult1/mult/use_prim.iBdelx[0].iBdely[0].need_delay_line.Bdelay/dN.std_srl.shift_reg_reg[0][10]' (FDE) to 'U0/i_synth/xfft_inst/non_floating_point.arch_b.xfft_inst/multichannel.multichannel_datapath[0].datapath/pe/mult_gen.Mult3/i_cmpy/three_mult_structure.use_dsp.i_dsp48/mult1_preadder_d_plus_a.mult1/mult/use_prim.iBdelx[0].iBdely[0].need_delay_line.Bdelay/dN.std_srl.shift_reg_reg[0][11]'
INFO: [Synth 8-3886] merging instance 'U0/i_synth/xfft_inst/non_floating_point.arch_b.xfft_inst/multichannel.multichannel_datapath[0].datapath/pe/mult_gen.Mult3/i_cmpy/three_mult_structure.use_dsp.i_dsp48/mult1_preadder_d_plus_a.mult1/mult/use_prim.iBdelx[0].iBdely[0].need_delay_line.Bdelay/dN.std_srl.shift_reg_reg[0][11]' (FDE) to 'U0/i_synth/xfft_inst/non_floating_point.arch_b.xfft_inst/multichannel.multichannel_datapath[0].datapath/pe/mult_gen.Mult3/i_cmpy/three_mult_structure.use_dsp.i_dsp48/mult1_preadder_d_plus_a.mult1/mult/use_prim.iBdelx[0].iBdely[0].need_delay_line.Bdelay/dN.std_srl.shift_reg_reg[0][12]'
INFO: [Synth 8-3886] merging instance 'U0/i_synth/xfft_inst/non_floating_point.arch_b.xfft_inst/multichannel.multichannel_datapath[0].datapath/pe/mult_gen.Mult3/i_cmpy/three_mult_structure.use_dsp.i_dsp48/mult1_preadder_d_plus_a.mult1/mult/use_prim.iBdelx[0].iBdely[0].need_delay_line.Bdelay/dN.std_srl.shift_reg_reg[0][12]' (FDE) to 'U0/i_synth/xfft_inst/non_floating_point.arch_b.xfft_inst/multichannel.multichannel_datapath[0].datapath/pe/mult_gen.Mult3/i_cmpy/three_mult_structure.use_dsp.i_dsp48/mult1_preadder_d_plus_a.mult1/mult/use_prim.iBdelx[0].iBdely[0].need_delay_line.Bdelay/dN.std_srl.shift_reg_reg[0][13]'
INFO: [Synth 8-3886] merging instance 'U0/i_synth/xfft_inst/non_floating_point.arch_b.xfft_inst/multichannel.multichannel_datapath[0].datapath/pe/mult_gen.Mult3/i_cmpy/three_mult_structure.use_dsp.i_dsp48/mult1_preadder_d_plus_a.mult1/mult/use_prim.iBdelx[0].iBdely[0].need_delay_line.Bdelay/dN.std_srl.shift_reg_reg[0][13]' (FDE) to 'U0/i_synth/xfft_inst/non_floating_point.arch_b.xfft_inst/multichannel.multichannel_datapath[0].datapath/pe/mult_gen.Mult3/i_cmpy/three_mult_structure.use_dsp.i_dsp48/mult1_preadder_d_plus_a.mult1/mult/use_prim.iBdelx[0].iBdely[0].need_delay_line.Bdelay/dN.std_srl.shift_reg_reg[0][14]'
INFO: [Synth 8-3886] merging instance 'U0/i_synth/xfft_inst/non_floating_point.arch_b.xfft_inst/multichannel.multichannel_datapath[0].datapath/pe/mult_gen.Mult3/i_cmpy/three_mult_structure.use_dsp.i_dsp48/mult1_preadder_d_plus_a.mult1/mult/use_prim.iBdelx[0].iBdely[0].need_delay_line.Bdelay/dN.std_srl.shift_reg_reg[0][14]' (FDE) to 'U0/i_synth/xfft_inst/non_floating_point.arch_b.xfft_inst/multichannel.multichannel_datapath[0].datapath/pe/mult_gen.Mult3/i_cmpy/three_mult_structure.use_dsp.i_dsp48/mult1_preadder_d_plus_a.mult1/mult/use_prim.iBdelx[0].iBdely[0].need_delay_line.Bdelay/dN.std_srl.shift_reg_reg[0][15]'
INFO: [Synth 8-3886] merging instance 'U0/i_synth/xfft_inst/non_floating_point.arch_b.xfft_inst/multichannel.multichannel_datapath[0].datapath/pe/mult_gen.Mult3/i_cmpy/three_mult_structure.use_dsp.i_dsp48/mult1_preadder_d_plus_a.mult1/mult/use_prim.iBdelx[0].iBdely[0].need_delay_line.Bdelay/dN.std_srl.shift_reg_reg[0][15]' (FDE) to 'U0/i_synth/xfft_inst/non_floating_point.arch_b.xfft_inst/multichannel.multichannel_datapath[0].datapath/pe/mult_gen.Mult3/i_cmpy/three_mult_structure.use_dsp.i_dsp48/mult1_preadder_d_plus_a.mult1/mult/use_prim.iBdelx[0].iBdely[0].need_delay_line.Bdelay/dN.std_srl.shift_reg_reg[0][16]'
INFO: [Synth 8-3886] merging instance 'U0/i_synth/xfft_inst/non_floating_point.arch_b.xfft_inst/multichannel.multichannel_datapath[0].datapath/pe/mult_gen.Mult3/i_cmpy/three_mult_structure.use_dsp.i_dsp48/mult1_preadder_d_plus_a.mult1/mult/use_prim.iBdelx[0].iBdely[0].need_delay_line.Bdelay/dN.std_srl.shift_reg_reg[0][16]' (FDE) to 'U0/i_synth/xfft_inst/non_floating_point.arch_b.xfft_inst/multichannel.multichannel_datapath[0].datapath/pe/mult_gen.Mult3/i_cmpy/three_mult_structure.use_dsp.i_dsp48/mult1_preadder_d_plus_a.mult1/mult/use_prim.iBdelx[0].iBdely[0].need_delay_line.Bdelay/dN.std_srl.shift_reg_reg[0][17]'
INFO: [Synth 8-3886] merging instance 'U0/i_synth/xfft_inst/non_floating_point.arch_b.xfft_inst/multichannel.multichannel_datapath[0].datapath/pe/mult_gen.Mult1/i_cmpy/three_mult_structure.use_dsp.i_dsp48/dsp_preadder_1.reg_mult1_preadd_d/dN.std_srl.shift_reg_reg[0][8]' (FDE) to 'U0/i_synth/xfft_inst/non_floating_point.arch_b.xfft_inst/multichannel.multichannel_datapath[0].datapath/pe/mult_gen.Mult1/i_cmpy/three_mult_structure.use_dsp.i_dsp48/dsp_preadder_1.reg_mult1_preadd_d/dN.std_srl.shift_reg_reg[0][9]'
INFO: [Synth 8-3886] merging instance 'U0/i_synth/xfft_inst/non_floating_point.arch_b.xfft_inst/multichannel.multichannel_datapath[0].datapath/pe/mult_gen.Mult1/i_cmpy/three_mult_structure.use_dsp.i_dsp48/dsp_preadder_1.reg_mult1_preadd_d/dN.std_srl.shift_reg_reg[0][9]' (FDE) to 'U0/i_synth/xfft_inst/non_floating_point.arch_b.xfft_inst/multichannel.multichannel_datapath[0].datapath/pe/mult_gen.Mult1/i_cmpy/three_mult_structure.use_dsp.i_dsp48/dsp_preadder_1.reg_mult1_preadd_d/dN.std_srl.shift_reg_reg[0][10]'
INFO: [Synth 8-3886] merging instance 'U0/i_synth/xfft_inst/non_floating_point.arch_b.xfft_inst/multichannel.multichannel_datapath[0].datapath/pe/mult_gen.Mult1/i_cmpy/three_mult_structure.use_dsp.i_dsp48/dsp_preadder_1.reg_mult1_preadd_d/dN.std_srl.shift_reg_reg[0][10]' (FDE) to 'U0/i_synth/xfft_inst/non_floating_point.arch_b.xfft_inst/multichannel.multichannel_datapath[0].datapath/pe/mult_gen.Mult1/i_cmpy/three_mult_structure.use_dsp.i_dsp48/dsp_preadder_1.reg_mult1_preadd_d/dN.std_srl.shift_reg_reg[0][11]'
INFO: [Synth 8-3886] merging instance 'U0/i_synth/xfft_inst/non_floating_point.arch_b.xfft_inst/multichannel.multichannel_datapath[0].datapath/pe/mult_gen.Mult1/i_cmpy/three_mult_structure.use_dsp.i_dsp48/dsp_preadder_1.reg_mult1_preadd_d/dN.std_srl.shift_reg_reg[0][11]' (FDE) to 'U0/i_synth/xfft_inst/non_floating_point.arch_b.xfft_inst/multichannel.multichannel_datapath[0].datapath/pe/mult_gen.Mult1/i_cmpy/three_mult_structure.use_dsp.i_dsp48/dsp_preadder_1.reg_mult1_preadd_d/dN.std_srl.shift_reg_reg[0][12]'
INFO: [Synth 8-3886] merging instance 'U0/i_synth/xfft_inst/non_floating_point.arch_b.xfft_inst/multichannel.multichannel_datapath[0].datapath/pe/mult_gen.Mult1/i_cmpy/three_mult_structure.use_dsp.i_dsp48/dsp_preadder_1.reg_mult1_preadd_d/dN.std_srl.shift_reg_reg[0][12]' (FDE) to 'U0/i_synth/xfft_inst/non_floating_point.arch_b.xfft_inst/multichannel.multichannel_datapath[0].datapath/pe/mult_gen.Mult1/i_cmpy/three_mult_structure.use_dsp.i_dsp48/dsp_preadder_1.reg_mult1_preadd_d/dN.std_srl.shift_reg_reg[0][13]'
INFO: [Synth 8-3886] merging instance 'U0/i_synth/xfft_inst/non_floating_point.arch_b.xfft_inst/multichannel.multichannel_datapath[0].datapath/pe/mult_gen.Mult1/i_cmpy/three_mult_structure.use_dsp.i_dsp48/dsp_preadder_1.reg_mult1_preadd_d/dN.std_srl.shift_reg_reg[0][13]' (FDE) to 'U0/i_synth/xfft_inst/non_floating_point.arch_b.xfft_inst/multichannel.multichannel_datapath[0].datapath/pe/mult_gen.Mult1/i_cmpy/three_mult_structure.use_dsp.i_dsp48/dsp_preadder_1.reg_mult1_preadd_d/dN.std_srl.shift_reg_reg[0][14]'
INFO: [Synth 8-3886] merging instance 'U0/i_synth/xfft_inst/non_floating_point.arch_b.xfft_inst/multichannel.multichannel_datapath[0].datapath/pe/mult_gen.Mult1/i_cmpy/three_mult_structure.use_dsp.i_dsp48/dsp_preadder_1.reg_mult1_preadd_d/dN.std_srl.shift_reg_reg[0][14]' (FDE) to 'U0/i_synth/xfft_inst/non_floating_point.arch_b.xfft_inst/multichannel.multichannel_datapath[0].datapath/pe/mult_gen.Mult1/i_cmpy/three_mult_structure.use_dsp.i_dsp48/dsp_preadder_1.reg_mult1_preadd_d/dN.std_srl.shift_reg_reg[0][15]'
INFO: [Synth 8-3886] merging instance 'U0/i_synth/xfft_inst/non_floating_point.arch_b.xfft_inst/multichannel.multichannel_datapath[0].datapath/pe/mult_gen.Mult1/i_cmpy/three_mult_structure.use_dsp.i_dsp48/dsp_preadder_1.reg_mult1_preadd_d/dN.std_srl.shift_reg_reg[0][15]' (FDE) to 'U0/i_synth/xfft_inst/non_floating_point.arch_b.xfft_inst/multichannel.multichannel_datapath[0].datapath/pe/mult_gen.Mult1/i_cmpy/three_mult_structure.use_dsp.i_dsp48/dsp_preadder_1.reg_mult1_preadd_d/dN.std_srl.shift_reg_reg[0][16]'
INFO: [Synth 8-3886] merging instance 'U0/i_synth/xfft_inst/non_floating_point.arch_b.xfft_inst/multichannel.multichannel_datapath[0].datapath/pe/mult_gen.Mult1/i_cmpy/three_mult_structure.use_dsp.i_dsp48/dsp_preadder_1.reg_mult1_preadd_d/dN.std_srl.shift_reg_reg[0][16]' (FDE) to 'U0/i_synth/xfft_inst/non_floating_point.arch_b.xfft_inst/multichannel.multichannel_datapath[0].datapath/pe/mult_gen.Mult1/i_cmpy/three_mult_structure.use_dsp.i_dsp48/dsp_preadder_1.reg_mult1_preadd_d/dN.std_srl.shift_reg_reg[0][17]'
INFO: [Synth 8-3886] merging instance 'U0/i_synth/xfft_inst/non_floating_point.arch_b.xfft_inst/multichannel.multichannel_datapath[0].datapath/pe/mult_gen.Mult1/i_cmpy/three_mult_structure.use_dsp.i_dsp48/dsp_preadder_1.reg_mult1_preadd_d/dN.std_srl.shift_reg_reg[0][17]' (FDE) to 'U0/i_synth/xfft_inst/non_floating_point.arch_b.xfft_inst/multichannel.multichannel_datapath[0].datapath/pe/mult_gen.Mult1/i_cmpy/three_mult_structure.use_dsp.i_dsp48/dsp_preadder_1.reg_mult1_preadd_d/dN.std_srl.shift_reg_reg[0][18]'
INFO: [Synth 8-3886] merging instance 'U0/i_synth/xfft_inst/non_floating_point.arch_b.xfft_inst/multichannel.multichannel_datapath[0].datapath/pe/mult_gen.Mult1/i_cmpy/three_mult_structure.use_dsp.i_dsp48/dsp_preadder_1.reg_mult1_preadd_d/dN.std_srl.shift_reg_reg[0][18]' (FDE) to 'U0/i_synth/xfft_inst/non_floating_point.arch_b.xfft_inst/multichannel.multichannel_datapath[0].datapath/pe/mult_gen.Mult1/i_cmpy/three_mult_structure.use_dsp.i_dsp48/dsp_preadder_1.reg_mult1_preadd_d/dN.std_srl.shift_reg_reg[0][19]'
INFO: [Synth 8-3886] merging instance 'U0/i_synth/xfft_inst/non_floating_point.arch_b.xfft_inst/multichannel.multichannel_datapath[0].datapath/pe/mult_gen.Mult1/i_cmpy/three_mult_structure.use_dsp.i_dsp48/dsp_preadder_1.reg_mult1_preadd_d/dN.std_srl.shift_reg_reg[0][19]' (FDE) to 'U0/i_synth/xfft_inst/non_floating_point.arch_b.xfft_inst/multichannel.multichannel_datapath[0].datapath/pe/mult_gen.Mult1/i_cmpy/three_mult_structure.use_dsp.i_dsp48/dsp_preadder_1.reg_mult1_preadd_d/dN.std_srl.shift_reg_reg[0][20]'
INFO: [Synth 8-3886] merging instance 'U0/i_synth/xfft_inst/non_floating_point.arch_b.xfft_inst/multichannel.multichannel_datapath[0].datapath/pe/mult_gen.Mult1/i_cmpy/three_mult_structure.use_dsp.i_dsp48/dsp_preadder_1.reg_mult1_preadd_d/dN.std_srl.shift_reg_reg[0][20]' (FDE) to 'U0/i_synth/xfft_inst/non_floating_point.arch_b.xfft_inst/multichannel.multichannel_datapath[0].datapath/pe/mult_gen.Mult1/i_cmpy/three_mult_structure.use_dsp.i_dsp48/dsp_preadder_1.reg_mult1_preadd_d/dN.std_srl.shift_reg_reg[0][21]'
INFO: [Synth 8-3886] merging instance 'U0/i_synth/xfft_inst/non_floating_point.arch_b.xfft_inst/multichannel.multichannel_datapath[0].datapath/pe/mult_gen.Mult1/i_cmpy/three_mult_structure.use_dsp.i_dsp48/dsp_preadder_1.reg_mult1_preadd_d/dN.std_srl.shift_reg_reg[0][21]' (FDE) to 'U0/i_synth/xfft_inst/non_floating_point.arch_b.xfft_inst/multichannel.multichannel_datapath[0].datapath/pe/mult_gen.Mult1/i_cmpy/three_mult_structure.use_dsp.i_dsp48/dsp_preadder_1.reg_mult1_preadd_d/dN.std_srl.shift_reg_reg[0][22]'
INFO: [Synth 8-3886] merging instance 'U0/i_synth/xfft_inst/non_floating_point.arch_b.xfft_inst/multichannel.multichannel_datapath[0].datapath/pe/mult_gen.Mult1/i_cmpy/three_mult_structure.use_dsp.i_dsp48/dsp_preadder_1.reg_mult1_preadd_d/dN.std_srl.shift_reg_reg[0][22]' (FDE) to 'U0/i_synth/xfft_inst/non_floating_point.arch_b.xfft_inst/multichannel.multichannel_datapath[0].datapath/pe/mult_gen.Mult1/i_cmpy/three_mult_structure.use_dsp.i_dsp48/dsp_preadder_1.reg_mult1_preadd_d/dN.std_srl.shift_reg_reg[0][23]'
INFO: [Synth 8-3886] merging instance 'U0/i_synth/xfft_inst/non_floating_point.arch_b.xfft_inst/multichannel.multichannel_datapath[0].datapath/pe/mult_gen.Mult1/i_cmpy/three_mult_structure.use_dsp.i_dsp48/dsp_preadder_1.reg_mult1_preadd_d/dN.std_srl.shift_reg_reg[0][23]' (FDE) to 'U0/i_synth/xfft_inst/non_floating_point.arch_b.xfft_inst/multichannel.multichannel_datapath[0].datapath/pe/mult_gen.Mult1/i_cmpy/three_mult_structure.use_dsp.i_dsp48/dsp_preadder_1.reg_mult1_preadd_d/dN.std_srl.shift_reg_reg[0][24]'
INFO: [Synth 8-3886] merging instance 'U0/i_synth/xfft_inst/non_floating_point.arch_b.xfft_inst/multichannel.multichannel_datapath[0].datapath/pe/mult_gen.Mult1/i_cmpy/three_mult_structure.use_dsp.i_dsp48/mult1_preadder_d_plus_a.mult1/mult/use_prim.iBdelx[0].iBdely[0].need_delay_line.Bdelay/dN.std_srl.shift_reg_reg[0][9]' (FDE) to 'U0/i_synth/xfft_inst/non_floating_point.arch_b.xfft_inst/multichannel.multichannel_datapath[0].datapath/pe/mult_gen.Mult1/i_cmpy/three_mult_structure.use_dsp.i_dsp48/mult1_preadder_d_plus_a.mult1/mult/use_prim.iBdelx[0].iBdely[0].need_delay_line.Bdelay/dN.std_srl.shift_reg_reg[0][10]'
INFO: [Synth 8-3886] merging instance 'U0/i_synth/xfft_inst/non_floating_point.arch_b.xfft_inst/multichannel.multichannel_datapath[0].datapath/pe/mult_gen.Mult1/i_cmpy/three_mult_structure.use_dsp.i_dsp48/mult1_preadder_d_plus_a.mult1/mult/use_prim.iBdelx[0].iBdely[0].need_delay_line.Bdelay/dN.std_srl.shift_reg_reg[0][10]' (FDE) to 'U0/i_synth/xfft_inst/non_floating_point.arch_b.xfft_inst/multichannel.multichannel_datapath[0].datapath/pe/mult_gen.Mult1/i_cmpy/three_mult_structure.use_dsp.i_dsp48/mult1_preadder_d_plus_a.mult1/mult/use_prim.iBdelx[0].iBdely[0].need_delay_line.Bdelay/dN.std_srl.shift_reg_reg[0][11]'
INFO: [Synth 8-3886] merging instance 'U0/i_synth/xfft_inst/non_floating_point.arch_b.xfft_inst/multichannel.multichannel_datapath[0].datapath/pe/mult_gen.Mult1/i_cmpy/three_mult_structure.use_dsp.i_dsp48/mult1_preadder_d_plus_a.mult1/mult/use_prim.iBdelx[0].iBdely[0].need_delay_line.Bdelay/dN.std_srl.shift_reg_reg[0][11]' (FDE) to 'U0/i_synth/xfft_inst/non_floating_point.arch_b.xfft_inst/multichannel.multichannel_datapath[0].datapath/pe/mult_gen.Mult1/i_cmpy/three_mult_structure.use_dsp.i_dsp48/mult1_preadder_d_plus_a.mult1/mult/use_prim.iBdelx[0].iBdely[0].need_delay_line.Bdelay/dN.std_srl.shift_reg_reg[0][12]'
INFO: [Synth 8-3886] merging instance 'U0/i_synth/xfft_inst/non_floating_point.arch_b.xfft_inst/multichannel.multichannel_datapath[0].datapath/pe/mult_gen.Mult1/i_cmpy/three_mult_structure.use_dsp.i_dsp48/mult1_preadder_d_plus_a.mult1/mult/use_prim.iBdelx[0].iBdely[0].need_delay_line.Bdelay/dN.std_srl.shift_reg_reg[0][12]' (FDE) to 'U0/i_synth/xfft_inst/non_floating_point.arch_b.xfft_inst/multichannel.multichannel_datapath[0].datapath/pe/mult_gen.Mult1/i_cmpy/three_mult_structure.use_dsp.i_dsp48/mult1_preadder_d_plus_a.mult1/mult/use_prim.iBdelx[0].iBdely[0].need_delay_line.Bdelay/dN.std_srl.shift_reg_reg[0][13]'
INFO: [Synth 8-3886] merging instance 'U0/i_synth/xfft_inst/non_floating_point.arch_b.xfft_inst/multichannel.multichannel_datapath[0].datapath/pe/mult_gen.Mult1/i_cmpy/three_mult_structure.use_dsp.i_dsp48/mult1_preadder_d_plus_a.mult1/mult/use_prim.iBdelx[0].iBdely[0].need_delay_line.Bdelay/dN.std_srl.shift_reg_reg[0][13]' (FDE) to 'U0/i_synth/xfft_inst/non_floating_point.arch_b.xfft_inst/multichannel.multichannel_datapath[0].datapath/pe/mult_gen.Mult1/i_cmpy/three_mult_structure.use_dsp.i_dsp48/mult1_preadder_d_plus_a.mult1/mult/use_prim.iBdelx[0].iBdely[0].need_delay_line.Bdelay/dN.std_srl.shift_reg_reg[0][14]'
INFO: [Synth 8-3886] merging instance 'U0/i_synth/xfft_inst/non_floating_point.arch_b.xfft_inst/multichannel.multichannel_datapath[0].datapath/pe/mult_gen.Mult1/i_cmpy/three_mult_structure.use_dsp.i_dsp48/mult1_preadder_d_plus_a.mult1/mult/use_prim.iBdelx[0].iBdely[0].need_delay_line.Bdelay/dN.std_srl.shift_reg_reg[0][14]' (FDE) to 'U0/i_synth/xfft_inst/non_floating_point.arch_b.xfft_inst/multichannel.multichannel_datapath[0].datapath/pe/mult_gen.Mult1/i_cmpy/three_mult_structure.use_dsp.i_dsp48/mult1_preadder_d_plus_a.mult1/mult/use_prim.iBdelx[0].iBdely[0].need_delay_line.Bdelay/dN.std_srl.shift_reg_reg[0][15]'
INFO: [Synth 8-3886] merging instance 'U0/i_synth/xfft_inst/non_floating_point.arch_b.xfft_inst/multichannel.multichannel_datapath[0].datapath/pe/mult_gen.Mult1/i_cmpy/three_mult_structure.use_dsp.i_dsp48/mult1_preadder_d_plus_a.mult1/mult/use_prim.iBdelx[0].iBdely[0].need_delay_line.Bdelay/dN.std_srl.shift_reg_reg[0][15]' (FDE) to 'U0/i_synth/xfft_inst/non_floating_point.arch_b.xfft_inst/multichannel.multichannel_datapath[0].datapath/pe/mult_gen.Mult1/i_cmpy/three_mult_structure.use_dsp.i_dsp48/mult1_preadder_d_plus_a.mult1/mult/use_prim.iBdelx[0].iBdely[0].need_delay_line.Bdelay/dN.std_srl.shift_reg_reg[0][16]'
INFO: [Synth 8-3886] merging instance 'U0/i_synth/xfft_inst/non_floating_point.arch_b.xfft_inst/multichannel.multichannel_datapath[0].datapath/pe/mult_gen.Mult1/i_cmpy/three_mult_structure.use_dsp.i_dsp48/mult1_preadder_d_plus_a.mult1/mult/use_prim.iBdelx[0].iBdely[0].need_delay_line.Bdelay/dN.std_srl.shift_reg_reg[0][16]' (FDE) to 'U0/i_synth/xfft_inst/non_floating_point.arch_b.xfft_inst/multichannel.multichannel_datapath[0].datapath/pe/mult_gen.Mult1/i_cmpy/three_mult_structure.use_dsp.i_dsp48/mult1_preadder_d_plus_a.mult1/mult/use_prim.iBdelx[0].iBdely[0].need_delay_line.Bdelay/dN.std_srl.shift_reg_reg[0][17]'
INFO: [Synth 8-3886] merging instance 'U0/i_synth/xfft_inst/non_floating_point.arch_b.xfft_inst/multichannel.multichannel_datapath[0].datapath/pe/mult_gen.Mult3/i_cmpy/three_mult_structure.use_dsp.i_dsp48/dsp_preadder_1.reg_mult1_preadd_d/dN.std_srl.shift_reg_reg[0][8]' (FDE) to 'U0/i_synth/xfft_inst/non_floating_point.arch_b.xfft_inst/multichannel.multichannel_datapath[0].datapath/pe/mult_gen.Mult3/i_cmpy/three_mult_structure.use_dsp.i_dsp48/dsp_preadder_1.reg_mult1_preadd_d/dN.std_srl.shift_reg_reg[0][9]'
INFO: [Synth 8-3886] merging instance 'U0/i_synth/xfft_inst/non_floating_point.arch_b.xfft_inst/multichannel.multichannel_datapath[0].datapath/pe/mult_gen.Mult3/i_cmpy/three_mult_structure.use_dsp.i_dsp48/dsp_preadder_1.reg_mult1_preadd_d/dN.std_srl.shift_reg_reg[0][9]' (FDE) to 'U0/i_synth/xfft_inst/non_floating_point.arch_b.xfft_inst/multichannel.multichannel_datapath[0].datapath/pe/mult_gen.Mult3/i_cmpy/three_mult_structure.use_dsp.i_dsp48/dsp_preadder_1.reg_mult1_preadd_d/dN.std_srl.shift_reg_reg[0][10]'
INFO: [Synth 8-3886] merging instance 'U0/i_synth/xfft_inst/non_floating_point.arch_b.xfft_inst/multichannel.multichannel_datapath[0].datapath/pe/mult_gen.Mult3/i_cmpy/three_mult_structure.use_dsp.i_dsp48/dsp_preadder_1.reg_mult1_preadd_d/dN.std_srl.shift_reg_reg[0][10]' (FDE) to 'U0/i_synth/xfft_inst/non_floating_point.arch_b.xfft_inst/multichannel.multichannel_datapath[0].datapath/pe/mult_gen.Mult3/i_cmpy/three_mult_structure.use_dsp.i_dsp48/dsp_preadder_1.reg_mult1_preadd_d/dN.std_srl.shift_reg_reg[0][11]'
INFO: [Synth 8-3886] merging instance 'U0/i_synth/xfft_inst/non_floating_point.arch_b.xfft_inst/multichannel.multichannel_datapath[0].datapath/pe/mult_gen.Mult3/i_cmpy/three_mult_structure.use_dsp.i_dsp48/dsp_preadder_1.reg_mult1_preadd_d/dN.std_srl.shift_reg_reg[0][11]' (FDE) to 'U0/i_synth/xfft_inst/non_floating_point.arch_b.xfft_inst/multichannel.multichannel_datapath[0].datapath/pe/mult_gen.Mult3/i_cmpy/three_mult_structure.use_dsp.i_dsp48/dsp_preadder_1.reg_mult1_preadd_d/dN.std_srl.shift_reg_reg[0][12]'
INFO: [Synth 8-3886] merging instance 'U0/i_synth/xfft_inst/non_floating_point.arch_b.xfft_inst/multichannel.multichannel_datapath[0].datapath/pe/mult_gen.Mult3/i_cmpy/three_mult_structure.use_dsp.i_dsp48/dsp_preadder_1.reg_mult1_preadd_d/dN.std_srl.shift_reg_reg[0][12]' (FDE) to 'U0/i_synth/xfft_inst/non_floating_point.arch_b.xfft_inst/multichannel.multichannel_datapath[0].datapath/pe/mult_gen.Mult3/i_cmpy/three_mult_structure.use_dsp.i_dsp48/dsp_preadder_1.reg_mult1_preadd_d/dN.std_srl.shift_reg_reg[0][13]'
INFO: [Synth 8-3886] merging instance 'U0/i_synth/xfft_inst/non_floating_point.arch_b.xfft_inst/multichannel.multichannel_datapath[0].datapath/pe/mult_gen.Mult3/i_cmpy/three_mult_structure.use_dsp.i_dsp48/dsp_preadder_1.reg_mult1_preadd_d/dN.std_srl.shift_reg_reg[0][13]' (FDE) to 'U0/i_synth/xfft_inst/non_floating_point.arch_b.xfft_inst/multichannel.multichannel_datapath[0].datapath/pe/mult_gen.Mult3/i_cmpy/three_mult_structure.use_dsp.i_dsp48/dsp_preadder_1.reg_mult1_preadd_d/dN.std_srl.shift_reg_reg[0][14]'
INFO: [Synth 8-3886] merging instance 'U0/i_synth/xfft_inst/non_floating_point.arch_b.xfft_inst/multichannel.multichannel_datapath[0].datapath/pe/mult_gen.Mult3/i_cmpy/three_mult_structure.use_dsp.i_dsp48/dsp_preadder_1.reg_mult1_preadd_d/dN.std_srl.shift_reg_reg[0][14]' (FDE) to 'U0/i_synth/xfft_inst/non_floating_point.arch_b.xfft_inst/multichannel.multichannel_datapath[0].datapath/pe/mult_gen.Mult3/i_cmpy/three_mult_structure.use_dsp.i_dsp48/dsp_preadder_1.reg_mult1_preadd_d/dN.std_srl.shift_reg_reg[0][15]'
INFO: [Synth 8-3886] merging instance 'U0/i_synth/xfft_inst/non_floating_point.arch_b.xfft_inst/multichannel.multichannel_datapath[0].datapath/pe/mult_gen.Mult3/i_cmpy/three_mult_structure.use_dsp.i_dsp48/dsp_preadder_1.reg_mult1_preadd_d/dN.std_srl.shift_reg_reg[0][15]' (FDE) to 'U0/i_synth/xfft_inst/non_floating_point.arch_b.xfft_inst/multichannel.multichannel_datapath[0].datapath/pe/mult_gen.Mult3/i_cmpy/three_mult_structure.use_dsp.i_dsp48/dsp_preadder_1.reg_mult1_preadd_d/dN.std_srl.shift_reg_reg[0][16]'
INFO: [Synth 8-3886] merging instance 'U0/i_synth/xfft_inst/non_floating_point.arch_b.xfft_inst/multichannel.multichannel_datapath[0].datapath/pe/mult_gen.Mult3/i_cmpy/three_mult_structure.use_dsp.i_dsp48/dsp_preadder_1.reg_mult1_preadd_d/dN.std_srl.shift_reg_reg[0][16]' (FDE) to 'U0/i_synth/xfft_inst/non_floating_point.arch_b.xfft_inst/multichannel.multichannel_datapath[0].datapath/pe/mult_gen.Mult3/i_cmpy/three_mult_structure.use_dsp.i_dsp48/dsp_preadder_1.reg_mult1_preadd_d/dN.std_srl.shift_reg_reg[0][17]'
INFO: [Synth 8-3886] merging instance 'U0/i_synth/xfft_inst/non_floating_point.arch_b.xfft_inst/multichannel.multichannel_datapath[0].datapath/pe/mult_gen.Mult3/i_cmpy/three_mult_structure.use_dsp.i_dsp48/dsp_preadder_1.reg_mult1_preadd_d/dN.std_srl.shift_reg_reg[0][17]' (FDE) to 'U0/i_synth/xfft_inst/non_floating_point.arch_b.xfft_inst/multichannel.multichannel_datapath[0].datapath/pe/mult_gen.Mult3/i_cmpy/three_mult_structure.use_dsp.i_dsp48/dsp_preadder_1.reg_mult1_preadd_d/dN.std_srl.shift_reg_reg[0][18]'
INFO: [Synth 8-3886] merging instance 'U0/i_synth/xfft_inst/non_floating_point.arch_b.xfft_inst/multichannel.multichannel_datapath[0].datapath/pe/mult_gen.Mult3/i_cmpy/three_mult_structure.use_dsp.i_dsp48/dsp_preadder_1.reg_mult1_preadd_d/dN.std_srl.shift_reg_reg[0][18]' (FDE) to 'U0/i_synth/xfft_inst/non_floating_point.arch_b.xfft_inst/multichannel.multichannel_datapath[0].datapath/pe/mult_gen.Mult3/i_cmpy/three_mult_structure.use_dsp.i_dsp48/dsp_preadder_1.reg_mult1_preadd_d/dN.std_srl.shift_reg_reg[0][19]'
INFO: [Synth 8-3886] merging instance 'U0/i_synth/xfft_inst/non_floating_point.arch_b.xfft_inst/multichannel.multichannel_datapath[0].datapath/pe/mult_gen.Mult3/i_cmpy/three_mult_structure.use_dsp.i_dsp48/dsp_preadder_1.reg_mult1_preadd_d/dN.std_srl.shift_reg_reg[0][19]' (FDE) to 'U0/i_synth/xfft_inst/non_floating_point.arch_b.xfft_inst/multichannel.multichannel_datapath[0].datapath/pe/mult_gen.Mult3/i_cmpy/three_mult_structure.use_dsp.i_dsp48/dsp_preadder_1.reg_mult1_preadd_d/dN.std_srl.shift_reg_reg[0][20]'
INFO: [Synth 8-3886] merging instance 'U0/i_synth/xfft_inst/non_floating_point.arch_b.xfft_inst/multichannel.multichannel_datapath[0].datapath/pe/mult_gen.Mult3/i_cmpy/three_mult_structure.use_dsp.i_dsp48/dsp_preadder_1.reg_mult1_preadd_d/dN.std_srl.shift_reg_reg[0][20]' (FDE) to 'U0/i_synth/xfft_inst/non_floating_point.arch_b.xfft_inst/multichannel.multichannel_datapath[0].datapath/pe/mult_gen.Mult3/i_cmpy/three_mult_structure.use_dsp.i_dsp48/dsp_preadder_1.reg_mult1_preadd_d/dN.std_srl.shift_reg_reg[0][21]'
INFO: [Synth 8-3886] merging instance 'U0/i_synth/xfft_inst/non_floating_point.arch_b.xfft_inst/multichannel.multichannel_datapath[0].datapath/pe/mult_gen.Mult3/i_cmpy/three_mult_structure.use_dsp.i_dsp48/dsp_preadder_1.reg_mult1_preadd_d/dN.std_srl.shift_reg_reg[0][21]' (FDE) to 'U0/i_synth/xfft_inst/non_floating_point.arch_b.xfft_inst/multichannel.multichannel_datapath[0].datapath/pe/mult_gen.Mult3/i_cmpy/three_mult_structure.use_dsp.i_dsp48/dsp_preadder_1.reg_mult1_preadd_d/dN.std_srl.shift_reg_reg[0][22]'
INFO: [Synth 8-3886] merging instance 'U0/i_synth/xfft_inst/non_floating_point.arch_b.xfft_inst/multichannel.multichannel_datapath[0].datapath/pe/mult_gen.Mult3/i_cmpy/three_mult_structure.use_dsp.i_dsp48/dsp_preadder_1.reg_mult1_preadd_d/dN.std_srl.shift_reg_reg[0][22]' (FDE) to 'U0/i_synth/xfft_inst/non_floating_point.arch_b.xfft_inst/multichannel.multichannel_datapath[0].datapath/pe/mult_gen.Mult3/i_cmpy/three_mult_structure.use_dsp.i_dsp48/dsp_preadder_1.reg_mult1_preadd_d/dN.std_srl.shift_reg_reg[0][23]'
INFO: [Synth 8-3886] merging instance 'U0/i_synth/xfft_inst/non_floating_point.arch_b.xfft_inst/multichannel.multichannel_datapath[0].datapath/pe/mult_gen.Mult3/i_cmpy/three_mult_structure.use_dsp.i_dsp48/dsp_preadder_1.reg_mult1_preadd_d/dN.std_srl.shift_reg_reg[0][23]' (FDE) to 'U0/i_synth/xfft_inst/non_floating_point.arch_b.xfft_inst/multichannel.multichannel_datapath[0].datapath/pe/mult_gen.Mult3/i_cmpy/three_mult_structure.use_dsp.i_dsp48/dsp_preadder_1.reg_mult1_preadd_d/dN.std_srl.shift_reg_reg[0][24]'
INFO: [Synth 8-3886] merging instance 'U0/i_synth/xfft_inst/non_floating_point.arch_b.xfft_inst/multichannel.multichannel_datapath[0].datapath/pe/mult_gen.Mult3/i_cmpy/three_mult_structure.use_dsp.i_dsp48/mult3_preadder_d_minus_a.mult3/mult/use_prim.iBdelx[0].iBdely[0].need_delay_line.Bdelay/dN.std_srl.shift_reg_reg[0][9]' (FDE) to 'U0/i_synth/xfft_inst/non_floating_point.arch_b.xfft_inst/multichannel.multichannel_datapath[0].datapath/pe/mult_gen.Mult3/i_cmpy/three_mult_structure.use_dsp.i_dsp48/mult3_preadder_d_minus_a.mult3/mult/use_prim.iBdelx[0].iBdely[0].need_delay_line.Bdelay/dN.std_srl.shift_reg_reg[0][10]'
INFO: [Synth 8-3886] merging instance 'U0/i_synth/xfft_inst/non_floating_point.arch_b.xfft_inst/multichannel.multichannel_datapath[0].datapath/pe/mult_gen.Mult3/i_cmpy/three_mult_structure.use_dsp.i_dsp48/mult3_preadder_d_minus_a.mult3/mult/use_prim.iBdelx[0].iBdely[0].need_delay_line.Bdelay/dN.std_srl.shift_reg_reg[0][10]' (FDE) to 'U0/i_synth/xfft_inst/non_floating_point.arch_b.xfft_inst/multichannel.multichannel_datapath[0].datapath/pe/mult_gen.Mult3/i_cmpy/three_mult_structure.use_dsp.i_dsp48/mult3_preadder_d_minus_a.mult3/mult/use_prim.iBdelx[0].iBdely[0].need_delay_line.Bdelay/dN.std_srl.shift_reg_reg[0][11]'
INFO: [Synth 8-3886] merging instance 'U0/i_synth/xfft_inst/non_floating_point.arch_b.xfft_inst/multichannel.multichannel_datapath[0].datapath/pe/mult_gen.Mult3/i_cmpy/three_mult_structure.use_dsp.i_dsp48/mult3_preadder_d_minus_a.mult3/mult/use_prim.iBdelx[0].iBdely[0].need_delay_line.Bdelay/dN.std_srl.shift_reg_reg[0][11]' (FDE) to 'U0/i_synth/xfft_inst/non_floating_point.arch_b.xfft_inst/multichannel.multichannel_datapath[0].datapath/pe/mult_gen.Mult3/i_cmpy/three_mult_structure.use_dsp.i_dsp48/mult3_preadder_d_minus_a.mult3/mult/use_prim.iBdelx[0].iBdely[0].need_delay_line.Bdelay/dN.std_srl.shift_reg_reg[0][12]'
INFO: [Synth 8-3886] merging instance 'U0/i_synth/xfft_inst/non_floating_point.arch_b.xfft_inst/multichannel.multichannel_datapath[0].datapath/pe/mult_gen.Mult3/i_cmpy/three_mult_structure.use_dsp.i_dsp48/mult3_preadder_d_minus_a.mult3/mult/use_prim.iBdelx[0].iBdely[0].need_delay_line.Bdelay/dN.std_srl.shift_reg_reg[0][12]' (FDE) to 'U0/i_synth/xfft_inst/non_floating_point.arch_b.xfft_inst/multichannel.multichannel_datapath[0].datapath/pe/mult_gen.Mult3/i_cmpy/three_mult_structure.use_dsp.i_dsp48/mult3_preadder_d_minus_a.mult3/mult/use_prim.iBdelx[0].iBdely[0].need_delay_line.Bdelay/dN.std_srl.shift_reg_reg[0][13]'
INFO: [Synth 8-3886] merging instance 'U0/i_synth/xfft_inst/non_floating_point.arch_b.xfft_inst/multichannel.multichannel_datapath[0].datapath/pe/mult_gen.Mult3/i_cmpy/three_mult_structure.use_dsp.i_dsp48/mult3_preadder_d_minus_a.mult3/mult/use_prim.iBdelx[0].iBdely[0].need_delay_line.Bdelay/dN.std_srl.shift_reg_reg[0][13]' (FDE) to 'U0/i_synth/xfft_inst/non_floating_point.arch_b.xfft_inst/multichannel.multichannel_datapath[0].datapath/pe/mult_gen.Mult3/i_cmpy/three_mult_structure.use_dsp.i_dsp48/mult3_preadder_d_minus_a.mult3/mult/use_prim.iBdelx[0].iBdely[0].need_delay_line.Bdelay/dN.std_srl.shift_reg_reg[0][14]'
INFO: [Synth 8-3886] merging instance 'U0/i_synth/xfft_inst/non_floating_point.arch_b.xfft_inst/multichannel.multichannel_datapath[0].datapath/pe/mult_gen.Mult3/i_cmpy/three_mult_structure.use_dsp.i_dsp48/mult3_preadder_d_minus_a.mult3/mult/use_prim.iBdelx[0].iBdely[0].need_delay_line.Bdelay/dN.std_srl.shift_reg_reg[0][14]' (FDE) to 'U0/i_synth/xfft_inst/non_floating_point.arch_b.xfft_inst/multichannel.multichannel_datapath[0].datapath/pe/mult_gen.Mult3/i_cmpy/three_mult_structure.use_dsp.i_dsp48/mult3_preadder_d_minus_a.mult3/mult/use_prim.iBdelx[0].iBdely[0].need_delay_line.Bdelay/dN.std_srl.shift_reg_reg[0][15]'
INFO: [Synth 8-3886] merging instance 'U0/i_synth/xfft_inst/non_floating_point.arch_b.xfft_inst/multichannel.multichannel_datapath[0].datapath/pe/mult_gen.Mult3/i_cmpy/three_mult_structure.use_dsp.i_dsp48/mult3_preadder_d_minus_a.mult3/mult/use_prim.iBdelx[0].iBdely[0].need_delay_line.Bdelay/dN.std_srl.shift_reg_reg[0][15]' (FDE) to 'U0/i_synth/xfft_inst/non_floating_point.arch_b.xfft_inst/multichannel.multichannel_datapath[0].datapath/pe/mult_gen.Mult3/i_cmpy/three_mult_structure.use_dsp.i_dsp48/mult3_preadder_d_minus_a.mult3/mult/use_prim.iBdelx[0].iBdely[0].need_delay_line.Bdelay/dN.std_srl.shift_reg_reg[0][16]'
INFO: [Synth 8-3886] merging instance 'U0/i_synth/xfft_inst/non_floating_point.arch_b.xfft_inst/multichannel.multichannel_datapath[0].datapath/pe/mult_gen.Mult3/i_cmpy/three_mult_structure.use_dsp.i_dsp48/mult3_preadder_d_minus_a.mult3/mult/use_prim.iBdelx[0].iBdely[0].need_delay_line.Bdelay/dN.std_srl.shift_reg_reg[0][16]' (FDE) to 'U0/i_synth/xfft_inst/non_floating_point.arch_b.xfft_inst/multichannel.multichannel_datapath[0].datapath/pe/mult_gen.Mult3/i_cmpy/three_mult_structure.use_dsp.i_dsp48/mult3_preadder_d_minus_a.mult3/mult/use_prim.iBdelx[0].iBdely[0].need_delay_line.Bdelay/dN.std_srl.shift_reg_reg[0][17]'
INFO: [Synth 8-3886] merging instance 'U0/i_synth/xfft_inst/non_floating_point.arch_b.xfft_inst/multichannel.multichannel_datapath[0].datapath/pe/mult_gen.Mult2/i_cmpy/three_mult_structure.use_dsp.i_dsp48/dsp_preadder_1.reg_mult1_preadd_d/dN.std_srl.shift_reg_reg[0][8]' (FDE) to 'U0/i_synth/xfft_inst/non_floating_point.arch_b.xfft_inst/multichannel.multichannel_datapath[0].datapath/pe/mult_gen.Mult2/i_cmpy/three_mult_structure.use_dsp.i_dsp48/dsp_preadder_1.reg_mult1_preadd_d/dN.std_srl.shift_reg_reg[0][9]'
INFO: [Synth 8-3886] merging instance 'U0/i_synth/xfft_inst/non_floating_point.arch_b.xfft_inst/multichannel.multichannel_datapath[0].datapath/pe/mult_gen.Mult2/i_cmpy/three_mult_structure.use_dsp.i_dsp48/dsp_preadder_1.reg_mult1_preadd_d/dN.std_srl.shift_reg_reg[0][9]' (FDE) to 'U0/i_synth/xfft_inst/non_floating_point.arch_b.xfft_inst/multichannel.multichannel_datapath[0].datapath/pe/mult_gen.Mult2/i_cmpy/three_mult_structure.use_dsp.i_dsp48/dsp_preadder_1.reg_mult1_preadd_d/dN.std_srl.shift_reg_reg[0][10]'
INFO: [Synth 8-3886] merging instance 'U0/i_synth/xfft_inst/non_floating_point.arch_b.xfft_inst/multichannel.multichannel_datapath[0].datapath/pe/mult_gen.Mult2/i_cmpy/three_mult_structure.use_dsp.i_dsp48/dsp_preadder_1.reg_mult1_preadd_d/dN.std_srl.shift_reg_reg[0][10]' (FDE) to 'U0/i_synth/xfft_inst/non_floating_point.arch_b.xfft_inst/multichannel.multichannel_datapath[0].datapath/pe/mult_gen.Mult2/i_cmpy/three_mult_structure.use_dsp.i_dsp48/dsp_preadder_1.reg_mult1_preadd_d/dN.std_srl.shift_reg_reg[0][11]'
INFO: [Synth 8-3886] merging instance 'U0/i_synth/xfft_inst/non_floating_point.arch_b.xfft_inst/multichannel.multichannel_datapath[0].datapath/pe/mult_gen.Mult2/i_cmpy/three_mult_structure.use_dsp.i_dsp48/dsp_preadder_1.reg_mult1_preadd_d/dN.std_srl.shift_reg_reg[0][11]' (FDE) to 'U0/i_synth/xfft_inst/non_floating_point.arch_b.xfft_inst/multichannel.multichannel_datapath[0].datapath/pe/mult_gen.Mult2/i_cmpy/three_mult_structure.use_dsp.i_dsp48/dsp_preadder_1.reg_mult1_preadd_d/dN.std_srl.shift_reg_reg[0][12]'
INFO: [Synth 8-3886] merging instance 'U0/i_synth/xfft_inst/non_floating_point.arch_b.xfft_inst/multichannel.multichannel_datapath[0].datapath/pe/mult_gen.Mult2/i_cmpy/three_mult_structure.use_dsp.i_dsp48/dsp_preadder_1.reg_mult1_preadd_d/dN.std_srl.shift_reg_reg[0][12]' (FDE) to 'U0/i_synth/xfft_inst/non_floating_point.arch_b.xfft_inst/multichannel.multichannel_datapath[0].datapath/pe/mult_gen.Mult2/i_cmpy/three_mult_structure.use_dsp.i_dsp48/dsp_preadder_1.reg_mult1_preadd_d/dN.std_srl.shift_reg_reg[0][13]'
INFO: [Synth 8-3886] merging instance 'U0/i_synth/xfft_inst/non_floating_point.arch_b.xfft_inst/multichannel.multichannel_datapath[0].datapath/pe/mult_gen.Mult2/i_cmpy/three_mult_structure.use_dsp.i_dsp48/dsp_preadder_1.reg_mult1_preadd_d/dN.std_srl.shift_reg_reg[0][13]' (FDE) to 'U0/i_synth/xfft_inst/non_floating_point.arch_b.xfft_inst/multichannel.multichannel_datapath[0].datapath/pe/mult_gen.Mult2/i_cmpy/three_mult_structure.use_dsp.i_dsp48/dsp_preadder_1.reg_mult1_preadd_d/dN.std_srl.shift_reg_reg[0][14]'
INFO: [Synth 8-3886] merging instance 'U0/i_synth/xfft_inst/non_floating_point.arch_b.xfft_inst/multichannel.multichannel_datapath[0].datapath/pe/mult_gen.Mult2/i_cmpy/three_mult_structure.use_dsp.i_dsp48/dsp_preadder_1.reg_mult1_preadd_d/dN.std_srl.shift_reg_reg[0][14]' (FDE) to 'U0/i_synth/xfft_inst/non_floating_point.arch_b.xfft_inst/multichannel.multichannel_datapath[0].datapath/pe/mult_gen.Mult2/i_cmpy/three_mult_structure.use_dsp.i_dsp48/dsp_preadder_1.reg_mult1_preadd_d/dN.std_srl.shift_reg_reg[0][15]'
INFO: [Synth 8-3886] merging instance 'U0/i_synth/xfft_inst/non_floating_point.arch_b.xfft_inst/multichannel.multichannel_datapath[0].datapath/pe/mult_gen.Mult2/i_cmpy/three_mult_structure.use_dsp.i_dsp48/dsp_preadder_1.reg_mult1_preadd_d/dN.std_srl.shift_reg_reg[0][15]' (FDE) to 'U0/i_synth/xfft_inst/non_floating_point.arch_b.xfft_inst/multichannel.multichannel_datapath[0].datapath/pe/mult_gen.Mult2/i_cmpy/three_mult_structure.use_dsp.i_dsp48/dsp_preadder_1.reg_mult1_preadd_d/dN.std_srl.shift_reg_reg[0][16]'
INFO: [Synth 8-3886] merging instance 'U0/i_synth/xfft_inst/non_floating_point.arch_b.xfft_inst/multichannel.multichannel_datapath[0].datapath/pe/mult_gen.Mult2/i_cmpy/three_mult_structure.use_dsp.i_dsp48/dsp_preadder_1.reg_mult1_preadd_d/dN.std_srl.shift_reg_reg[0][16]' (FDE) to 'U0/i_synth/xfft_inst/non_floating_point.arch_b.xfft_inst/multichannel.multichannel_datapath[0].datapath/pe/mult_gen.Mult2/i_cmpy/three_mult_structure.use_dsp.i_dsp48/dsp_preadder_1.reg_mult1_preadd_d/dN.std_srl.shift_reg_reg[0][17]'
INFO: [Synth 8-3886] merging instance 'U0/i_synth/xfft_inst/non_floating_point.arch_b.xfft_inst/multichannel.multichannel_datapath[0].datapath/pe/mult_gen.Mult2/i_cmpy/three_mult_structure.use_dsp.i_dsp48/dsp_preadder_1.reg_mult1_preadd_d/dN.std_srl.shift_reg_reg[0][17]' (FDE) to 'U0/i_synth/xfft_inst/non_floating_point.arch_b.xfft_inst/multichannel.multichannel_datapath[0].datapath/pe/mult_gen.Mult2/i_cmpy/three_mult_structure.use_dsp.i_dsp48/dsp_preadder_1.reg_mult1_preadd_d/dN.std_srl.shift_reg_reg[0][18]'
INFO: [Synth 8-3886] merging instance 'U0/i_synth/xfft_inst/non_floating_point.arch_b.xfft_inst/multichannel.multichannel_datapath[0].datapath/pe/mult_gen.Mult2/i_cmpy/three_mult_structure.use_dsp.i_dsp48/dsp_preadder_1.reg_mult1_preadd_d/dN.std_srl.shift_reg_reg[0][18]' (FDE) to 'U0/i_synth/xfft_inst/non_floating_point.arch_b.xfft_inst/multichannel.multichannel_datapath[0].datapath/pe/mult_gen.Mult2/i_cmpy/three_mult_structure.use_dsp.i_dsp48/dsp_preadder_1.reg_mult1_preadd_d/dN.std_srl.shift_reg_reg[0][19]'
INFO: [Synth 8-3886] merging instance 'U0/i_synth/xfft_inst/non_floating_point.arch_b.xfft_inst/multichannel.multichannel_datapath[0].datapath/pe/mult_gen.Mult2/i_cmpy/three_mult_structure.use_dsp.i_dsp48/dsp_preadder_1.reg_mult1_preadd_d/dN.std_srl.shift_reg_reg[0][19]' (FDE) to 'U0/i_synth/xfft_inst/non_floating_point.arch_b.xfft_inst/multichannel.multichannel_datapath[0].datapath/pe/mult_gen.Mult2/i_cmpy/three_mult_structure.use_dsp.i_dsp48/dsp_preadder_1.reg_mult1_preadd_d/dN.std_srl.shift_reg_reg[0][20]'
INFO: [Synth 8-3886] merging instance 'U0/i_synth/xfft_inst/non_floating_point.arch_b.xfft_inst/multichannel.multichannel_datapath[0].datapath/pe/mult_gen.Mult2/i_cmpy/three_mult_structure.use_dsp.i_dsp48/dsp_preadder_1.reg_mult1_preadd_d/dN.std_srl.shift_reg_reg[0][20]' (FDE) to 'U0/i_synth/xfft_inst/non_floating_point.arch_b.xfft_inst/multichannel.multichannel_datapath[0].datapath/pe/mult_gen.Mult2/i_cmpy/three_mult_structure.use_dsp.i_dsp48/dsp_preadder_1.reg_mult1_preadd_d/dN.std_srl.shift_reg_reg[0][21]'
INFO: [Synth 8-3886] merging instance 'U0/i_synth/xfft_inst/non_floating_point.arch_b.xfft_inst/multichannel.multichannel_datapath[0].datapath/pe/mult_gen.Mult2/i_cmpy/three_mult_structure.use_dsp.i_dsp48/dsp_preadder_1.reg_mult1_preadd_d/dN.std_srl.shift_reg_reg[0][21]' (FDE) to 'U0/i_synth/xfft_inst/non_floating_point.arch_b.xfft_inst/multichannel.multichannel_datapath[0].datapath/pe/mult_gen.Mult2/i_cmpy/three_mult_structure.use_dsp.i_dsp48/dsp_preadder_1.reg_mult1_preadd_d/dN.std_srl.shift_reg_reg[0][22]'
INFO: [Synth 8-3886] merging instance 'U0/i_synth/xfft_inst/non_floating_point.arch_b.xfft_inst/multichannel.multichannel_datapath[0].datapath/pe/mult_gen.Mult2/i_cmpy/three_mult_structure.use_dsp.i_dsp48/dsp_preadder_1.reg_mult1_preadd_d/dN.std_srl.shift_reg_reg[0][22]' (FDE) to 'U0/i_synth/xfft_inst/non_floating_point.arch_b.xfft_inst/multichannel.multichannel_datapath[0].datapath/pe/mult_gen.Mult2/i_cmpy/three_mult_structure.use_dsp.i_dsp48/dsp_preadder_1.reg_mult1_preadd_d/dN.std_srl.shift_reg_reg[0][23]'
INFO: [Synth 8-3886] merging instance 'U0/i_synth/xfft_inst/non_floating_point.arch_b.xfft_inst/multichannel.multichannel_datapath[0].datapath/pe/mult_gen.Mult2/i_cmpy/three_mult_structure.use_dsp.i_dsp48/dsp_preadder_1.reg_mult1_preadd_d/dN.std_srl.shift_reg_reg[0][23]' (FDE) to 'U0/i_synth/xfft_inst/non_floating_point.arch_b.xfft_inst/multichannel.multichannel_datapath[0].datapath/pe/mult_gen.Mult2/i_cmpy/three_mult_structure.use_dsp.i_dsp48/dsp_preadder_1.reg_mult1_preadd_d/dN.std_srl.shift_reg_reg[0][24]'
INFO: [Synth 8-3886] merging instance 'U0/i_synth/xfft_inst/non_floating_point.arch_b.xfft_inst/multichannel.multichannel_datapath[0].datapath/pe/mult_gen.Mult2/i_cmpy/three_mult_structure.use_dsp.i_dsp48/mult3_preadder_d_minus_a.mult3/mult/use_prim.iBdelx[0].iBdely[0].need_delay_line.Bdelay/dN.std_srl.shift_reg_reg[0][9]' (FDE) to 'U0/i_synth/xfft_inst/non_floating_point.arch_b.xfft_inst/multichannel.multichannel_datapath[0].datapath/pe/mult_gen.Mult2/i_cmpy/three_mult_structure.use_dsp.i_dsp48/mult3_preadder_d_minus_a.mult3/mult/use_prim.iBdelx[0].iBdely[0].need_delay_line.Bdelay/dN.std_srl.shift_reg_reg[0][10]'
INFO: [Synth 8-3886] merging instance 'U0/i_synth/xfft_inst/non_floating_point.arch_b.xfft_inst/multichannel.multichannel_datapath[0].datapath/pe/mult_gen.Mult2/i_cmpy/three_mult_structure.use_dsp.i_dsp48/mult3_preadder_d_minus_a.mult3/mult/use_prim.iBdelx[0].iBdely[0].need_delay_line.Bdelay/dN.std_srl.shift_reg_reg[0][10]' (FDE) to 'U0/i_synth/xfft_inst/non_floating_point.arch_b.xfft_inst/multichannel.multichannel_datapath[0].datapath/pe/mult_gen.Mult2/i_cmpy/three_mult_structure.use_dsp.i_dsp48/mult3_preadder_d_minus_a.mult3/mult/use_prim.iBdelx[0].iBdely[0].need_delay_line.Bdelay/dN.std_srl.shift_reg_reg[0][11]'
INFO: [Synth 8-3886] merging instance 'U0/i_synth/xfft_inst/non_floating_point.arch_b.xfft_inst/multichannel.multichannel_datapath[0].datapath/pe/mult_gen.Mult2/i_cmpy/three_mult_structure.use_dsp.i_dsp48/mult3_preadder_d_minus_a.mult3/mult/use_prim.iBdelx[0].iBdely[0].need_delay_line.Bdelay/dN.std_srl.shift_reg_reg[0][11]' (FDE) to 'U0/i_synth/xfft_inst/non_floating_point.arch_b.xfft_inst/multichannel.multichannel_datapath[0].datapath/pe/mult_gen.Mult2/i_cmpy/three_mult_structure.use_dsp.i_dsp48/mult3_preadder_d_minus_a.mult3/mult/use_prim.iBdelx[0].iBdely[0].need_delay_line.Bdelay/dN.std_srl.shift_reg_reg[0][12]'
INFO: [Synth 8-3886] merging instance 'U0/i_synth/xfft_inst/non_floating_point.arch_b.xfft_inst/multichannel.multichannel_datapath[0].datapath/pe/mult_gen.Mult2/i_cmpy/three_mult_structure.use_dsp.i_dsp48/mult3_preadder_d_minus_a.mult3/mult/use_prim.iBdelx[0].iBdely[0].need_delay_line.Bdelay/dN.std_srl.shift_reg_reg[0][12]' (FDE) to 'U0/i_synth/xfft_inst/non_floating_point.arch_b.xfft_inst/multichannel.multichannel_datapath[0].datapath/pe/mult_gen.Mult2/i_cmpy/three_mult_structure.use_dsp.i_dsp48/mult3_preadder_d_minus_a.mult3/mult/use_prim.iBdelx[0].iBdely[0].need_delay_line.Bdelay/dN.std_srl.shift_reg_reg[0][13]'
INFO: [Synth 8-3886] merging instance 'U0/i_synth/xfft_inst/non_floating_point.arch_b.xfft_inst/multichannel.multichannel_datapath[0].datapath/pe/mult_gen.Mult2/i_cmpy/three_mult_structure.use_dsp.i_dsp48/mult3_preadder_d_minus_a.mult3/mult/use_prim.iBdelx[0].iBdely[0].need_delay_line.Bdelay/dN.std_srl.shift_reg_reg[0][13]' (FDE) to 'U0/i_synth/xfft_inst/non_floating_point.arch_b.xfft_inst/multichannel.multichannel_datapath[0].datapath/pe/mult_gen.Mult2/i_cmpy/three_mult_structure.use_dsp.i_dsp48/mult3_preadder_d_minus_a.mult3/mult/use_prim.iBdelx[0].iBdely[0].need_delay_line.Bdelay/dN.std_srl.shift_reg_reg[0][14]'
INFO: [Synth 8-3886] merging instance 'U0/i_synth/xfft_inst/non_floating_point.arch_b.xfft_inst/multichannel.multichannel_datapath[0].datapath/pe/mult_gen.Mult2/i_cmpy/three_mult_structure.use_dsp.i_dsp48/mult3_preadder_d_minus_a.mult3/mult/use_prim.iBdelx[0].iBdely[0].need_delay_line.Bdelay/dN.std_srl.shift_reg_reg[0][14]' (FDE) to 'U0/i_synth/xfft_inst/non_floating_point.arch_b.xfft_inst/multichannel.multichannel_datapath[0].datapath/pe/mult_gen.Mult2/i_cmpy/three_mult_structure.use_dsp.i_dsp48/mult3_preadder_d_minus_a.mult3/mult/use_prim.iBdelx[0].iBdely[0].need_delay_line.Bdelay/dN.std_srl.shift_reg_reg[0][15]'
INFO: [Synth 8-3886] merging instance 'U0/i_synth/xfft_inst/non_floating_point.arch_b.xfft_inst/multichannel.multichannel_datapath[0].datapath/pe/mult_gen.Mult2/i_cmpy/three_mult_structure.use_dsp.i_dsp48/mult3_preadder_d_minus_a.mult3/mult/use_prim.iBdelx[0].iBdely[0].need_delay_line.Bdelay/dN.std_srl.shift_reg_reg[0][15]' (FDE) to 'U0/i_synth/xfft_inst/non_floating_point.arch_b.xfft_inst/multichannel.multichannel_datapath[0].datapath/pe/mult_gen.Mult2/i_cmpy/three_mult_structure.use_dsp.i_dsp48/mult3_preadder_d_minus_a.mult3/mult/use_prim.iBdelx[0].iBdely[0].need_delay_line.Bdelay/dN.std_srl.shift_reg_reg[0][16]'
INFO: [Synth 8-3886] merging instance 'U0/i_synth/xfft_inst/non_floating_point.arch_b.xfft_inst/multichannel.multichannel_datapath[0].datapath/pe/mult_gen.Mult2/i_cmpy/three_mult_structure.use_dsp.i_dsp48/mult3_preadder_d_minus_a.mult3/mult/use_prim.iBdelx[0].iBdely[0].need_delay_line.Bdelay/dN.std_srl.shift_reg_reg[0][16]' (FDE) to 'U0/i_synth/xfft_inst/non_floating_point.arch_b.xfft_inst/multichannel.multichannel_datapath[0].datapath/pe/mult_gen.Mult2/i_cmpy/three_mult_structure.use_dsp.i_dsp48/mult3_preadder_d_minus_a.mult3/mult/use_prim.iBdelx[0].iBdely[0].need_delay_line.Bdelay/dN.std_srl.shift_reg_reg[0][17]'
INFO: [Synth 8-3886] merging instance 'U0/i_synth/xfft_inst/non_floating_point.arch_b.xfft_inst/multichannel.multichannel_datapath[1].datapath/pe/mult_gen.Mult1/i_cmpy/three_mult_structure.use_dsp.i_dsp48/mult3_preadder_d_minus_a.mult3/mult/use_prim.iBdelx[0].iBdely[0].need_delay_line.Bdelay/dN.std_srl.shift_reg_reg[0][9]' (FDE) to 'U0/i_synth/xfft_inst/non_floating_point.arch_b.xfft_inst/multichannel.multichannel_datapath[1].datapath/pe/mult_gen.Mult1/i_cmpy/three_mult_structure.use_dsp.i_dsp48/mult3_preadder_d_minus_a.mult3/mult/use_prim.iBdelx[0].iBdely[0].need_delay_line.Bdelay/dN.std_srl.shift_reg_reg[0][10]'
INFO: [Synth 8-3886] merging instance 'U0/i_synth/xfft_inst/non_floating_point.arch_b.xfft_inst/multichannel.multichannel_datapath[1].datapath/pe/mult_gen.Mult1/i_cmpy/three_mult_structure.use_dsp.i_dsp48/mult3_preadder_d_minus_a.mult3/mult/use_prim.iBdelx[0].iBdely[0].need_delay_line.Bdelay/dN.std_srl.shift_reg_reg[0][10]' (FDE) to 'U0/i_synth/xfft_inst/non_floating_point.arch_b.xfft_inst/multichannel.multichannel_datapath[1].datapath/pe/mult_gen.Mult1/i_cmpy/three_mult_structure.use_dsp.i_dsp48/mult3_preadder_d_minus_a.mult3/mult/use_prim.iBdelx[0].iBdely[0].need_delay_line.Bdelay/dN.std_srl.shift_reg_reg[0][11]'
INFO: [Synth 8-3886] merging instance 'U0/i_synth/xfft_inst/non_floating_point.arch_b.xfft_inst/multichannel.multichannel_datapath[1].datapath/pe/mult_gen.Mult1/i_cmpy/three_mult_structure.use_dsp.i_dsp48/mult3_preadder_d_minus_a.mult3/mult/use_prim.iBdelx[0].iBdely[0].need_delay_line.Bdelay/dN.std_srl.shift_reg_reg[0][11]' (FDE) to 'U0/i_synth/xfft_inst/non_floating_point.arch_b.xfft_inst/multichannel.multichannel_datapath[1].datapath/pe/mult_gen.Mult1/i_cmpy/three_mult_structure.use_dsp.i_dsp48/mult3_preadder_d_minus_a.mult3/mult/use_prim.iBdelx[0].iBdely[0].need_delay_line.Bdelay/dN.std_srl.shift_reg_reg[0][12]'
INFO: [Synth 8-3886] merging instance 'U0/i_synth/xfft_inst/non_floating_point.arch_b.xfft_inst/multichannel.multichannel_datapath[1].datapath/pe/mult_gen.Mult1/i_cmpy/three_mult_structure.use_dsp.i_dsp48/mult3_preadder_d_minus_a.mult3/mult/use_prim.iBdelx[0].iBdely[0].need_delay_line.Bdelay/dN.std_srl.shift_reg_reg[0][12]' (FDE) to 'U0/i_synth/xfft_inst/non_floating_point.arch_b.xfft_inst/multichannel.multichannel_datapath[1].datapath/pe/mult_gen.Mult1/i_cmpy/three_mult_structure.use_dsp.i_dsp48/mult3_preadder_d_minus_a.mult3/mult/use_prim.iBdelx[0].iBdely[0].need_delay_line.Bdelay/dN.std_srl.shift_reg_reg[0][13]'
INFO: [Common 17-14] Message 'Synth 8-3886' appears 100 times and further instances of the messages will be disabled. Use the Tcl command set_msg_config to change the current settings.
INFO: [Synth 8-3333] propagating constant 0 across sequential element (U0/i_synth/\xfft_inst/non_floating_point.arch_b.xfft_inst/control/processing_address_generator/n1.n_128_d_reg[0] )
INFO: [Synth 8-3333] propagating constant 0 across sequential element (U0/i_synth/\xfft_inst/non_floating_point.arch_b.xfft_inst/control/control/max_rank_flops[2].max_rank_ff )
INFO: [Synth 8-3333] propagating constant 0 across sequential element (U0/i_synth/\xfft_inst/non_floating_point.arch_b.xfft_inst/control/control/load_state_s_1_reg )
INFO: [Synth 8-3333] propagating constant 0 across sequential element (U0/i_synth/\xfft_inst/non_floating_point.arch_b.xfft_inst/control/twiddle_address_generator/N_MAX_P2.p2/pre_tw2_d_reg[0] )
INFO: [Synth 8-3333] propagating constant 0 across sequential element (U0/i_synth/\xfft_inst/non_floating_point.arch_b.xfft_inst/control/processing_address_generator/n1.n_128_reg_reg[0] )
INFO: [Synth 8-3333] propagating constant 0 across sequential element (U0/i_synth/\xfft_inst/non_floating_point.arch_b.xfft_inst/control/twiddle_address_generator/N_MAX_P2.p2/TW2_ADDR_reg[0] )
INFO: [Synth 8-3333] propagating constant 0 across sequential element (U0/i_synth/\xfft_inst/non_floating_point.arch_b.xfft_inst/control/processing_address_generator/n1.n_128_reg2_reg[0] )
---------------------------------------------------------------------------------
Finished Cross Boundary and Area Optimization : Time (s): cpu = 00:00:25 ; elapsed = 00:01:04 . Memory (MB): peak = 1482.754 ; gain = 911.273
---------------------------------------------------------------------------------
INFO: [Synth 8-6837] The timing for the instance U0/i_synth/xfft_inst/non_floating_point.arch_b.xfft_inst/i_/xfft_inst/non_floating_point.arch_b.xfft_inst/control/twiddle_generator1/tw0.twgen0/sin_pre_read_reg (implemented as a Block RAM) might be sub-optimal as no optional output register could be merged into the block ram. Providing additional output register may help in improving timing.
INFO: [Synth 8-6837] The timing for the instance U0/i_synth/xfft_inst/non_floating_point.arch_b.xfft_inst/i___0/xfft_inst/non_floating_point.arch_b.xfft_inst/control/twiddle_generator1/tw0.twgen0/cos_pre_read_reg (implemented as a Block RAM) might be sub-optimal as no optional output register could be merged into the block ram. Providing additional output register may help in improving timing.
INFO: [Synth 8-6837] The timing for the instance U0/i_synth/xfft_inst/non_floating_point.arch_b.xfft_inst/i___1/xfft_inst/non_floating_point.arch_b.xfft_inst/control/twiddle_generator2/tw0.twgen0/sin_pre_read_reg (implemented as a Block RAM) might be sub-optimal as no optional output register could be merged into the block ram. Providing additional output register may help in improving timing.
INFO: [Synth 8-6837] The timing for the instance U0/i_synth/xfft_inst/non_floating_point.arch_b.xfft_inst/i___2/xfft_inst/non_floating_point.arch_b.xfft_inst/control/twiddle_generator2/tw0.twgen0/cos_pre_read_reg (implemented as a Block RAM) might be sub-optimal as no optional output register could be merged into the block ram. Providing additional output register may help in improving timing.
INFO: [Synth 8-6837] The timing for the instance U0/i_synth/xfft_inst/non_floating_point.arch_b.xfft_inst/i___3/xfft_inst/non_floating_point.arch_b.xfft_inst/control/twiddle_generator3/tw0.twgen0/sin_pre_read_reg (implemented as a Block RAM) might be sub-optimal as no optional output register could be merged into the block ram. Providing additional output register may help in improving timing.
INFO: [Synth 8-6837] The timing for the instance U0/i_synth/xfft_inst/non_floating_point.arch_b.xfft_inst/i___4/xfft_inst/non_floating_point.arch_b.xfft_inst/control/twiddle_generator3/tw0.twgen0/cos_pre_read_reg (implemented as a Block RAM) might be sub-optimal as no optional output register could be merged into the block ram. Providing additional output register may help in improving timing.

Report RTL Partitions: 
+-+--------------+------------+----------+
| |RTL Partition |Replication |Instances |
+-+--------------+------------+----------+
+-+--------------+------------+----------+
---------------------------------------------------------------------------------
Start Applying XDC Timing Constraints
---------------------------------------------------------------------------------
---------------------------------------------------------------------------------
Finished Applying XDC Timing Constraints : Time (s): cpu = 00:00:29 ; elapsed = 00:01:12 . Memory (MB): peak = 1482.754 ; gain = 911.273
---------------------------------------------------------------------------------
---------------------------------------------------------------------------------
Start Timing Optimization
---------------------------------------------------------------------------------
---------------------------------------------------------------------------------
Finished Timing Optimization : Time (s): cpu = 00:00:30 ; elapsed = 00:01:14 . Memory (MB): peak = 1482.754 ; gain = 911.273
---------------------------------------------------------------------------------

Report RTL Partitions: 
+-+--------------+------------+----------+
| |RTL Partition |Replication |Instances |
+-+--------------+------------+----------+
+-+--------------+------------+----------+
---------------------------------------------------------------------------------
Start Technology Mapping
---------------------------------------------------------------------------------
---------------------------------------------------------------------------------
Finished Technology Mapping : Time (s): cpu = 00:00:31 ; elapsed = 00:01:17 . Memory (MB): peak = 1482.754 ; gain = 911.273
---------------------------------------------------------------------------------

Report RTL Partitions: 
+-+--------------+------------+----------+
| |RTL Partition |Replication |Instances |
+-+--------------+------------+----------+
+-+--------------+------------+----------+
---------------------------------------------------------------------------------
Start IO Insertion
---------------------------------------------------------------------------------
---------------------------------------------------------------------------------
Start Flattening Before IO Insertion
---------------------------------------------------------------------------------
---------------------------------------------------------------------------------
Finished Flattening Before IO Insertion
---------------------------------------------------------------------------------
---------------------------------------------------------------------------------
Start Final Netlist Cleanup
---------------------------------------------------------------------------------
INFO: [Synth 8-6064] Net ce_w2c is driving 348 big block pins (URAM, BRAM and DSP loads). Created 36 replicas of its driver. 
INFO: [Synth 8-5778] max_fanout handling on net ce_w2c is sub-optimal because some of its loads are not in same hierarchy as its driver   
---------------------------------------------------------------------------------
Finished Final Netlist Cleanup
---------------------------------------------------------------------------------
---------------------------------------------------------------------------------
Finished IO Insertion : Time (s): cpu = 00:00:32 ; elapsed = 00:01:19 . Memory (MB): peak = 1482.754 ; gain = 911.273
---------------------------------------------------------------------------------

Report Check Netlist: 
+------+------------------+-------+---------+-------+------------------+
|      |Item              |Errors |Warnings |Status |Description       |
+------+------------------+-------+---------+-------+------------------+
|1     |multi_driven_nets |      0|        0|Passed |Multi driven nets |
+------+------------------+-------+---------+-------+------------------+
---------------------------------------------------------------------------------
Start Renaming Generated Instances
---------------------------------------------------------------------------------
---------------------------------------------------------------------------------
Finished Renaming Generated Instances : Time (s): cpu = 00:00:32 ; elapsed = 00:01:19 . Memory (MB): peak = 1482.754 ; gain = 911.273
---------------------------------------------------------------------------------

Report RTL Partitions: 
+-+--------------+------------+----------+
| |RTL Partition |Replication |Instances |
+-+--------------+------------+----------+
+-+--------------+------------+----------+
---------------------------------------------------------------------------------
Start Rebuilding User Hierarchy
---------------------------------------------------------------------------------
---------------------------------------------------------------------------------
Finished Rebuilding User Hierarchy : Time (s): cpu = 00:00:32 ; elapsed = 00:01:20 . Memory (MB): peak = 1482.754 ; gain = 911.273
---------------------------------------------------------------------------------
---------------------------------------------------------------------------------
Start Renaming Generated Ports
---------------------------------------------------------------------------------
---------------------------------------------------------------------------------
Finished Renaming Generated Ports : Time (s): cpu = 00:00:32 ; elapsed = 00:01:20 . Memory (MB): peak = 1482.754 ; gain = 911.273
---------------------------------------------------------------------------------
---------------------------------------------------------------------------------
Start Handling Custom Attributes
---------------------------------------------------------------------------------
---------------------------------------------------------------------------------
Finished Handling Custom Attributes : Time (s): cpu = 00:00:32 ; elapsed = 00:01:21 . Memory (MB): peak = 1482.754 ; gain = 911.273
---------------------------------------------------------------------------------
---------------------------------------------------------------------------------
Start Renaming Generated Nets
---------------------------------------------------------------------------------
---------------------------------------------------------------------------------
Finished Renaming Generated Nets : Time (s): cpu = 00:00:32 ; elapsed = 00:01:21 . Memory (MB): peak = 1482.754 ; gain = 911.273
---------------------------------------------------------------------------------
---------------------------------------------------------------------------------
Start Writing Synthesis Report
---------------------------------------------------------------------------------

Report BlackBoxes: 
+-+--------------+----------+
| |BlackBox name |Instances |
+-+--------------+----------+
+-+--------------+----------+

Report Cell Usage: 
+------+-----------+------+
|      |Cell       |Count |
+------+-----------+------+
|1     |DSP48E1    |    24|
|2     |DSP48E1_1  |    12|
|3     |LUT1       |    52|
|4     |LUT2       |   825|
|5     |LUT3       |  1045|
|6     |LUT4       |   191|
|7     |LUT5       |   110|
|8     |LUT6       |  1471|
|9     |MUXCY      |  1227|
|10    |MUXF7      |     7|
|11    |RAMB18E1_1 |    16|
|12    |RAMB18E1_2 |     3|
|13    |SRL16E     |  1015|
|14    |SRLC32E    |    37|
|15    |XORCY      |  1292|
|16    |FDE        |   301|
|17    |FDRE       |  5544|
|18    |FDSE       |    39|
+------+-----------+------+
---------------------------------------------------------------------------------
Finished Writing Synthesis Report : Time (s): cpu = 00:00:32 ; elapsed = 00:01:21 . Memory (MB): peak = 1482.754 ; gain = 911.273
---------------------------------------------------------------------------------
Synthesis finished with 0 errors, 0 critical warnings and 1372 warnings.
Synthesis Optimization Runtime : Time (s): cpu = 00:00:14 ; elapsed = 00:01:15 . Memory (MB): peak = 1482.754 ; gain = 911.273
Synthesis Optimization Complete : Time (s): cpu = 00:00:32 ; elapsed = 00:01:21 . Memory (MB): peak = 1482.754 ; gain = 911.273
INFO: [Project 1-571] Translating synthesized netlist
INFO: [Netlist 29-17] Analyzing 2882 Unisim elements for replacement
INFO: [Netlist 29-28] Unisim Transformation completed in 0 CPU seconds
INFO: [Project 1-570] Preparing netlist for logic optimization
INFO: [Opt 31-138] Pushed 0 inverter(s) to 0 load pin(s).
Netlist sorting complete. Time (s): cpu = 00:00:00 ; elapsed = 00:00:00.008 . Memory (MB): peak = 1482.754 ; gain = 0.000
INFO: [Project 1-111] Unisim Transformation Summary:
  A total of 701 instances were transformed.
  (MUXCY,XORCY) => CARRY4: 400 instances
  FDE => FDRE: 301 instances

INFO: [Common 17-83] Releasing license: Synthesis
240 Infos, 100 Warnings, 0 Critical Warnings and 0 Errors encountered.
synth_design completed successfully
synth_design: Time (s): cpu = 00:00:36 ; elapsed = 00:01:29 . Memory (MB): peak = 1482.754 ; gain = 1170.566
INFO: [Coretcl 2-1174] Renamed 1290 cell refs.
Netlist sorting complete. Time (s): cpu = 00:00:00 ; elapsed = 00:00:00.010 . Memory (MB): peak = 1482.754 ; gain = 0.000
WARNING: [Constraints 18-5210] No constraints selected for write.
Resolution: This message can indicate that there are no constraints for the design, or it can indicate that the used_in flags are set such that the constraints are ignored. This later case is used when running synth_design to not write synthesis constraints to the resulting checkpoint. Instead, project constraints are read when the synthesized design is opened.
INFO: [Common 17-1381] The checkpoint 'F:/AD/experiment/ad9280_ethernet/adc_ethernet.runs/fft_ls_synth_1/fft_ls.dcp' has been generated.
INFO: [runtcl-4] Executing : report_utilization -file fft_ls_utilization_synth.rpt -pb fft_ls_utilization_synth.pb
INFO: [Common 17-206] Exiting Vivado at Thu Apr 10 10:43:07 2025...
